song_id,Song,Artist,Position,Last Week,Peak,Weeks on Chart,Week,Year,Decade,Month
65,PASS THE DUTCHIE,MUSICAL YOUTH,65,LW:RE,1,13,1983-01-02,1983,1980,1
75,LET'S GO TO BED,THE CURE,75,LW:RE,44,5,1983-01-02,1983,1980,1
90,CAROLINE (LIVE AT THE N.E.C.),STATUS QUO,90,LW:RE,13,8,1983-01-02,1983,1980,1
91,THE LOOK OF LOVE,ABC,91,LW:RE,4,12,1983-01-02,1983,1980,1
94,CRY BOY CRY,BLUE ZOO,94,LW:RE,13,11,1983-01-02,1983,1980,1
95,DO IT TO THE MUSIC,RAW SILK,95,LW:RE,18,10,1983-01-02,1983,1980,1
96,OUT ON THE FLOOR,DOBIE GRAY,96,LW:RE,42,5,1983-01-02,1983,1980,1
97,LET ME GO,HEAVEN 17,97,LW:RE,41,7,1983-01-02,1983,1980,1
98,OOH LA LA LA (LET'S GO DANCIN'),KOOL AND THE GANG,98,LW:RE,6,10,1983-01-02,1983,1980,1
99,"ANNIE, I'M NOT YOUR DADDY",KID CREOLE AND THE COCONUTS,99,LW:RE,2,9,1983-01-02,1983,1980,1
111,WALKING ON SUNSHINE FT DONNIE CALVIN,ROCKER'S REVENGE FEATURING DONNIE CALVIN,80,LW:RE,4,14,1983-01-09,1983,1980,1
116,UNCERTAIN SMILE,THE THE,92,LW:RE,68,4,1983-01-09,1983,1980,1
117,COME ON EILEEN,DEXY'S MIDNIGHT RUNNERS WITH THE EMERALD EXPRESS,93,LW:RE,1,18,1983-01-09,1983,1980,1
121,LOVE IS A STRANGER,EURYTHMICS,98,LW:RE,54,6,1983-01-09,1983,1980,1
137,DAVID WATTS/'A' BOMB IN WARDOUR STET {1983},THE JAM,64,LW:RE,25,12,1983-01-16,1983,1980,1
145,START {1983},JAM,87,LW:RE,1,9,1983-01-16,1983,1980,1
165,JAILHOUSE ROCK,ELVIS PRESLEY,51,LW:RE,1,15,1983-01-30,1983,1980,1
167,ETON RIFLES {1983},THE JAM,59,LW:RE,59,2,1983-01-30,1983,1980,1
144,START {1983},THE JAM,62,LW:RE,1,10,1983-01-30,1983,1980,1
175,THE BITTEST PILL (I EVER HAD TO SWALLOW),THE JAM,87,LW:RE,2,8,1983-01-30,1983,1980,1
156,JOHNNY MEMBER ME,METEORS,80,LW:RE,77,3,1983-02-13,1983,1980,2
175,THE BITTEST PILL (I EVER HAD TO SWALLOW),THE JAM,97,LW:RE,2,9,1983-02-13,1983,1980,2
96,OUT ON THE FLOOR,DOBIE GRAY,99,LW:RE,42,6,1983-02-20,1983,1980,2
114,CHRISTIAN,CHINA CRISIS,89,LW:RE,12,11,1983-03-27,1983,1980,3
318,MARKET SQUA HEROES {1983},MARILLION,90,LW:RE,60,3,1983-03-27,1983,1980,3
285,JE T'AIME (MOI NON PLUS),VICIOUS PINK PHENOMENA,98,LW:RE,93,2,1983-03-27,1983,1980,3
329,LOVE IS A STRANGER {1984},EURYTHMICS,49,LW:RE,49,7,1983-04-03,1983,1980,4
287,THE MIGHTY HANDS OF LOVE,ANIMAL NIGHTLIFE,92,LW:RE,92,3,1983-04-10,1983,1980,4
6,TIME (CLOCK OF THE HEART),CULTURE CLUB,94,LW:RE,3,13,1983-04-10,1983,1980,4
229,MIDNIGHT SUMMER DAM,THE STRANGLERS,98,LW:RE,35,5,1983-04-10,1983,1980,4
337,LITTLE D CORVETTE,PRINCE,85,LW:RE,85,2,1983-04-17,1983,1980,4
259,WHEN IT'S TIME TO ROCK,UFO,86,LW:RE,70,6,1983-04-17,1983,1980,4
222,LONDON GIRLS,CHAS AND DAVE,96,LW:RE,63,8,1983-04-17,1983,1980,4
269,DON'T TALK TO ME ABOUT LOVE,ALTERED IMAGES,78,LW:RE,7,8,1983-05-08,1983,1980,5
308,TWO HEARTS BEAT AS ONE,U2,89,LW:RE,18,6,1983-05-08,1983,1980,5
213,PAL OF MY CRADLE DAYS,ANN BREEN,95,LW:RE,69,9,1983-05-15,1983,1980,5
425,HAUNTED HOUSE OF ROCK,WHODINI,83,LW:RE,83,2,1983-05-22,1983,1980,5
230,FIELDS OF FI (400 MILES),BIG COUNTRY,84,LW:RE,10,13,1983-05-22,1983,1980,5
464,SHE'S A BEAUTY,THE TUBES,79,LW:RE,79,2,1983-06-05,1983,1980,6
328,SHE'S IN PARTIES,BAUHAUS,96,LW:RE,26,7,1983-06-05,1983,1980,6
296,THE HOUSE THAT JACK BUILT,TRACIE,99,LW:RE,9,9,1983-06-05,1983,1980,6
483,SISTER FRICTION,HAYSI FANTAYZEE,95,LW:RE,62,6,1983-07-17,1983,1980,7
469,HANG ON NOW,KAJAGOOGOO,97,LW:RE,13,8,1983-07-24,1983,1980,7
478,CONFUSION (HITS US EVERY TIME),TRUTH,86,LW:RE,22,9,1983-07-31,1983,1980,7
505,GARDEN PARTY,MARILLION,97,LW:RE,16,6,1983-07-31,1983,1980,7
557,SEARCHIN' (I GOTTA FIND A MAN),HAZELL DEAN,100,LW:RE,76,5,1983-07-31,1983,1980,7
448,MONEY GO ROUND (PART ONE),THE STYLE COUNCIL,78,LW:RE,11,7,1983-08-07,1983,1980,8
358,TRUE,SPANDAU BALLET,91,LW:RE,1,13,1983-08-07,1983,1980,8
469,HANG ON NOW,KAJAGOOGOO,99,LW:RE,13,9,1983-08-07,1983,1980,8
555,LOVE DANCE,VISION,100,LW:RE,74,4,1983-08-07,1983,1980,8
416,BAD BOYS,WHAM!,95,LW:RE,2,15,1983-08-21,1983,1980,8
700,MAKING MUSIC,DIAMOND HEAD,91,LW:RE,87,2,1983-09-04,1983,1980,9
358,TRUE,SPANDAU BALLET,100,LW:RE,1,15,1983-09-04,1983,1980,9
602,WRAPPED AROUND YOUR FINGER,THE POLICE,82,LW:RE,7,8,1983-09-11,1983,1980,9
542,FORBIDDEN COLOURS,DAVID SYLVIAN AND RIUICHI SAKAMOTO,100,LW:RE,16,9,1983-09-11,1983,1980,9
740,HIP HOP BE BOP (DON'T STOP) {1983 -LEASE},MAN PARRISH,100,LW:RE,95,2,1983-09-18,1983,1980,9
704,THE SAFETY DANCE,MEN WITHOUT HATS,68,LW:RE,68,5,1983-10-02,1983,1980,10
213,PAL OF MY CRADLE DAYS,ANN BREEN,100,LW:RE,69,10,1983-10-16,1983,1980,10
672,WINGS OF A DOVE,MADNESS,92,LW:RE,2,11,1983-10-30,1983,1980,10
809,TOO LITTLE OF YOU TO LOVE,MAMA'S BOYS,97,LW:RE,85,3,1983-10-30,1983,1980,10
213,PAL OF MY CRADLE DAYS,ANN BREEN,99,LW:RE,69,11,1983-11-06,1983,1980,11
337,LITTLE D CORVETTE,PRINCE,83,LW:RE,54,9,1983-11-13,1983,1980,11
876,THE ENTERTAINER,THE BELLE STARS,98,LW:RE,95,3,1983-11-13,1983,1980,11
842,SONG TO THE SIN,THIS MORTAL COIL,98,LW:RE,66,5,1983-11-27,1983,1980,11
72,MERRY XMAS EVERYBODY,SLADE,72,LW:RE,1,19,1983-12-04,1983,1980,12
213,PAL OF MY CRADLE DAYS,ANN BREEN,90,LW:RE,69,12,1983-12-04,1983,1980,12
54,POSTMAN PAT,KEN BARRIE,91,LW:RE,44,13,1983-12-04,1983,1980,12
73,I BELIEVE IN FATHER CHRISTMAS,GREG LAKE,94,LW:RE,2,11,1983-12-11,1983,1980,12
989,MY SON,JJ BARRIE,97,LW:RE,96,2,1983-12-11,1983,1980,12
898,WHEN I LEAVE THE WORLD BEHIND,ROSE MARIE,66,LW:RE,63,7,1983-12-18,1983,1980,12
858,UNION OF THE SNAKE,DURAN DURAN,75,LW:RE,3,8,1983-12-18,1983,1980,12
723,NEW SONG,HOWARD JONES,85,LW:RE,3,15,1983-12-18,1983,1980,12
62,HAPPY XMAS (WAR IS OVER),JOHN AND YOKO AND THE PLASTIC ONO BAND WITH THE HARLEM COMMUNITY CHOIR,92,LW:RE,2,27,1983-12-18,1983,1980,12
983,SUNBURST AND SNOWBLIND,COCTEAU TWINS,94,LW:RE,86,3,1983-12-18,1983,1980,12
1030,EYE OF THE TIGER,SURVIVOR,96,LW:RE,1,16,1983-12-18,1983,1980,12
270,BLUE MONDAY,NEW ORDER,65,LW:RE,9,39,1984-01-01,1984,1980,1
884,ONLY FOR LOVE,LIMAHL,75,LW:RE,16,8,1984-01-01,1984,1980,1
704,THE SAFETY DANCE,MEN WITHOUT HATS,79,LW:RE,6,16,1984-01-01,1984,1980,1
867,LOVE WILL TEAR US APART {1983},JOY DIVISION,86,LW:RE,19,8,1984-01-01,1984,1980,1
953,ROCK THE MIDNIGHT,DAVID GRANT,88,LW:RE,46,5,1984-01-01,1984,1980,1
912,THE VOW,TOYAH,90,LW:RE,50,7,1984-01-01,1984,1980,1
905,LISTEN TO THE RADIO - ATMOSPHERICS,TOM ROBINSON AND CREW,94,LW:RE,39,7,1984-01-01,1984,1980,1
785,(HEY YOU) THE ROCKSTEADY CW,ROCKSTEADY CREW,95,LW:RE,6,13,1984-01-01,1984,1980,1
914,I WON'T LET THE SUN GO DOWN ON ME,NIK KERSHAW,96,LW:RE,47,7,1984-01-01,1984,1980,1
955,SHARP DSSED MAN,ZZ TOP,100,LW:RE,53,4,1984-01-01,1984,1980,1
1042,RAZOR'S EDGE {1984},MEAT LOAF,48,LW:RE,48,2,1984-01-08,1984,1980,1
917,WHITE LINES (DON'T DO IT),GRANDMASTER FLASH AND MELLE MEL,93,LW:RE,60,5,1984-01-08,1984,1980,1
1030,EYE OF THE TIGER,SURVIVOR,94,LW:RE,1,18,1984-01-08,1984,1980,1
932,LET THE MUSIC PLAY,SHANNON,96,LW:RE,51,4,1984-01-08,1984,1980,1
842,SONG TO THE SIN,THIS MORTAL COIL,97,LW:RE,66,6,1984-01-08,1984,1980,1
894,OWNER OF A LONELY HEART,YES,86,LW:RE,28,11,1984-01-15,1984,1980,1
983,SUNBURST AND SNOWBLIND,COCTEAU TWINS,90,LW:RE,86,5,1984-01-15,1984,1980,1
743,KARMA CHAMELEON,CULTURE CLUB,100,LW:RE,1,21,1984-02-05,1984,1980,2
1113,DAM OF THE WEST,YIP YIP COYOTE,100,LW:RE,97,2,1984-02-12,1984,1980,2
991,VICTIMS,CULTURE CLUB,80,LW:RE,3,11,1984-02-19,1984,1980,2
992,TELL HER ABOUT IT,BILLY JOEL,81,LW:RE,4,11,1984-02-19,1984,1980,2
1090,SAILING TO AMERICA,SAXON,92,LW:RE,81,4,1984-02-19,1984,1980,2
906,THIS CHARMING MAN,THE SMITHS,95,LW:RE,25,15,1984-02-19,1984,1980,2
842,SONG TO THE SIN,THIS MORTAL COIL,97,LW:RE,66,11,1984-02-19,1984,1980,2
936,MY OH MY,SLADE,100,LW:RE,2,12,1984-02-26,1984,1980,2
1119,ILLEGAL ALIEN,GENESIS,70,LW:RE,46,4,1984-03-04,1984,1980,3
956,ONLY YOU,THE FLYING PICKETS,96,LW:RE,1,12,1984-03-04,1984,1980,3
1131,"THE OTHER WOMAN, THE OTHER MAN",GERARD KENNY,84,LW:RE,69,6,1984-03-18,1984,1980,3
1058,WONDERLAND,BIG COUNTRY,87,LW:RE,8,9,1984-03-18,1984,1980,3
1059,HE COMES THE RAIN AGAIN,EURYTHMICS,89,LW:RE,8,9,1984-03-18,1984,1980,3
1074,LOVE THEME FROM 'THE THORN BIRDS',JUAN MARTIN,91,LW:RE,10,9,1984-03-18,1984,1980,3
1000,THE SOUND OF MUSIC,DAYTON,91,LW:RE,75,9,1984-03-25,1984,1980,3
270,BLUE MONDAY,NEW ORDER,96,LW:RE,9,50,1984-03-25,1984,1980,3
1098,YAH MO BE THE,JAMES INGRAM AND MICHAEL MCDONALD,71,LW:RE,44,9,1984-04-01,1984,1980,4
1118,MAIN THEME FROM 'THE THORN BIRDS',HENRY MANCINI AND HIS ORCHESTRA,87,LW:RE,23,8,1984-04-01,1984,1980,4
1216,SOMETIMES,SHIRLEY BASSEY,88,LW:RE,86,3,1984-04-01,1984,1980,4
1074,LOVE THEME FROM 'THE THORN BIRDS',JUAN MARTIN,91,LW:RE,10,10,1984-04-01,1984,1980,4
1063,HYPERACTIVE!,THOMAS DOLBY,97,LW:RE,17,10,1984-04-01,1984,1980,4
1186,DON'T ANSWER ME,THE ALAN PARSONS PROJECT,93,LW:RE,58,4,1984-04-08,1984,1980,4
1102,DOCTOR DOCTOR,THE THOMPSON TWINS,77,LW:RE,3,11,1984-04-15,1984,1980,4
1100,RADIO GA GA,QUEEN,84,LW:RE,2,10,1984-04-15,1984,1980,4
1166,MY GUY,TRACEY ULLMAN,89,LW:RE,23,7,1984-04-15,1984,1980,4
1274,THE FLAME,ANNABEL LAMB,93,LW:RE,93,2,1984-04-15,1984,1980,4
929,THRILLER,MICHAEL JACKSON,98,LW:RE,10,22,1984-04-15,1984,1980,4
1136,HIDE AND SEEK,HOWARD JONES,83,LW:RE,12,10,1984-04-22,1984,1980,4
270,BLUE MONDAY,NEW ORDER,94,LW:RE,9,53,1984-04-22,1984,1980,4
906,THIS CHARMING MAN,THE SMITHS,100,LW:RE,25,18,1984-04-22,1984,1980,4
1129,KISS ME,TINTIN,88,LW:RE,78,4,1984-04-29,1984,1980,4
1101,NEW MOON ON MONDAY,DURAN DURAN,91,LW:RE,9,8,1984-04-29,1984,1980,4
1156,THE MUSIC OF TORVILL AND DEAN (EP),RICHARD HARTLEY AND THE MICHAEL REED ORCHESTRA,78,LW:RE,9,11,1984-05-06,1984,1980,5
1083,WOULDN'T IT BE GOOD,NIK KERSHAW,87,LW:RE,4,15,1984-05-06,1984,1980,5
1240,BABY YOU' DYNAMITE,CLIFF RICHARD,72,LW:RE,27,7,1984-05-13,1984,1980,5
1145,YOUR LOVE IS KING,SADE,75,LW:RE,6,13,1984-05-13,1984,1980,5
1134,TO BE OR NOT TO BE (THE HITLER RAP),MEL BROOKS,97,LW:RE,12,12,1984-05-13,1984,1980,5
1168,ROBERT DE NIRO'S WAITING,BANANARAMA,79,LW:RE,3,12,1984-05-20,1984,1980,5
1291,SILVER,ECHO & THE BUNNYMEN,91,LW:RE,30,6,1984-05-27,1984,1980,5
1204,DR MABUSE,PROPAGANDA,99,LW:RE,27,10,1984-05-27,1984,1980,5
1236,YOU TAKE ME UP,THE THOMPSON TWINS,76,LW:RE,2,10,1984-06-03,1984,1980,6
1222,PEOPLE A PEOPLE,DEPECHE MODE,80,LW:RE,4,11,1984-06-03,1984,1980,6
1227,TIME AFTER TIME,CYNDI LAUPER,81,LW:RE,54,5,1984-06-03,1984,1980,6
1171,WOOD BEEZ (PRAY LIKE ATHA FRANKLIN),SCRITTI POLITTI,84,LW:RE,10,14,1984-06-03,1984,1980,6
1087,STET DANCE,BREAK MACHINE,100,LW:RE,3,16,1984-06-03,1984,1980,6
1318,MAJOR TOM (COMING HOME),PETER SCHILLING,73,LW:RE,42,7,1984-06-10,1984,1980,6
1388,MURDER,NEW ORDER,97,LW:RE,92,3,1984-06-10,1984,1980,6
1204,DR MABUSE,PROPAGANDA,99,LW:RE,27,11,1984-06-10,1984,1980,6
270,BLUE MONDAY,NEW ORDER,100,LW:RE,9,57,1984-06-10,1984,1980,6
1324,THE LEBANON,THE HUMAN LEAGUE,75,LW:RE,11,7,1984-06-17,1984,1980,6
1195,I'M FALLING,THE BLUEBELLS,95,LW:RE,11,15,1984-06-17,1984,1980,6
1238,AIN'T NOBODY,RUFUS AND CHAKA KHAN,78,LW:RE,8,13,1984-07-01,1984,1980,7
270,BLUE MONDAY,NEW ORDER,93,LW:RE,9,58,1984-07-01,1984,1980,7
1204,DR MABUSE,PROPAGANDA,94,LW:RE,27,12,1984-07-01,1984,1980,7
1349,ROMANCING THE STONE,EDDY GRANT,95,LW:RE,52,5,1984-07-01,1984,1980,7
1279,DANCING GIRLS,NIK KERSHAW,96,LW:RE,13,10,1984-07-01,1984,1980,7
1427,NO TIME TO STOP BELIEVING,DAISY CHAIN,97,LW:RE,97,3,1984-07-01,1984,1980,7
1344,BAK DANCE PARTY,BREAK MACHINE,65,LW:RE,9,9,1984-07-08,1984,1980,7
1432,BODY AND SOUL/TRAIN,THE SISTERS OF MERCY,76,LW:RE,46,4,1984-07-08,1984,1980,7
1480,AND I DON'T LOVE YOU,SMOKEY ROBINSON,90,LW:RE,90,2,1984-07-08,1984,1980,7
1374,INFATUATION,ROD STEWART,77,LW:RE,27,8,1984-07-15,1984,1980,7
1255,AGAINST ALL ODDS (TAKE A LOOK AT ME NOW),PHIL COLLINS,80,LW:RE,2,15,1984-07-15,1984,1980,7
1372,DANCING IN THE DARK,BRUCE SPRINGSTEEN,82,LW:RE,28,8,1984-07-15,1984,1980,7
1395,D GUITAR,DAVID SYLVIAN,84,LW:RE,17,6,1984-07-15,1984,1980,7
1377,ROUGH JUSTICE,BANANARAMA,85,LW:RE,23,8,1984-07-15,1984,1980,7
1288,JAM ON IT,NEWCLEUS,93,LW:RE,89,5,1984-07-22,1984,1980,7
1432,BODY AND SOUL/TRAIN,THE SISTERS OF MERCY,100,LW:RE,46,5,1984-07-22,1984,1980,7
1321,LET'S HEAR IT FOR THE BOY,DENIECE WILLIAMS,75,LW:RE,2,14,1984-07-29,1984,1980,7
1370,GROOVIN' (YOU' THE BEST THING/BIG BOSS GROOVE),THE STYLE COUNCIL,85,LW:RE,5,9,1984-07-29,1984,1980,7
1264,AUTOMATIC,THE POINTER SISTERS,86,LW:RE,2,17,1984-07-29,1984,1980,7
1521,WHOSE SIDE A YOU ON,MATT BIANCO,89,LW:RE,89,2,1984-07-29,1984,1980,7
1371,PEARL IN THE SHELL,HOWARD JONES,84,LW:RE,7,11,1984-08-05,1984,1980,8
270,BLUE MONDAY,NEW ORDER,93,LW:RE,9,62,1984-08-05,1984,1980,8
1238,AIN'T NOBODY,RUFUS AND CHAKA KHAN,100,LW:RE,8,16,1984-08-05,1984,1980,8
1415,ONLY WHEN YOU LEAVE,SPANDAU BALLET,74,LW:RE,3,10,1984-08-12,1984,1980,8
1577,TOUR DE FRANCE {1984},KRAFTWERK,76,LW:RE,22,9,1984-08-12,1984,1980,8
1416,ABSOLUTE,SCRITTI POLITTI,80,LW:RE,17,10,1984-08-12,1984,1980,8
1467,LIFE ON YOUR OWN,THE HUMAN LEAGUE,85,LW:RE,16,7,1984-08-12,1984,1980,8
1483,LAMENT,ULTRAVOX,73,LW:RE,22,7,1984-08-19,1984,1980,8
270,BLUE MONDAY,NEW ORDER,95,LW:RE,9,63,1984-08-26,1984,1980,8
1482,SISTER OF MERCY,THE THOMPSON TWINS,66,LW:RE,11,9,1984-09-02,1984,1980,9
1484,STATE OF SHOCK,JACKSONS WITH MICK JAGGER,76,LW:RE,14,9,1984-09-02,1984,1980,9
1503,GUARDIAN ANGEL,NINO DE ANGELO,90,LW:RE,57,8,1984-09-02,1984,1980,9
1371,PEARL IN THE SHELL,HOWARD JONES,95,LW:RE,7,12,1984-09-02,1984,1980,9
1372,DANCING IN THE DARK,BRUCE SPRINGSTEEN,96,LW:RE,28,10,1984-09-02,1984,1980,9
1452,LOVE SURCTION,ALISON MOYET,77,LW:RE,10,12,1984-09-09,1984,1980,9
1621,CEP,THE FALL,91,LW:RE,91,2,1984-09-09,1984,1980,9
1598,DEAD AND BURIED,ALIEN SEX FIEND,100,LW:RE,91,3,1984-09-09,1984,1980,9
1600,TINSELTOWN IN THE RAIN,BLUE NILE,91,LW:RE,87,4,1984-09-16,1984,1980,9
1679,GIMME ALL YOUR LOVIN' {1984},ZZ TOP,77,LW:RE,61,5,1984-09-23,1984,1980,9
1499,YOU THINK YOU' A MAN,DIVINE,80,LW:RE,16,11,1984-09-23,1984,1980,9
1398,SMALLTOWN BOY,BRONSKI BEAT,87,LW:RE,3,14,1984-09-23,1984,1980,9
1372,DANCING IN THE DARK,BRUCE SPRINGSTEEN,99,LW:RE,28,12,1984-09-23,1984,1980,9
1498,EVERYBODY'S LAUGHING,PHIL FEARON AND GALAXY,84,LW:RE,10,11,1984-09-30,1984,1980,9
1182,THE NEGADES OF FUNK,AFRIKA BAMBAATAA AND THE SOUL SONIC FORCE,94,LW:RE,30,5,1984-09-30,1984,1980,9
1560,GIRL YOU' SO TOGETHER,MICHAEL JACKSON,94,LW:RE,33,9,1984-10-07,1984,1980,10
1660,I WISH YOU WOULD,JOCELYN BROWN,78,LW:RE,51,4,1984-10-14,1984,1980,10
1601,WILLIAM IT WAS ALLY NOTHING,THE SMITHS,88,LW:RE,17,7,1984-10-14,1984,1980,10
1574,MOTHERS TALK,TEARS FOR FEARS,90,LW:RE,14,9,1984-10-14,1984,1980,10
1242,HEARTBEAT,THE PSYCHEDELIC FURS,100,LW:RE,62,2,1984-10-14,1984,1980,10
1589,I'LL FLY FOR YOU,SPANDAU BALLET,77,LW:RE,9,10,1984-10-28,1984,1980,10
1428,TWO TRIBES,FRANKIE GOES TO HOLLYWOOD,73,LW:RE,1,21,1984-11-04,1984,1980,11
1603,MADAM BUTTERFLY (UN BEL DI VEDMO),MALCOLM MCLAREN,80,LW:RE,13,10,1984-11-04,1984,1980,11
1637,HUMAN RACING,NIK KERSHAW,86,LW:RE,19,8,1984-11-04,1984,1980,11
917,WHITE LINES (DON'T DO IT),GRANDMASTER FLASH AND MELLE MEL,77,LW:RE,7,47,1984-11-11,1984,1980,11
1653,HAMMER TO FALL,QUEEN,86,LW:RE,13,8,1984-11-11,1984,1980,11
1652,BLUE JEAN,DAVID BOWIE,84,LW:RE,6,9,1984-11-18,1984,1980,11
1640,THE MEDICINE SONG,STEPHANIE MILLS,98,LW:RE,29,10,1984-11-18,1984,1980,11
1692,SKIN DEEP,THE STRANGLERS,91,LW:RE,15,8,1984-11-25,1984,1980,11
1713,THE SECOND TIME,KIM WILDE,99,LW:RE,29,7,1984-11-25,1984,1980,11
1635,PRIDE (IN THE NAME OF LOVE),U2,82,LW:RE,3,12,1984-12-02,1984,1980,12
72,MERRY XMAS EVERYBODY,SLADE,67,LW:RE,1,25,1984-12-09,1984,1980,12
1888,SHARP DSSED MAN {1984},ZZ TOP,74,LW:RE,53,5,1984-12-09,1984,1980,12
1694,MODERN GIRL,MEAT LOAF,82,LW:RE,17,10,1984-12-09,1984,1980,12
910,LAX,FRANKIE GOES TO HOLLYWOOD,93,LW:RE,1,51,1984-12-09,1984,1980,12
1731,HIGHLY STRUNG,SPANDAU BALLET,99,LW:RE,15,6,1984-12-09,1984,1980,12
1022,CHRISTMAS COUNTDOWN,FRANK KELLY,76,LW:RE,26,5,1984-12-16,1984,1980,12
1670,DRIVE,THE CARS,82,LW:RE,5,13,1984-12-16,1984,1980,12
1540,CALESS WHISPER,GEORGE MICHAEL,89,LW:RE,1,18,1984-12-16,1984,1980,12
1428,TWO TRIBES,FRANKIE GOES TO HOLLYWOOD,90,LW:RE,1,23,1984-12-16,1984,1980,12
62,HAPPY XMAS (WAR IS OVER),JOHN AND YOKO AND THE PLASTIC ONO BAND WITH THE HARLEM COMMUNITY CHOIR,92,LW:RE,2,29,1984-12-16,1984,1980,12
1577,TOUR DE FRANCE {1984},KRAFTWERK,100,LW:RE,22,22,1984-12-16,1984,1980,12
1662,TOGETHER IN ELECTRIC DAMS,GIORGIO MORODER AND PHILIP OAKEY,76,LW:RE,3,14,1984-12-23,1984,1980,12
1696,TOO LATE FOR GOODBYES,JULIAN LENNON,77,LW:RE,6,12,1984-12-23,1984,1980,12
1818,SOLID,ASHFORD AND SIMPSON,78,LW:RE,78,5,1984-12-23,1984,1980,12
1439,I LOVE YOU SUZANNE,LOU REED,87,LW:RE,86,2,1984-12-23,1984,1980,12
1709,SHOUT TO THE TOP,THE STYLE COUNCIL,90,LW:RE,7,9,1984-12-23,1984,1980,12
1853,RIDDLE ME,UB40,93,LW:RE,59,4,1984-12-23,1984,1980,12
1622,LOST IN MUSIC {1984},SISTER SLEDGE,96,LW:RE,4,13,1984-12-23,1984,1980,12
1654,WHY?,BRONSKI BEAT,98,LW:RE,6,11,1984-12-23,1984,1980,12
1858,YOU MIGHT THINK,THE CARS,100,LW:RE,88,4,1984-12-23,1984,1980,12
1774,WARNING SIGN,NICK HEYWARD,72,LW:RE,25,9,1984-12-30,1985,1980,12
1847,THE MEDAL SONG,CULTURE CLUB,74,LW:RE,32,5,1984-12-30,1985,1980,12
1372,DANCING IN THE DARK,BRUCE SPRINGSTEEN,80,LW:RE,28,13,1984-12-30,1985,1980,12
1731,HIGHLY STRUNG,SPANDAU BALLET,81,LW:RE,15,7,1984-12-30,1985,1980,12
1577,TOUR DE FRANCE {1984},KRAFTWERK,87,LW:RE,22,23,1984-12-30,1985,1980,12
1718,OUT OF TOUCH,DARYL HALL AND JOHN OATES,92,LW:RE,48,7,1984-12-30,1985,1980,12
1803,HYPNOTIZE,SCRITTI POLITTI,93,LW:RE,68,5,1984-12-30,1985,1980,12
1693,COVER ME,BRUCE SPRINGSTEEN,95,LW:RE,38,6,1984-12-30,1985,1980,12
1713,THE SECOND TIME,KIM WILDE,96,LW:RE,29,8,1984-12-30,1985,1980,12
270,BLUE MONDAY,NEW ORDER,97,LW:RE,9,66,1984-12-30,1985,1980,12
1589,I'LL FLY FOR YOU,SPANDAU BALLET,99,LW:RE,9,12,1984-12-30,1985,1980,12
1772,THE CHANT HAS BEGUN,LEVEL 42,100,LW:RE,41,6,1984-12-30,1985,1980,12
1914,YAH MO BE THE {1985},JAMES INGRAM AND MICHAEL MCDONALD,60,LW:RE,44,12,1985-01-06,1985,1980,1
1883,SEX O MATIC,THE BAR-KAYS,63,LW:RE,63,5,1985-01-06,1985,1980,1
1799,SEND MY HEART,ADVENTURES,82,LW:RE,62,8,1985-01-06,1985,1980,1
1796,EAT YOUR HEART OUT,PAUL HARDCASTLE,86,LW:RE,59,6,1985-01-06,1985,1980,1
1674,EAST OF EDEN,BIG COUNTRY,90,LW:RE,17,7,1985-01-06,1985,1980,1
1748,GOLDEN DAYS,BUCKS FIZZ,91,LW:RE,42,5,1985-01-06,1985,1980,1
1733,WALK AWAY,THE SISTERS OF MERCY,93,LW:RE,45,4,1985-01-06,1985,1980,1
1858,YOU MIGHT THINK,THE CARS,94,LW:RE,88,5,1985-01-06,1985,1980,1
1894,HEARTLESS,EVELYN THOMAS,95,LW:RE,95,3,1985-01-06,1985,1980,1
1242,HEARTBEAT,THE PSYCHEDELIC FURS,97,LW:RE,62,6,1985-01-06,1985,1980,1
1786,FOVER YOUNG,ALPHAVILLE,98,LW:RE,98,2,1985-01-06,1985,1980,1
917,WHITE LINES (DON'T DO IT),GRANDMASTER FLASH AND MELLE MEL,83,LW:RE,7,55,1985-01-13,1985,1980,1
1898,SURCTION JOE,THE CULT,88,LW:RE,74,3,1985-01-13,1985,1980,1
1868,TONIGHT,DAVID BOWIE,94,LW:RE,53,5,1985-01-13,1985,1980,1
1635,PRIDE (IN THE NAME OF LOVE),U2,99,LW:RE,3,17,1985-01-13,1985,1980,1
1790,SPECT YOURSELF,THE KANE GANG,75,LW:RE,21,11,1985-01-20,1985,1980,1
1789,HALF A MINUTE,MATT BIANCO,87,LW:RE,23,11,1985-01-20,1985,1980,1
1808,ALL JOIN HANDS,SLADE,96,LW:RE,15,10,1985-01-20,1985,1980,1
1851,NO MERCY,THE STRANGLERS,99,LW:RE,37,8,1985-01-20,1985,1980,1
1540,CALESS WHISPER,GEORGE MICHAEL,100,LW:RE,1,21,1985-01-20,1985,1980,1
1827,DO THE CONGA,BLACK LACE,88,LW:RE,10,10,1985-01-27,1985,1980,1
1870,I WOULD DIE 4 YOU,PRINCE,98,LW:RE,58,8,1985-01-27,1985,1980,1
1773,SEX CRIME (NINETEEN EIGHTY FOUR),EURYTHMICS,94,LW:RE,4,14,1985-02-03,1985,1980,2
910,LAX,FRANKIE GOES TO HOLLYWOOD,68,LW:RE,1,55,1985-02-10,1985,1980,2
1778,ONE NIGHT IN BANGKOK,MURRAY HEAD,74,LW:RE,12,15,1985-02-10,1985,1980,2
270,BLUE MONDAY,NEW ORDER,98,LW:RE,9,67,1985-02-10,1985,1980,2
1845,THE POWER OF LOVE,FRANKIE GOES TO HOLLYWOOD,64,LW:RE,1,12,1985-02-17,1985,1980,2
1588,I JUST CALLED TO SAY I LOVE YOU,STEVIE WONDER,89,LW:RE,1,25,1985-02-17,1985,1980,2
1852,IT AIN'T NECESSARILY SO,BRONSKI BEAT,90,LW:RE,16,12,1985-02-17,1985,1980,2
1398,SMALLTOWN BOY,BRONSKI BEAT,99,LW:RE,3,16,1985-02-17,1985,1980,2
2027,FETISH/SPOOKY,VICIOUS PINK,89,LW:RE,87,3,1985-03-10,1985,1980,3
1845,THE POWER OF LOVE,FRANKIE GOES TO HOLLYWOOD,90,LW:RE,1,14,1985-03-10,1985,1980,3
1693,COVER ME,BRUCE SPRINGSTEEN,32,LW:RE,32,7,1985-03-17,1985,1980,3
910,LAX,FRANKIE GOES TO HOLLYWOOD,91,LW:RE,1,59,1985-03-17,1985,1980,3
1757,SINCE YESTERDAY,STRAWBERRY SWITCHBLADE,99,LW:RE,5,21,1985-03-17,1985,1980,3
1850,SHOUT,TEARS FOR FEARS,83,LW:RE,4,17,1985-03-24,1985,1980,3
1983,HOW SOON IS NOW,THE SMITHS,86,LW:RE,24,7,1985-03-24,1985,1980,3
2085,MISS MARPLE THEME,CONSORT,95,LW:RE,95,2,1985-03-24,1985,1980,3
1972,JACOB'S LADDER,MONOCHROME SET,100,LW:RE,81,7,1985-03-24,1985,1980,3
1845,THE POWER OF LOVE,FRANKIE GOES TO HOLLYWOOD,91,LW:RE,1,16,1985-03-31,1985,1980,3
2076,EASTENDERS,SIMON MAY,79,LW:RE,76,4,1985-04-07,1985,1980,4
1814,CLOSE (TO THE EDIT),THE ART OF NOISE,82,LW:RE,8,21,1985-04-07,1985,1980,4
1590,GHOSTBUSTERS,RAY PARKER Jr.,91,LW:RE,2,32,1985-04-07,1985,1980,4
1954,YOU' THE INSPIRATION,CHICAGO,92,LW:RE,14,11,1985-04-07,1985,1980,4
1982,THIS IS NOT AMERICA,DAVID BOWIE AND THE PAT METHENY GROUP,90,LW:RE,14,8,1985-04-14,1985,1980,4
1782,WHEN LOVE BAKS DOWN,PREFAB SPROUT,94,LW:RE,89,4,1985-04-14,1985,1980,4
2012,FALLING ANGELS RIDING,DAVID ESSEX,95,LW:RE,29,9,1985-04-14,1985,1980,4
1872,I WANT TO KNOW WHAT LOVE IS,FOREIGNER,98,LW:RE,1,17,1985-04-21,1985,1980,4
2050,STARVATION/TAM-TAM POUR L'ETHIOPE,STARVATION,99,LW:RE,33,7,1985-04-21,1985,1980,4
1995,THE BELLE OF ST MARK,SHEILA E,82,LW:RE,18,12,1985-04-28,1985,1980,4
2013,LET'S GO CRAZY/TAKE ME WITH U,PRINCE AND THE REVOLUTION,86,LW:RE,7,10,1985-04-28,1985,1980,4
2071,PUMP ME UP,GRANDMASTER MELLE MEL AND THE FURIOUS FIVE,88,LW:RE,45,7,1985-04-28,1985,1980,4
2093,PIECE OF THE ACTION,MEAT LOAF,90,LW:RE,47,6,1985-04-28,1985,1980,4
1428,TWO TRIBES,FRANKIE GOES TO HOLLYWOOD,92,LW:RE,1,25,1985-05-05,1985,1980,5
2181,LOVE COMES,GARY GLITTER,92,LW:RE,91,3,1985-05-12,1985,1980,5
2095,AXEL F,HAROLD FALTERMEYER,87,LW:RE,62,5,1985-05-19,1985,1980,5
1693,COVER ME,BRUCE SPRINGSTEEN,88,LW:RE,16,15,1985-05-19,1985,1980,5
2108,GRIMLY FIENDISH,THE DAMNED,91,LW:RE,21,8,1985-05-19,1985,1980,5
1818,SOLID,ASHFORD AND SIMPSON,99,LW:RE,3,21,1985-05-19,1985,1980,5
2016,HANGIN' ON A STRING (CONTEMPLATING),LOOSE ENDS,89,LW:RE,13,14,1985-05-26,1985,1980,5
2086,PIE JESU,SARAH BRIGHTMAN AND PAUL MILES-KINGSTON,96,LW:RE,3,9,1985-05-26,1985,1980,5
1588,I JUST CALLED TO SAY I LOVE YOU,STEVIE WONDER,99,LW:RE,1,33,1985-05-26,1985,1980,5
2075,BLACK MAN RAY,CHINA CRISIS,84,LW:RE,14,12,1985-06-02,1985,1980,6
2090,LOVE IS A BATTLEFIELD {1985},PAT BENATAR,90,LW:RE,17,11,1985-06-02,1985,1980,6
1818,SOLID,ASHFORD AND SIMPSON,100,LW:RE,3,22,1985-06-02,1985,1980,6
1718,OUT OF TOUCH,DARYL HALL AND JOHN OATES,78,LW:RE,48,9,1985-06-09,1985,1980,6
1693,COVER ME,BRUCE SPRINGSTEEN,79,LW:RE,16,17,1985-06-09,1985,1980,6
2088,COULD IT BE I'M FALLING IN LOVE,DAVID GRANT AND JAKI GRAHAM,83,LW:RE,5,12,1985-06-09,1985,1980,6
2186,THE UNFORGETTABLE FI,U2,83,LW:RE,6,7,1985-06-16,1985,1980,6
2105,WELCOME TO THE PLEASUDOME,FRANKIE GOES TO HOLLYWOOD,85,LW:RE,2,12,1985-06-16,1985,1980,6
2138,ONE MO NIGHT,PHIL COLLINS,86,LW:RE,4,10,1985-06-16,1985,1980,6
2153,WOULD I LIE TO YOU?,EURYTHMICS,90,LW:RE,17,9,1985-06-16,1985,1980,6
2147,LOOK MAMA,HOWARD JONES,95,LW:RE,10,7,1985-06-16,1985,1980,6
1693,COVER ME,BRUCE SPRINGSTEEN,93,LW:RE,16,18,1985-06-23,1985,1980,6
2213,ROMANCE (LET YOUR HEART GO),DAVID CASSIDY,96,LW:RE,54,7,1985-06-23,1985,1980,6
2285,WATCHING YOU,JOANNA GARDNER,100,LW:RE,91,3,1985-06-23,1985,1980,6
1327,LIVING ON VIDEO,TRANS-X,39,LW:RE,39,5,1985-07-07,1985,1980,7
2202,WALLS COME TUMBLING DOWN!,THE STYLE COUNCIL,89,LW:RE,6,8,1985-07-07,1985,1980,7
1693,COVER ME,BRUCE SPRINGSTEEN,95,LW:RE,16,19,1985-07-07,1985,1980,7
2302,ROCK ME TONIGHT (FOR OLD TIME'S SAKE),FREDDIE JACKSON,96,LW:RE,81,3,1985-07-07,1985,1980,7
2150,I FEEL LOVE (MEDLEY),BRONSKI BEAT AND MARC ALMOND,84,LW:RE,3,13,1985-07-14,1985,1980,7
2148,DON'T YOU (FORGET ABOUT ME),SIMPLE MINDS,89,LW:RE,7,12,1985-07-14,1985,1980,7
2279,YOU' MY HEART YOU' MY SOUL,MODERN TALKING,90,LW:RE,69,5,1985-07-14,1985,1980,7
2270,LOVING THE ALIEN,DAVID BOWIE,67,LW:RE,19,7,1985-07-21,1985,1980,7
1718,OUT OF TOUCH,DARYL HALL AND JOHN OATES,77,LW:RE,48,13,1985-07-21,1985,1980,7
2413,DRIVE {1985},THE CARS,78,LW:RE,5,15,1985-07-21,1985,1980,7
2186,THE UNFORGETTABLE FI,U2,79,LW:RE,6,9,1985-07-21,1985,1980,7
2297,LAST TIME FOVER,SQUEEZE,88,LW:RE,45,6,1985-07-21,1985,1980,7
2106,EVERYBODY WANTS TO RULE THE WORLD,TEARS FOR FEARS,94,LW:RE,2,15,1985-07-21,1985,1980,7
2177,I WONDER IF I TAKE YOU HOME,LISA LISA AND CULT JAM WITH FULL FORCE,53,LW:RE,53,8,1985-07-28,1985,1980,7
1693,COVER ME,BRUCE SPRINGSTEEN,98,LW:RE,16,21,1985-07-28,1985,1980,7
2386,BAK THE ICE,MICHAEL LOVESMITH,99,LW:RE,94,3,1985-07-28,1985,1980,7
2246,PAISLEY PARK,PRINCE AND THE REVOLUTION,81,LW:RE,18,11,1985-08-04,1985,1980,8
2208,THE WORD GIRL,SCRITTI POLITTI,85,LW:RE,6,13,1985-08-04,1985,1980,8
2261,KING IN A CATHOLIC STYLE (WAKE UP),CHINA CRISIS,93,LW:RE,19,10,1985-08-04,1985,1980,8
2189,DUEL,PROPAGANDA,97,LW:RE,21,13,1985-08-04,1985,1980,8
2148,DON'T YOU (FORGET ABOUT ME),SIMPLE MINDS,72,LW:RE,7,15,1985-08-11,1985,1980,8
2311,TOMB OF MEMORIES,PAUL YOUNG,74,LW:RE,16,8,1985-08-11,1985,1980,8
2186,THE UNFORGETTABLE FI,U2,84,LW:RE,6,11,1985-08-11,1985,1980,8
2433,AGAINST ALL ODDS (TAKE A LOOK AT ME NOW) {1985},PHIL COLLINS,90,LW:RE,90,2,1985-08-11,1985,1980,8
2317,SALLY MACLANNANE,THE POGUES,92,LW:RE,51,5,1985-08-11,1985,1980,8
1588,I JUST CALLED TO SAY I LOVE YOU,STEVIE WONDER,98,LW:RE,1,34,1985-08-11,1985,1980,8
2326,LIFE IN ONE DAY,HOWARD JONES,76,LW:RE,14,8,1985-08-18,1985,1980,8
2347,COME TO MILTON KEYNES,THE STYLE COUNCIL,86,LW:RE,23,6,1985-08-18,1985,1980,8
2270,LOVING THE ALIEN,DAVID BOWIE,87,LW:RE,19,9,1985-08-18,1985,1980,8
2328,SILVER SHADOW,ATLANTIC STARR,90,LW:RE,41,7,1985-08-18,1985,1980,8
2438,THROUGH THE FI,CHAKA KHAN,85,LW:RE,77,3,1985-08-25,1985,1980,8
2312,THE SHADOW OF LOVE,THE DAMNED,94,LW:RE,25,9,1985-08-25,1985,1980,8
2327,IN TOO DEEP,DEAD OR ALIVE,95,LW:RE,14,9,1985-08-25,1985,1980,8
2351,DANCIN' IN THE KEY OF LIFE,STEVE ARRINGTON,75,LW:RE,21,9,1985-09-01,1985,1980,9
2332,LOVING YOU,FEARGAL SHARKEY,87,LW:RE,26,11,1985-09-08,1985,1980,9
2427,COME BACK,SPEAR OF DESTINY,93,LW:RE,55,5,1985-09-08,1985,1980,9
1920,WOODPECKERS FROM SPACE,VIDEO KIDS,94,LW:RE,89,3,1985-09-08,1985,1980,9
2451,MYSTERY LADY,BILLY OCEAN,89,LW:RE,49,5,1985-09-15,1985,1980,9
2368,IN YOUR CAR,THE COOL NOTES,90,LW:RE,13,10,1985-09-15,1985,1980,9
2508,THE ROAD TO RACK AND RUIN,KING KURT,97,LW:RE,94,2,1985-09-15,1985,1980,9
2436,P-MACHINERY,PROPAGANDA,99,LW:RE,50,6,1985-09-15,1985,1980,9
2511,MAGGIE,JIM DAVIDSON,100,LW:RE,100,2,1985-09-15,1985,1980,9
2247,SHE SELLS SANCTUARY,THE CULT,61,LW:RE,15,18,1985-09-22,1985,1980,9
2392,TOO MANY GAMES FT FRANKIE BEVERLY,MAZE FEATURING FRANKIE BEVERLY,84,LW:RE,36,8,1985-09-22,1985,1980,9
2461,STORIES OF JOHNNY,MARC ALMOND,78,LW:RE,23,6,1985-09-29,1985,1980,9
2406,RASPBERRY BET,PRINCE AND THE REVOLUTION,90,LW:RE,25,9,1985-09-29,1985,1980,9
2481,SUFFER THE CHILDN,TEARS FOR FEARS,92,LW:RE,52,5,1985-09-29,1985,1980,9
2491,THE LOVE PARADE,DREAM ACADEMY,94,LW:RE,68,5,1985-09-29,1985,1980,9
2452,CLOSE TO PERFECTION,MIQUEL BROWN,96,LW:RE,63,7,1985-09-29,1985,1980,9
2527,SOMEONE,DAVID CASSIDY,97,LW:RE,86,3,1985-09-29,1985,1980,9
1801,BIG DEAL (THEME),BOBBY G,99,LW:RE,65,12,1985-10-06,1985,1980,10
2404,IN BETWEEN DAYS,THE CURE,100,LW:RE,15,11,1985-10-06,1985,1980,10
2534,A NITE AT THE APOLLO LIVE,DARYL HALL AND JOHN OATES,98,LW:RE,58,4,1985-10-13,1985,1980,10
2388,WE DON'T NEED ANOTHER HERO (THUNDERDOME),TINA TURNER,88,LW:RE,3,13,1985-10-20,1985,1980,10
2511,MAGGIE,JIM DAVIDSON,99,LW:RE,99,3,1985-10-20,1985,1980,10
2148,DON'T YOU (FORGET ABOUT ME),SIMPLE MINDS,84,LW:RE,7,24,1985-10-27,1985,1980,10
2597,BUBBLING,ASWAD,93,LW:RE,91,4,1985-11-03,1985,1980,11
2593,BLIND IN TEXAS,WASP,99,LW:RE,77,3,1985-11-03,1985,1980,11
2548,AFTER THE FI,ROGER DALTREY,84,LW:RE,50,7,1985-11-10,1985,1980,11
2582,I BELIEVE (A SOULFUL -CORDING),TEARS FOR FEARS,87,LW:RE,23,5,1985-11-10,1985,1980,11
2648,FACE THE FACE,PETE TOWNSHEND,97,LW:RE,89,2,1985-11-10,1985,1980,11
1588,I JUST CALLED TO SAY I LOVE YOU,STEVIE WONDER,100,LW:RE,1,35,1985-11-10,1985,1980,11
2634,YOU ALLY TOUCH MY HEART,AMII STEWART,89,LW:RE,89,4,1985-11-17,1985,1980,11
2514,BRAND NEW FRIEND,LLOYD COLE AND THE COMMOTIONS,99,LW:RE,19,9,1985-11-17,1985,1980,11
2569,LOOKING FOR LEWIS AND CLARK,LONG RYDERS,100,LW:RE,59,5,1985-11-17,1985,1980,11
2602,SLEEPING BAG,ZZ TOP,77,LW:RE,27,6,1985-11-24,1985,1980,11
2528,ANGEL,MADONNA,82,LW:RE,5,10,1985-11-24,1985,1980,11
2525,APPETITE,PREFAB SPROUT,99,LW:RE,92,2,1985-11-24,1985,1980,11
1884,DO THEY KNOW IT'S CHRISTMAS?,BAND AID,24,LW:RE,1,14,1985-12-01,1985,1980,12
2512,IF I WAS,MIDGE URE,82,LW:RE,1,12,1985-12-01,1985,1980,12
2436,P-MACHINERY,PROPAGANDA,85,LW:RE,50,7,1985-12-01,1985,1980,12
72,MERRY XMAS EVERYBODY,SLADE,92,LW:RE,1,29,1985-12-01,1985,1980,12
2752,WE ALL STAND TOGETHER {1985},PAUL MCCARTNEY AND THE FROG CHORUS,95,LW:RE,3,14,1985-12-01,1985,1980,12
2494,PART-TIME LOVER,STEVIE WONDER,100,LW:RE,3,13,1985-12-01,1985,1980,12
1885,LAST CHRISTMAS/EVERYTHING SHE WANTS,WHAM!,32,LW:RE,2,14,1985-12-08,1985,1980,12
2759,ABIDE WITH ME {1985},INSPIRATIONAL CHOIR,65,LW:RE,44,7,1985-12-08,1985,1980,12
2714,WHITE CHRISTMAS,KEITH HARRIS AND ORVILLE,71,LW:RE,71,3,1985-12-08,1985,1980,12
2600,BRING ON THE DANCING HORSES,ECHO & THE BUNNYMEN,81,LW:RE,21,8,1985-12-08,1985,1980,12
1588,I JUST CALLED TO SAY I LOVE YOU,STEVIE WONDER,83,LW:RE,1,36,1985-12-08,1985,1980,12
2620,CLOUDBUSTING,KATE BUSH,87,LW:RE,20,7,1985-12-08,1985,1980,12
2148,DON'T YOU (FORGET ABOUT ME),SIMPLE MINDS,96,LW:RE,7,29,1985-12-08,1985,1980,12
2732,LET'S GO TO THE DISCO,RUSS ABBOT,89,LW:RE,89,3,1985-12-15,1985,1980,12
2713,MUSIC IS THE ANSWER,COLONEL ABRAMS,94,LW:RE,84,3,1985-12-15,1985,1980,12
1878,I WISH IT COULD BE CHRISTMAS EVERY DAY,ROY WOOD AND WIZZARD,96,LW:RE,86,2,1985-12-15,1985,1980,12
2493,DANCING IN THE STET,DAVID BOWIE AND MICK JAGGER,97,LW:RE,1,13,1985-12-15,1985,1980,12
2753,WHENEVER YOU NEED SOMEBODY,O'CHI BROWN,98,LW:RE,97,2,1985-12-15,1985,1980,12
2247,SHE SELLS SANCTUARY,THE CULT,100,LW:RE,15,23,1985-12-15,1985,1980,12
2577,ALIVE AND KICKING,SIMPLE MINDS,79,LW:RE,7,10,1985-12-22,1985,1980,12
2701,THE HEART AND SOUL (EP),HUEY LEWIS AND THE NEWS,84,LW:RE,61,5,1985-12-22,1985,1980,12
2579,MIAMI VICE THEME,JAN HAMMER,91,LW:RE,5,9,1985-12-22,1985,1980,12
2515,BEL YELL {1985},BILLY IDOL,94,LW:RE,6,13,1985-12-22,1985,1980,12
2600,BRING ON THE DANCING HORSES,ECHO & THE BUNNYMEN,96,LW:RE,21,9,1985-12-22,1985,1980,12
2479,POWER OF LOVE/DO YOU BELIEVE IN LOVE,HUEY LEWIS AND THE NEWS,99,LW:RE,11,11,1985-12-22,1985,1980,12
2702,GO HOME,STEVIE WONDER,100,LW:RE,67,5,1985-12-22,1985,1980,12
2749,VOLUTION,THE THOMPSON TWINS,75,LW:RE,56,4,1985-12-29,1986,1980,12
2640,IT'S ONLY LOVE,BRYAN ADAMS AND TINA TURNER,78,LW:RE,29,7,1985-12-29,1986,1980,12
2528,ANGEL,MADONNA,83,LW:RE,5,11,1985-12-29,1986,1980,12
2493,DANCING IN THE STET,DAVID BOWIE AND MICK JAGGER,84,LW:RE,1,14,1985-12-29,1986,1980,12
2512,IF I WAS,MIDGE URE,89,LW:RE,1,14,1985-12-29,1986,1980,12
2565,RAIN,THE CULT,92,LW:RE,17,9,1985-12-29,1986,1980,12
2622,CITIES IN DUST,SIOUXSIE AND THE BANSHEES,95,LW:RE,21,7,1985-12-29,1986,1980,12
2403,INTO THE GROOVE,MADONNA,96,LW:RE,1,15,1985-12-29,1986,1980,12
2563,RUNNING FE {1985},IRON MAIDEN,98,LW:RE,19,6,1985-12-29,1986,1980,12
2602,SLEEPING BAG,ZZ TOP,99,LW:RE,27,7,1985-12-29,1986,1980,12
2659,JUST FOR MONEY,PAUL HARDCASTLE,79,LW:RE,19,6,1986-01-05,1986,1980,1
2774,MY GUY/MY GIRL (MEDLEY),AMII STEWART AND DEON ESTUS,80,LW:RE,80,3,1986-01-05,1986,1980,1
2726,WARRIOR GROOVE,DSM,83,LW:RE,68,6,1986-01-05,1986,1980,1
2666,BLUE,FINE YOUNG CANNIBALS,87,LW:RE,41,7,1986-01-05,1986,1980,1
2743,THE TRUTH,COLONEL ABRAMS,88,LW:RE,53,4,1986-01-05,1986,1980,1
2673,YOU A MY LADY,FREDDIE JACKSON,92,LW:RE,49,7,1986-01-05,1986,1980,1
2681,RSVP,FIVE STAR,93,LW:RE,45,6,1986-01-05,1986,1980,1
270,BLUE MONDAY,NEW ORDER,100,LW:RE,9,68,1986-01-05,1986,1980,1
2662,THAT'S WHAT FRIENDS A FOR,DIONNE WARWICK AND FRIENDS,80,LW:RE,16,10,1986-01-12,1986,1980,1
2561,I'LL BE YOUR FRIEND,PRECIOUS WILSON,87,LW:RE,87,4,1986-01-12,1986,1980,1
2766,TONIGHT SHE COMES,THE CARS,94,LW:RE,79,4,1986-01-12,1986,1980,1
2619,ELECTION DAY,ARCADIA,95,LW:RE,7,8,1986-01-12,1986,1980,1
2704,NINETEEN,PHIL LYNOTT,100,LW:RE,76,4,1986-01-12,1986,1980,1
2657,WHEN LOVE BAKS DOWN {1985 -LEASE},PREFAB SPROUT,85,LW:RE,25,12,1986-01-19,1986,1980,1
2638,SISTERS A DOIN' IT FOR THEMSELVES,EURYTHMICS AND ARETHA FRANKLIN,87,LW:RE,9,12,1986-01-19,1986,1980,1
2148,DON'T YOU (FORGET ABOUT ME),SIMPLE MINDS,89,LW:RE,7,33,1986-01-19,1986,1980,1
2718,VOLUTION,THE CULT,92,LW:RE,30,8,1986-01-19,1986,1980,1
2719,HEART OF LOTHIAN,MARILLION,96,LW:RE,29,7,1986-01-19,1986,1980,1
2716,BURNING HEART,SURVIVOR,70,LW:RE,70,2,1986-01-26,1986,1980,1
2680,MATED,DAVID GRANT AND JAKI GRAHAM,85,LW:RE,20,11,1986-01-26,1986,1980,1
2700,SUN CITY,ARTISTS UNITED AGAINST APARTHEID,89,LW:RE,21,9,1986-01-26,1986,1980,1
2677,ONE VISION,QUEEN,92,LW:RE,7,11,1986-01-26,1986,1980,1
2479,POWER OF LOVE/DO YOU BELIEVE IN LOVE,HUEY LEWIS AND THE NEWS,96,LW:RE,11,13,1986-01-26,1986,1980,1
2726,WARRIOR GROOVE,DSM,97,LW:RE,68,8,1986-01-26,1986,1980,1
2580,SLAVE TO THE RHYTHM,GRACE JONES,98,LW:RE,12,9,1986-01-26,1986,1980,1
2777,EDGE OF DARKNESS FT MICHAEL KAMEN,ERIC CLAPTON FEATURING MICHAEL KAMEN,80,LW:RE,65,7,1986-02-02,1986,1980,2
2458,IF YOU WE HE TONIGHT,ALEXANDER O'NEAL,81,LW:RE,81,4,1986-02-02,1986,1980,2
2678,"SAY YOU, SAY ME",LIONEL RICHIE,82,LW:RE,8,12,1986-02-02,1986,1980,2
1884,DO THEY KNOW IT'S CHRISTMAS?,BAND AID,91,LW:RE,1,21,1986-02-02,1986,1980,2
2737,SHE'S STRANGE {1985},CAMEO,84,LW:RE,22,9,1986-02-09,1986,1980,2
2790,TORTU,KING,93,LW:RE,23,5,1986-02-09,1986,1980,2
2106,EVERYBODY WANTS TO RULE THE WORLD,TEARS FOR FEARS,73,LW:RE,2,16,1986-02-16,1986,1980,2
2873,DON'T TELL ME LIES,BREATHE,82,LW:RE,82,2,1986-02-16,1986,1980,2
2695,I'M YOUR MAN,WHAM!,85,LW:RE,1,13,1986-02-16,1986,1980,2
2740,WRAP HER UP,ELTON JOHN,94,LW:RE,12,11,1986-02-16,1986,1980,2
2919,GET UP (I FEEL LIKE BEING A SEX MACHINE) {1986},JAMES BROWN,51,LW:RE,47,6,1986-02-23,1986,1980,2
2742,RUSSIANS,STING,71,LW:RE,12,12,1986-02-23,1986,1980,2
2696,SEPARATE LIVES,PHIL COLLINS AND MARILYN MARTIN,78,LW:RE,4,14,1986-02-23,1986,1980,2
2736,DSS YOU UP,MADONNA,85,LW:RE,5,12,1986-02-23,1986,1980,2
2707,WALKING IN THE AIR,ALED JONES,87,LW:RE,5,13,1986-02-23,1986,1980,2
2803,SPIRIT OF '76,THE ALARM,90,LW:RE,22,6,1986-02-23,1986,1980,2
2751,RING OF ICE,JENNIFER RUSH,92,LW:RE,14,12,1986-02-23,1986,1980,2
2892,HOLD ON (TO WHAT YOU'VE GOT),DANSE SOCIETY,93,LW:RE,93,2,1986-02-23,1986,1980,2
2738,MERRY CHRISTMAS EVERYONE,SHAKIN' STEVENS,100,LW:RE,1,9,1986-02-23,1986,1980,2
2910,DO YOU LOVE ME,DURELL COLEMAN,83,LW:RE,83,2,1986-03-02,1986,1980,3
2958,LOVE'S GONNA GET YOU,JOCELYN BROWN,70,LW:RE,70,3,1986-03-09,1986,1980,3
2683,SAVING ALL MY LOVE FOR YOU,WHITNEY HOUSTON,78,LW:RE,1,17,1986-03-09,1986,1980,3
2771,"ALICE, I WANT YOU JUST FOR ME",FULL FORCE,90,LW:RE,9,12,1986-03-09,1986,1980,3
2800,IF I RULED THE WORLD,KURTIS BLOW,86,LW:RE,24,10,1986-03-16,1986,1980,3
2853,SARA,STARSHIP,100,LW:RE,66,6,1986-03-16,1986,1980,3
2763,BROKEN WINGS,MR MISTER,81,LW:RE,4,15,1986-03-23,1986,1980,3
2805,PULL UP TO THE BUMPER/LA VIE EN ROSE,GRACE JONES,84,LW:RE,12,10,1986-03-23,1986,1980,3
2777,EDGE OF DARKNESS FT MICHAEL KAMEN,ERIC CLAPTON FEATURING MICHAEL KAMEN,90,LW:RE,65,9,1986-03-23,1986,1980,3
2948,FIELD WORK,RYUICHI SAKAMOTO AND THOMAS DOLBY,100,LW:RE,98,3,1986-03-23,1986,1980,3
2237,A BROKEN HEART CAN MEND,ALEXANDER O'NEAL,53,LW:RE,53,3,1986-03-30,1986,1980,3
2931,SHEEP,THE HOUSEMARTINS,71,LW:RE,56,4,1986-03-30,1986,1980,3
2894,STRIPPED,DEPECHE MODE,76,LW:RE,15,6,1986-03-30,1986,1980,3
2832,THE CAPTAIN OF HER HEART,DOUBLE,79,LW:RE,8,10,1986-03-30,1986,1980,3
2846,RISE,PUBLIC IMAGE LIMITED,80,LW:RE,11,9,1986-03-30,1986,1980,3
2917,LOVE IS THE DRUG,GRACE JONES,89,LW:RE,35,5,1986-03-30,1986,1980,3
2808,IMAGINATION {1986},BELOUIS SOME,90,LW:RE,17,11,1986-03-30,1986,1980,3
2789,WALK OF LIFE,DIRE STRAITS,91,LW:RE,2,12,1986-03-30,1986,1980,3
3003,MODERN TIMES,LATIN QUARTER,85,LW:RE,85,2,1986-04-06,1986,1980,4
2777,EDGE OF DARKNESS FT MICHAEL KAMEN,ERIC CLAPTON FEATURING MICHAEL KAMEN,96,LW:RE,65,10,1986-04-06,1986,1980,4
2999,PROSPECTS,MADE IN ENGLAND AND RAY DORSET,97,LW:RE,92,2,1986-04-06,1986,1980,4
2859,ELOISE,THE DAMNED,72,LW:RE,3,10,1986-04-13,1986,1980,4
2839,STARTING TOGETHER,SU POLLARD,84,LW:RE,2,12,1986-04-13,1986,1980,4
2843,SANCTIFY YOURSELF,SIMPLE MINDS,88,LW:RE,10,8,1986-04-13,1986,1980,4
2852,A LOVE BIZAR,SHEILA E,99,LW:RE,76,3,1986-04-13,1986,1980,4
2894,STRIPPED,DEPECHE MODE,95,LW:RE,15,8,1986-04-20,1986,1980,4
3100,FEWAY OF LOVE {1986},ARETHA FRANKLIN,60,LW:RE,60,7,1986-05-04,1986,1980,5
2953,HARLEM SHUFFLE,THE ROLLING STONES,92,LW:RE,13,8,1986-05-04,1986,1980,5
2148,DON'T YOU (FORGET ABOUT ME),SIMPLE MINDS,95,LW:RE,7,43,1986-05-04,1986,1980,5
3068,RUNNER IN THE NIGHT,RYDER,99,LW:RE,98,2,1986-05-04,1986,1980,5
2913,LOVE MISSILE F1-11,SIGUE SIGUE SPUTNIK,98,LW:RE,3,10,1986-05-11,1986,1980,5
3062,STAY,CONTROLLERS,95,LW:RE,77,4,1986-05-18,1986,1980,5
2932,SO MACHO/CRUISING,SINITTA,85,LW:RE,47,12,1986-05-25,1986,1980,5
2968,PETER GUNN FT DUANE EDDY,ART OF NOISE FEATURING DUANE EDDY,91,LW:RE,8,10,1986-05-25,1986,1980,5
2929,YOU TO ME A EVERYTHING (THE DECADE MIX 76/86),REAL THING,72,LW:RE,5,13,1986-06-01,1986,1980,6
3096,THE BIG SKY,KATE BUSH,84,LW:RE,37,4,1986-06-01,1986,1980,6
3051,A QUESTION OF LUST,DEPECHE MODE,89,LW:RE,28,6,1986-06-01,1986,1980,6
3006,TRAIN OF THOUGHT,A-HA,93,LW:RE,8,9,1986-06-01,1986,1980,6
3017,ALL THE THINGS SHE SAID,SIMPLE MINDS,73,LW:RE,9,9,1986-06-08,1986,1980,6
3069,BIG TRIP TO MEXICO,SCOTLAND WORLD CUP SQUAD,81,LW:RE,81,2,1986-06-08,1986,1980,6
3042,WE'VE GOT THE WHOLE WORLD AT OUR FEET,ENGLAND WORLD CUP SQUAD '86,89,LW:RE,66,4,1986-06-08,1986,1980,6
2148,DON'T YOU (FORGET ABOUT ME),SIMPLE MINDS,97,LW:RE,7,46,1986-06-08,1986,1980,6
2826,"WHEN THE GOING GETS TOUGH, THE TOUGH GET GOING",BILLY OCEAN,86,LW:RE,1,14,1986-06-15,1986,1980,6
2913,LOVE MISSILE F1-11,SIGUE SIGUE SPUTNIK,99,LW:RE,3,11,1986-06-15,1986,1980,6
2932,SO MACHO/CRUISING,SINITTA,73,LW:RE,47,14,1986-06-22,1986,1980,6
3194,OH SHEILA {1986},READY FOR THE WORLD,96,LW:RE,90,2,1986-06-22,1986,1980,6
3199,ONE STEP CLOSER TO YOU,GAVIN CHRISTOPHER,100,LW:RE,99,2,1986-06-22,1986,1980,6
3135,LOVE TOUCH,ROD STEWART,69,LW:RE,27,6,1986-06-29,1986,1980,6
3095,ROCK LOBSTER/PLANET CLAI,THE B-52S,85,LW:RE,12,8,1986-06-29,1986,1980,6
3133,WHO MADE WHO,AC/DC,86,LW:RE,16,6,1986-06-29,1986,1980,6
3020,THE GATEST LOVE OF ALL,WHITNEY HOUSTON,88,LW:RE,8,12,1986-06-29,1986,1980,6
2971,GALVESTON BAY,LONNIE HILL,90,LW:RE,51,5,1986-06-29,1986,1980,6
2946,PCIOUS LITTLE DIAMOND,FOX THE FOX,92,LW:RE,86,5,1986-06-29,1986,1980,6
2148,DON'T YOU (FORGET ABOUT ME),SIMPLE MINDS,93,LW:RE,7,47,1986-06-29,1986,1980,6
2818,IT DOESN'T ALLY MATTER,ZAPP,79,LW:RE,57,5,1986-07-06,1986,1980,7
3165,DANCING IN THE STET,MATT BIANCO,88,LW:RE,64,6,1986-07-06,1986,1980,7
2929,YOU TO ME A EVERYTHING (THE DECADE MIX 76/86),REAL THING,95,LW:RE,5,16,1986-07-06,1986,1980,7
3182,I WANNA BE A COWBOY,BOYS DON'T CRY,97,LW:RE,77,4,1986-07-06,1986,1980,7
3017,ALL THE THINGS SHE SAID,SIMPLE MINDS,98,LW:RE,9,11,1986-07-06,1986,1980,7
3124,ROBIN OF SHERWOOD,CLANNAD,100,LW:RE,80,6,1986-07-06,1986,1980,7
3148,EVERYBODY WANTS TO RUN THE WORLD,TEARS FOR FEARS,73,LW:RE,5,7,1986-07-13,1986,1980,7
3170,MEDICINE SHOW,BIG AUDIO DYNAMITE,78,LW:RE,29,6,1986-07-13,1986,1980,7
3169,21ST CENTURY BOY,SIGUE SIGUE SPUTNIK,80,LW:RE,20,6,1986-07-13,1986,1980,7
3078,SINFUL,PETE WYLIE,81,LW:RE,13,11,1986-07-13,1986,1980,7
3186,MOUNTAINS,PRINCE AND THE REVOLUTION,82,LW:RE,45,5,1986-07-13,1986,1980,7
3009,WHY CAN'T THIS BE LOVE,VAN HALEN,88,LW:RE,8,15,1986-07-13,1986,1980,7
3230,TEARS,CHAMELEONS,98,LW:RE,85,3,1986-07-13,1986,1980,7
3052,ALL AND ALL,JOYCE SIMS,100,LW:RE,16,11,1986-07-13,1986,1980,7
3094,THE CHICKEN SONG,SPITTING IMAGE,67,LW:RE,1,11,1986-07-20,1986,1980,7
3048,LIVE TO TELL,MADONNA,93,LW:RE,2,13,1986-07-20,1986,1980,7
2929,YOU TO ME A EVERYTHING (THE DECADE MIX 76/86),REAL THING,96,LW:RE,5,17,1986-07-20,1986,1980,7
3017,ALL THE THINGS SHE SAID,SIMPLE MINDS,100,LW:RE,9,12,1986-07-20,1986,1980,7
3049,LESSONS IN LOVE,LEVEL 42,76,LW:RE,3,14,1986-07-27,1986,1980,7
3077,SET ME FE,JAKI GRAHAM,77,LW:RE,7,13,1986-07-27,1986,1980,7
3152,VIENNA CALLING,FALCO,89,LW:RE,10,9,1986-07-27,1986,1980,7
3203,THE TEACHER,BIG COUNTRY,97,LW:RE,28,5,1986-07-27,1986,1980,7
3202,UNDERGROUND,DAVID BOWIE,84,LW:RE,21,7,1986-08-03,1986,1980,8
3175,LEFT OF CENT,SUZANNE VEGA,81,LW:RE,32,10,1986-08-10,1986,1980,8
3134,MINE ALL MINE/PARTY FAK,CASHFLOW,94,LW:RE,15,9,1986-08-10,1986,1980,8
3210,LISTEN LIKE THIEVES,INXS,77,LW:RE,46,9,1986-08-17,1986,1980,8
3053,SLEDGEHAMMER,PETER GABRIEL,81,LW:RE,4,17,1986-08-17,1986,1980,8
3049,LESSONS IN LOVE,LEVEL 42,85,LW:RE,3,16,1986-08-17,1986,1980,8
3070,ON MY OWN,PATTI LABELLE AND MICHAEL MCDONALD,92,LW:RE,2,14,1986-08-17,1986,1980,8
3337,THE POWER OF LOVE {1986},JENNIFER RUSH,93,LW:RE,93,2,1986-08-17,1986,1980,8
3185,WHEN TOMORROW COMES,EURYTHMICS,95,LW:RE,30,10,1986-08-17,1986,1980,8
3184,HUNTING HIGH AND LOW,A-HA,78,LW:RE,5,11,1986-08-24,1986,1980,8
3215,I FOUND LOVIN' {1986},THE FATBACK BAND,79,LW:RE,76,7,1986-08-24,1986,1980,8
3219,DO YA DO YA (WANNA PLEASE ME),SAMANTHA FOX,83,LW:RE,10,8,1986-08-24,1986,1980,8
3115,HOLDING BACK THE YEARS {1986},SIMPLY RED,87,LW:RE,2,14,1986-08-24,1986,1980,8
3285,GARDEN OF DELIGHT,THE MISSION,92,LW:RE,49,5,1986-08-24,1986,1980,8
3290,SOWETO,JEFFREY OSBORNE,75,LW:RE,44,6,1986-08-31,1986,1980,8
3200,THE EDGE OF HEAVEN,WHAM!,78,LW:RE,1,11,1986-08-31,1986,1980,8
2884,I LOVE YOU,STEPHEN DUFFY,93,LW:RE,86,4,1986-08-31,1986,1980,8
2891,HE COMES THE MAN,BOOM BOOM ROOM,89,LW:RE,74,6,1986-09-07,1986,1980,9
3347,GRACELAND,BIBLE,96,LW:RE,87,3,1986-09-07,1986,1980,9
3371,HAPPY TOGETHER,SOPHIE AND PETER JOHNSTON,99,LW:RE,99,2,1986-09-07,1986,1980,9
3387,COUNT YOUR BLESSINGS,ASHFORD AND SIMPSON,89,LW:RE,89,2,1986-09-14,1986,1980,9
3004,THE TIME WARP,DAMIAN,94,LW:RE,94,2,1986-09-14,1986,1980,9
3408,GRASS,XTC,100,LW:RE,100,2,1986-09-14,1986,1980,9
3282,PSS,PAUL MCCARTNEY,81,LW:RE,25,9,1986-09-21,1986,1980,9
3322,BURN,DOCTOR AND THE MEDICS,86,LW:RE,29,7,1986-09-21,1986,1980,9
3315,NO MO 'I LOVE YOU'S,LOVER SPEAKS,87,LW:RE,58,8,1986-09-21,1986,1980,9
3340,ADORATIONS,KILLING JOKE,91,LW:RE,42,7,1986-09-28,1986,1980,9
3249,CALLING ALL THE HEROES,IT BITES,93,LW:RE,6,14,1986-10-05,1986,1980,10
3355,A QUESTION OF TIME,DEPECHE MODE,94,LW:RE,17,7,1986-10-05,1986,1980,10
3320,ANYONE CAN FALL IN LOVE,ANITA DOBSON AND THE SIMON MAY ORCHESTRA,84,LW:RE,4,10,1986-10-12,1986,1980,10
2148,DON'T YOU (FORGET ABOUT ME),SIMPLE MINDS,95,LW:RE,7,60,1986-10-12,1986,1980,10
3338,GIRLS AND BOYS,PRINCE AND THE REVOLUTION,96,LW:RE,11,9,1986-10-12,1986,1980,10
2081,KING OF ROCK,RUN DMC,80,LW:RE,80,2,1986-10-19,1986,1980,10
3323,WHEN I THINK OF YOU,JANET JACKSON,82,LW:RE,10,11,1986-10-19,1986,1980,10
3420,A MATTER OF TRUST,BILLY JOEL,99,LW:RE,52,6,1986-10-19,1986,1980,10
3476,VELCRO FLY,ZZ TOP,98,LW:RE,54,4,1986-10-26,1986,1980,10
3450,SAME OLD STORY,ULTRAVOX,100,LW:RE,31,5,1986-10-26,1986,1980,10
3448,WHO WANTS TO LIVE FOVER,QUEEN,84,LW:RE,24,6,1986-11-02,1986,1980,11
3429,ONE GAT THING,BIG COUNTRY,89,LW:RE,19,7,1986-11-02,1986,1980,11
3353,SWEET LOVE,ANITA BAKER,36,LW:RE,36,2,1986-11-09,1986,1980,11
3490,STILL SMOKIN',TROUBLE FUNK,81,LW:RE,79,5,1986-11-09,1986,1980,11
3215,I FOUND LOVIN' {1986},THE FATBACK BAND,86,LW:RE,55,13,1986-11-09,1986,1980,11
3451,ALL I WANT TO DO,UB40,91,LW:RE,41,5,1986-11-09,1986,1980,11
3327,YOU GIVE LOVE A BAD NAME,BON JOVI,92,LW:RE,14,11,1986-11-09,1986,1980,11
3450,SAME OLD STORY,ULTRAVOX,94,LW:RE,31,6,1986-11-09,1986,1980,11
3445,WONDERFUL LIFE,BLACK,98,LW:RE,72,6,1986-11-09,1986,1980,11
2148,DON'T YOU (FORGET ABOUT ME),SIMPLE MINDS,99,LW:RE,7,61,1986-11-09,1986,1980,11
3328,HEARTLAND,THE THE,100,LW:RE,29,11,1986-11-09,1986,1980,11
3386,MALE STRIPPER,MAN 2 MAN MEETS MAN PARRISH,94,LW:RE,64,7,1986-11-16,1986,1980,11
3395,SWEET FEDOM,MICHAEL MCDONALD,95,LW:RE,12,11,1986-11-23,1986,1980,11
3474,THINK FOR A MINUTE,THE HOUSEMARTINS,83,LW:RE,18,9,1986-11-30,1986,1980,11
3377,WORD UP,CAMEO,84,LW:RE,3,14,1986-11-30,1986,1980,11
3446,MAMA TOLD ME,FANTASTIQUE,99,LW:RE,91,5,1986-11-30,1986,1980,11
2738,MERRY CHRISTMAS EVERYONE,SHAKIN' STEVENS,76,LW:RE,1,11,1986-12-07,1986,1980,12
1885,LAST CHRISTMAS/EVERYTHING SHE WANTS,WHAM!,85,LW:RE,2,21,1986-12-07,1986,1980,12
3553,THIS IS THE WORLD CALLING,BOB GELDOF,89,LW:RE,25,6,1986-12-07,1986,1980,12
3337,THE POWER OF LOVE {1986},JENNIFER RUSH,90,LW:RE,90,3,1986-12-07,1986,1980,12
3621,MY BOY LOLLIPOP,LULU,100,LW:RE,86,3,1986-12-07,1986,1980,12
3613,VICTORY,KOOL AND THE GANG,61,LW:RE,61,3,1986-12-14,1986,1980,12
72,MERRY XMAS EVERYBODY,SLADE,88,LW:RE,1,34,1986-12-14,1986,1980,12
3545,EVERYBODY HAVE FUN TONIGHT,WANG CHUNG,91,LW:RE,76,8,1986-12-14,1986,1980,12
3665,I WASN'T BORN YESTERDAY,DARYL HALL,93,LW:RE,93,2,1986-12-14,1986,1980,12
3446,MAMA TOLD ME,FANTASTIQUE,94,LW:RE,91,6,1986-12-14,1986,1980,12
3664,SEE YOU LATER ALLIGATOR,DR FEELGOOD,98,LW:RE,93,2,1986-12-14,1986,1980,12
1884,DO THEY KNOW IT'S CHRISTMAS?,BAND AID,99,LW:RE,1,22,1986-12-14,1986,1980,12
3215,I FOUND LOVIN' {1986},THE FATBACK BAND,100,LW:RE,55,14,1986-12-14,1986,1980,12
3606,STRANGER IN A STRANGE LAND,IRON MAIDEN,72,LW:RE,22,5,1986-12-21,1986,1980,12
3481,EVERY LOSER WINS,NICK BERRY,73,LW:RE,1,12,1986-12-21,1986,1980,12
3557,JACK THE GROOVE,RAZE,79,LW:RE,57,8,1986-12-21,1986,1980,12
3610,WATERLOO,DOCTOR AND THE MEDICS WITH ROY WOOD,81,LW:RE,45,5,1986-12-21,1986,1980,12
3608,ANYTHING,THE DAMNED,89,LW:RE,32,5,1986-12-21,1986,1980,12
3418,ALWAYS THE,MARTI WEBB AND THE SIMON MAY ORCHESTRA,91,LW:RE,13,14,1986-12-21,1986,1980,12
3538,INFECTED,THE THE,97,LW:RE,48,6,1986-12-21,1986,1980,12
1878,I WISH IT COULD BE CHRISTMAS EVERY DAY,ROY WOOD AND WIZZARD,99,LW:RE,86,3,1986-12-21,1986,1980,12
2148,DON'T YOU (FORGET ABOUT ME),SIMPLE MINDS,100,LW:RE,7,64,1986-12-21,1986,1980,12
3763,BEL WITHOUT A PAUSE,PUBLIC ENEMY,71,LW:RE,37,7,1987-12-27,1988,1980,12
3768,THE JACK THAT HOUSE BUILT {1988},JACK 'N' CHILL,76,LW:RE,48,6,1987-12-27,1988,1980,12
3769,PUMP UP THE VOLUME/ANITINA (THE FIRST TIME I SEE SHE DANCE),M/A/R/R/S,77,LW:RE,1,15,1987-12-27,1988,1980,12
3783,MONY MONY (LIVE),BILLY IDOL,91,LW:RE,7,11,1987-12-27,1988,1980,12
3784,BIRTHDAY,SUGARCUBES,92,LW:RE,65,8,1987-12-27,1988,1980,12
3785,CRAZY CRAZY NIGHTS,KISS,93,LW:RE,4,10,1987-12-27,1988,1980,12
3786,I FOUND LOVIN' {1987},THE FATBACK BAND,94,LW:RE,7,42,1987-12-27,1988,1980,12
3790,DARKLANDS,THE JESUS AND MARY CHAIN,98,LW:RE,33,5,1987-12-27,1988,1980,12
3536,I'VE BEEN IN LOVE BEFO,CUTTING CREW,70,LW:RE,31,10,1987-01-04,1987,1980,1
3668,KISS,AGE OF CHANCE,76,LW:RE,76,5,1987-01-04,1987,1980,1
3691,GO SEE THE DOCTOR,KOOL MOE DEE,82,LW:RE,82,2,1987-01-04,1987,1980,1
3535,SOMETHING OUTTA NOTHING,LETITIA DEAN AND PAUL MEDFORD,86,LW:RE,12,8,1987-01-04,1987,1980,1
3588,LOVE IS THE SLUG,WE'VE GOT A FUZZBOX AND WE'RE GONNA USE IT,89,LW:RE,31,5,1987-01-04,1987,1980,1
3633,YOU KNOW I LOVE YOU…DON'T YOU,HOWARD JONES,90,LW:RE,43,4,1987-01-04,1987,1980,1
3680,GLENN MILLER MEDLEY {1986},JOHN ANDERSON BIG BAND,91,LW:RE,87,4,1987-01-04,1987,1980,1
3592,AIN'T NOTHING BUT A HOUSEPARTY,PHIL FEARON,96,LW:RE,60,4,1987-01-04,1987,1980,1
3336,(I JUST) DIED IN YOUR ARMS,CUTTING CREW,97,LW:RE,4,14,1987-01-04,1987,1980,1
3357,LOVE CAN'T TURN AROUND,FARLEY 'JACKMASTER' FUNK,98,LW:RE,10,13,1987-01-04,1987,1980,1
3595,CRAZY LOVE,MAXI PRIEST,99,LW:RE,67,6,1987-01-04,1987,1980,1
3392,THORN IN MY SIDE,EURYTHMICS,100,LW:RE,5,12,1987-01-04,1987,1980,1
3544,HE TO STAY,SISTER SLEDGE,78,LW:RE,78,2,1987-01-11,1987,1980,1
3689,DISTANT STAR,ANTHONY HOPKINS,93,LW:RE,75,3,1987-01-11,1987,1980,1
3605,WARRIORS (OF THE WASTELAND),FRANKIE GOES TO HOLLYWOOD,79,LW:RE,19,9,1987-01-18,1987,1980,1
3673,I'M ALL YOU NEED,SAMANTHA FOX,97,LW:RE,41,7,1987-01-25,1987,1980,1
3863,MALE STRIPPER {1987},MAN 2 MAN MEETS MAN PARRISH,25,LW:RE,25,14,1987-02-01,1987,1980,2
3491,TWO OF HEARTS,STACEY Q,87,LW:RE,87,2,1987-02-01,1987,1980,2
3446,MAMA TOLD ME,FANTASTIQUE,93,LW:RE,84,12,1987-02-01,1987,1980,2
3457,SLAVE OF LOVE,TC CURTIS,95,LW:RE,88,4,1987-02-01,1987,1980,2
3589,STEP RIGHT UP,JAKI GRAHAM,93,LW:RE,15,13,1987-02-08,1987,1980,2
3631,THE MIRACLE OF LOVE,EURYTHMICS,98,LW:RE,23,11,1987-02-08,1987,1980,2
3630,SHIVER,GEORGE BENSON,99,LW:RE,19,11,1987-02-08,1987,1980,2
3245,THE LADY IN D,CHRIS DE BURGH,74,LW:RE,1,16,1987-02-15,1987,1980,2
3353,SWEET LOVE,ANITA BAKER,87,LW:RE,13,12,1987-02-15,1987,1980,2
3628,SO COLD THE NIGHT,THE COMMUNARDS,88,LW:RE,8,11,1987-02-15,1987,1980,2
3520,SOMETIMES,ERASURE,77,LW:RE,2,19,1987-02-22,1987,1980,2
3651,CARAVAN OF LOVE,THE HOUSEMARTINS,84,LW:RE,1,12,1987-02-22,1987,1980,2
3840,I FUSE,HUE AND CRY,97,LW:RE,92,2,1987-03-01,1987,1980,3
3674,HYMN TO HER,THE PRETENDERS,82,LW:RE,8,13,1987-03-08,1987,1980,3
3786,I FOUND LOVIN' {1987},THE FATBACK BAND,92,LW:RE,77,10,1987-03-08,1987,1980,3
3598,SWEET SANITY,HURRAH!,96,LW:RE,83,3,1987-03-08,1987,1980,3
3944,WHEN I FALL IN LOVE,MARILYN MONROE,98,LW:RE,97,2,1987-03-08,1987,1980,3
3943,HEAVEN TONIGHT,WAYSTED,99,LW:RE,96,2,1987-03-08,1987,1980,3
3520,SOMETIMES,ERASURE,95,LW:RE,2,21,1987-03-15,1987,1980,3
3942,CALL OF THE WILD,DEEP PURPLE,100,LW:RE,92,3,1987-03-15,1987,1980,3
4024,EVERYTHING I OWN,KEN BOOTHE,88,LW:RE,1,13,1987-03-22,1987,1980,3
3899,I JUST CAN'T WAIT,MANDY SMITH,100,LW:RE,91,3,1987-03-22,1987,1980,3
3798,THE MUSIC OF THE NIGHT/WISHING YOU WE SOMEHOW HE AGAIN,MICHAEL CRAWFORD AND SARAH BRIGHTMAN,79,LW:RE,7,12,1987-03-29,1987,1980,3
3809,YOU SEXY THING {1987},HOT CHOCOLATE,87,LW:RE,10,11,1987-03-29,1987,1980,3
3927,FE TO FALL,DEBBIE HARRY,96,LW:RE,46,5,1987-03-29,1987,1980,3
3991,GET THAT LOVE,THE THOMPSON TWINS,66,LW:RE,66,3,1987-04-05,1987,1980,4
4030,THE MAGICIAN,SECESSION,91,LW:RE,91,2,1987-04-05,1987,1980,4
3793,JACK YOUR BODY,STEVE 'SILK' HURLEY,97,LW:RE,1,10,1987-04-05,1987,1980,4
4002,I COME UNDONE,JENNIFER RUSH,98,LW:RE,94,2,1987-04-12,1987,1980,4
3623,DOWN TO EARTH,CURIOSITY KILLED THE CAT,76,LW:RE,3,22,1987-04-19,1987,1980,4
3919,LOVE MOVAL MACHINE,THE CULT,86,LW:RE,18,8,1987-04-19,1987,1980,4
3952,WATCHING THE WILDLIFE,FRANKIE GOES TO HOLLYWOOD,93,LW:RE,28,7,1987-04-19,1987,1980,4
3786,I FOUND LOVIN' {1987},THE FATBACK BAND,97,LW:RE,77,15,1987-04-19,1987,1980,4
4060,WATCH OUT,PATRICE RUSHEN,82,LW:RE,78,3,1987-04-26,1987,1980,4
3966,HOW MANY TIMES,BROTHER BEYOND,83,LW:RE,62,8,1987-04-26,1987,1980,4
3993,BAK THE CHAIN,ELKIE BROOKS,95,LW:RE,55,6,1987-05-03,1987,1980,5
4078,LOVE IS A DANGEROUS GAME,MILLIE JACKSON,96,LW:RE,81,3,1987-05-03,1987,1980,5
4147,SWEET BIRD OF TRUTH {1987},THE THE,76,LW:RE,76,3,1987-05-10,1987,1980,5
4084,ROMFORD RAP,CHAS 'N' DAVE AND THE MATCHROOM MOB,96,LW:RE,91,3,1987-05-10,1987,1980,5
3786,I FOUND LOVIN' {1987},THE FATBACK BAND,100,LW:RE,77,17,1987-05-10,1987,1980,5
3892,THIS BRUTAL HOUSE,NITRO DELUXE,83,LW:RE,47,8,1987-05-17,1987,1980,5
4007,BIG TIME,PETER GABRIEL,87,LW:RE,13,8,1987-05-17,1987,1980,5
3923,(YOU GOTTA) FIGHT FOR YOUR RIGHT (TO PARTY),BEASTIE BOYS,90,LW:RE,11,12,1987-05-17,1987,1980,5
3970,"TONIGHT, TONIGHT, TONIGHT",GENESIS,98,LW:RE,18,7,1987-05-17,1987,1980,5
3923,(YOU GOTTA) FIGHT FOR YOUR RIGHT (TO PARTY),BEASTIE BOYS,93,LW:RE,11,13,1987-05-31,1987,1980,5
4007,BIG TIME,PETER GABRIEL,96,LW:RE,13,9,1987-05-31,1987,1980,5
3892,THIS BRUTAL HOUSE,NITRO DELUXE,97,LW:RE,47,9,1987-05-31,1987,1980,5
1229,DON'T LOOK ANY FURTHER,DENNIS EDWARDS AND SIEDAH GARRETT,78,LW:RE,45,6,1987-06-07,1987,1980,6
4086,MURPHY AND THE BRICKS,NOEL MURPHY,96,LW:RE,96,2,1987-06-07,1987,1980,6
3994,JUST TO SEE HER,SMOKEY ROBINSON,97,LW:RE,52,8,1987-06-07,1987,1980,6
3863,MALE STRIPPER {1987},MAN 2 MAN MEETS MAN PARRISH,98,LW:RE,4,26,1987-06-07,1987,1980,6
4059,CAN U DANCE,KENNY JASON AND EDDIE SMITH,77,LW:RE,71,5,1987-06-14,1987,1980,6
3786,I FOUND LOVIN' {1987},THE FATBACK BAND,94,LW:RE,77,19,1987-06-14,1987,1980,6
4104,APRIL SKIES,THE JESUS AND MARY CHAIN,98,LW:RE,8,7,1987-06-14,1987,1980,6
4185,(CELEBRATE) THE DAY AFTER YOU,BLOW MONKEYS WITH CURTIS MAYFIELD,90,LW:RE,52,3,1987-06-21,1987,1980,6
4149,SNOBBERY AND DECAY,ACT,92,LW:RE,60,5,1987-06-21,1987,1980,6
4161,INCOMMUNICADO,MARILLION,79,LW:RE,6,6,1987-06-28,1987,1980,6
4225,LONDON TIMES FT GARY NUMAN,RADIO HEART FEATURING GARY NUMAN,80,LW:RE,48,3,1987-06-28,1987,1980,6
3960,IF YOU LET ME STAY,TERENCE TRENT D'ARBY,93,LW:RE,7,15,1987-06-28,1987,1980,6
3994,JUST TO SEE HER,SMOKEY ROBINSON,96,LW:RE,52,10,1987-06-28,1987,1980,6
4178,LOW RIDER {1987},WAR,98,LW:RE,98,2,1987-06-28,1987,1980,6
4255,ALL IN ONE DAY,ULTRAVOX,100,LW:RE,88,3,1987-07-05,1987,1980,7
4006,WITH OR WITHOUT YOU,U2,94,LW:RE,4,12,1987-07-12,1987,1980,7
4122,PRIME MOVER,ZODIAC MINDWARP AND THE LOVE REACTION,99,LW:RE,18,7,1987-07-12,1987,1980,7
4180,GOODBYE STRANGER,PEPSI AND SHIRLIE,79,LW:RE,9,8,1987-07-19,1987,1980,7
4031,WISHING I WAS LUCKY,WET WET WET,80,LW:RE,6,17,1987-07-19,1987,1980,7
4205,KEEP ME IN MIND,BOY GEORGE,97,LW:RE,29,5,1987-07-19,1987,1980,7
3949,SPECTABLE,MEL AND KIM,98,LW:RE,1,16,1987-07-19,1987,1980,7
4208,FAKE,ALEXANDER O'NEAL,96,LW:RE,33,7,1987-07-26,1987,1980,7
4021,CAN'T BE WITH YOU TONIGHT,JUDY BOUCHER,100,LW:RE,2,16,1987-07-26,1987,1980,7
3983,MARY'S PRAYER,DANNY WILSON,80,LW:RE,80,4,1987-08-09,1987,1980,8
4243,PROMISED YOU A MIRACLE (LIVE),SIMPLE MINDS,85,LW:RE,19,8,1987-08-09,1987,1980,8
4186,COMIN' ON STRONG,BROKEN ENGLISH,91,LW:RE,18,11,1987-08-09,1987,1980,8
4127,JACK MIX II/III,MIRAGE,98,LW:RE,4,12,1987-08-09,1987,1980,8
4322,I FOUND LOVIN',STEVE WALSH,64,LW:RE,64,5,1987-08-23,1987,1980,8
4220,I WANT YOUR SEX,GEORGE MICHAEL,84,LW:RE,3,11,1987-08-23,1987,1980,8
4242,MISFIT {1987},CURIOSITY KILLED THE CAT,91,LW:RE,7,10,1987-08-23,1987,1980,8
3933,HAPPY,SURFACE,99,LW:RE,56,6,1987-08-23,1987,1980,8
4332,SUGAR MICE,MARILLION,85,LW:RE,22,6,1987-08-30,1987,1980,8
4422,LOVERBOY {1987},CHAIRMEN OF THE BOARD,96,LW:RE,94,2,1987-08-30,1987,1980,8
4143,HOUSE NATION,HOUSE MASTER BOYZ AND THE RUDE BOY OF HOUSE,28,LW:RE,28,8,1987-09-06,1987,1980,9
4413,THRU THE FLOWERS,THE PRIMITIVES,80,LW:RE,77,3,1987-09-06,1987,1980,9
4436,BAFOOTIN' {1987},ROBERT PARKER,90,LW:RE,90,2,1987-09-06,1987,1980,9
4299,WOT'S IT TO YA,ROBBIE NEVIL,95,LW:RE,43,8,1987-09-06,1987,1980,9
4201,I STILL HAVEN'T FOUND WHAT I'M LOOKING FOR,U2,95,LW:RE,6,12,1987-09-13,1987,1980,9
4293,F.L.M.,MEL AND KIM,90,LW:RE,7,11,1987-09-20,1987,1980,9
4405,WILD FLOWER,THE CULT,79,LW:RE,24,7,1987-09-27,1987,1980,9
4488,GET DOWN,DEREK B,96,LW:RE,90,2,1987-09-27,1987,1980,9
4360,JUMP START,NATALIE COLE,100,LW:RE,44,10,1987-10-04,1987,1980,10
4500,SHE'S MINE,CAMEO,49,LW:RE,49,3,1987-10-11,1987,1980,10
3758,DINNER WITH GERSHWIN,DONNA SUMMER,81,LW:RE,81,2,1987-10-11,1987,1980,10
4488,GET DOWN,DEREK B,87,LW:RE,87,3,1987-10-11,1987,1980,10
4525,JAM TONIGHT,FREDDIE JACKSON,95,LW:RE,81,2,1987-10-11,1987,1980,10
4326,THE MOTIVE,THEN JERICO,95,LW:RE,18,14,1987-10-18,1987,1980,10
4061,MYFANWY,DAVID ESSEX,96,LW:RE,41,9,1987-10-18,1987,1980,10
4374,HOURGLASS,SQUEEZE,97,LW:RE,16,11,1987-10-18,1987,1980,10
2197,MY BABY JUST CAS FOR ME,NINA SIMONE,55,LW:RE,55,5,1987-10-25,1987,1980,10
4459,WHE THE STETS HAVE NO NAME,U2,83,LW:RE,4,7,1987-10-25,1987,1980,10
4329,SHAKEDOWN,BOB SEGER AND THE SILVER BULLET BAND,99,LW:RE,88,5,1987-10-25,1987,1980,10
4431,MY LOVE IS GUARANTEED,SYBIL,78,LW:RE,42,6,1987-11-01,1987,1980,11
4059,CAN U DANCE,KENNY JASON AND EDDIE SMITH,67,LW:RE,67,7,1987-11-08,1987,1980,11
3733,I'VE BEEN IN LOVE BEFO {1987},CUTTING CREW,78,LW:RE,31,12,1987-11-08,1987,1980,11
4637,IN THE MIDNIGHT HOUR,WILSON PICKETT,73,LW:RE,12,12,1987-11-15,1987,1980,11
4512,THIS CORROSION,THE SISTERS OF MERCY,80,LW:RE,7,7,1987-11-15,1987,1980,11
4191,BOOM BOOM (LET'S GO BACK TO MY ROOM),PAUL LEKAKIS,80,LW:RE,60,5,1987-11-22,1987,1980,11
4541,THE RIGHT STUFF,BRYAN FERRY,95,LW:RE,37,7,1987-11-22,1987,1980,11
4620,THE SECOND TIME,ELAINE PAIGE,95,LW:RE,69,4,1987-12-06,1987,1980,12
3746,THE TIDE IS TURNING,ROGER WATERS,86,LW:RE,84,3,1987-12-13,1987,1980,12
3782,THE CIRCUS,ERASURE,89,LW:RE,6,11,1987-12-13,1987,1980,12
3777,NEVER GONNA GIVE YOU UP,RICK ASTLEY,90,LW:RE,1,19,1987-12-13,1987,1980,12
3773,NT,PET SHOP BOYS,84,LW:RE,8,8,1987-12-20,1987,1980,12
3775,BAD,MICHAEL JACKSON,92,LW:RE,3,12,1987-12-20,1987,1980,12
4499,NO MEMORY,SCARLET FANTASTIC,99,LW:RE,24,12,1987-12-20,1987,1980,12
3791,WARM WET CIRCLES,MARILLION,100,LW:RE,22,5,1987-12-20,1987,1980,12
4765,DOMINO DANCING,PET SHOP BOYS,84,LW:RE,7,11,1989-01-01,1989,1980,1
4771,SHE WANTS TO DANCE WITH ME,RICK ASTLEY,90,LW:RE,6,11,1989-01-01,1989,1980,1
4778,THE PARTY,KRAZE,97,LW:RE,29,6,1989-01-01,1989,1980,1
4779,THE RACE,YELLO,98,LW:RE,7,13,1989-01-01,1989,1980,1
4650,WHEN WILL I BE FAMOUS?,BROS,51,LW:RE,51,6,1988-01-03,1988,1980,1
4647,HYSTERIA,DEF LEPPARD,74,LW:RE,26,6,1988-01-03,1988,1980,1
4544,I WANT TO BE YOUR PROPERTY,BLUE MERCEDES,78,LW:RE,23,12,1988-01-03,1988,1980,1
4352,TRUE FAITH,NEW ORDER,93,LW:RE,4,11,1988-01-03,1988,1980,1
4459,WHE THE STETS HAVE NO NAME,U2,96,LW:RE,4,9,1988-01-03,1988,1980,1
4499,NO MEMORY,SCARLET FANTASTIC,97,LW:RE,24,13,1988-01-03,1988,1980,1
270,BLUE MONDAY,NEW ORDER,99,LW:RE,9,69,1988-01-03,1988,1980,1
3787,MY BABY SU CAN SHAG,THE TAMS,91,LW:RE,91,2,1988-01-10,1988,1980,1
4059,CAN U DANCE,KENNY JASON AND EDDIE SMITH,97,LW:RE,67,9,1988-01-10,1988,1980,1
4674,TUBBS AND VALERIE,JAN HAMMER,99,LW:RE,84,3,1988-01-10,1988,1980,1
3736,LAST NIGHT I DAMT THAT SOMEBODY LOVED ME,THE SMITHS,84,LW:RE,30,5,1988-01-17,1988,1980,1
3741,BUILD,THE HOUSEMARTINS,93,LW:RE,15,9,1988-01-17,1988,1980,1
3769,PUMP UP THE VOLUME/ANITINA (THE FIRST TIME I SEE SHE DANCE),M/A/R/R/S,94,LW:RE,1,17,1988-01-17,1988,1980,1
3753,I WAS BORN TO BE ME,TOM JONES,99,LW:RE,61,5,1988-01-17,1988,1980,1
3708,LETTER FROM AMERICA,THE PROCLAIMERS,87,LW:RE,3,12,1988-01-24,1988,1980,1
4860,SPY IN THE HOUSE OF LOVE {1988},WAS (NOT WAS),38,LW:RE,38,8,1988-01-31,1988,1980,1
4822,LOVE IS DEAD,GODLEY AND CREME,84,LW:RE,84,3,1988-01-31,1988,1980,1
3776,JUST TO GET BY,BABAKOTO,89,LW:RE,76,6,1988-01-31,1988,1980,1
3711,GOT MY MIND SET ON YOU,GEORGE HARRISON,93,LW:RE,2,15,1988-01-31,1988,1980,1
3726,THE'S THE GIRL,HEART,94,LW:RE,34,8,1988-01-31,1988,1980,1
4874,CRAZY {1988},ICEHOUSE,97,LW:RE,74,6,1988-01-31,1988,1980,1
4805,STUCK ON YOU {1988},ELVIS PRESLEY,80,LW:RE,58,4,1988-02-07,1988,1980,2
3695,FAIRYTALE OF NEW YORK,THE POGUES FT KIRSTY MACCOLL,82,LW:RE,2,10,1988-02-07,1988,1980,2
4854,ASIMBONANGA,JOHNNY CLEGG AND SAVUKA,98,LW:RE,94,2,1988-02-07,1988,1980,2
3722,G.T.O.,SINITTA,84,LW:RE,15,10,1988-02-14,1988,1980,2
3701,THE WAY YOU MAKE ME FEEL,MICHAEL JACKSON,85,LW:RE,3,11,1988-02-14,1988,1980,2
3699,LOVE LETTERS,ALISON MOYET,86,LW:RE,4,11,1988-02-14,1988,1980,2
3715,TOUCHED BY THE HAND OF GOD,NEW ORDER,90,LW:RE,20,8,1988-02-14,1988,1980,2
3704,EV'RY TIME WE SAY GOODBYE,SIMPLY RED,97,LW:RE,11,10,1988-02-14,1988,1980,2
4561,I WANT TO BE YOUR MAN,ROGER,79,LW:RE,61,5,1988-02-21,1988,1980,2
4569,BIRTH SCHOOL WORK DEATH,GODFATHERS,98,LW:RE,94,2,1988-02-28,1988,1980,2
3718,IDEAL WORLD,THE CHRISTIANS,89,LW:RE,14,14,1988-03-06,1988,1980,3
4990,ONLY IN MY DAMS {1988},DEBBIE GIBSON,37,LW:RE,37,8,1988-03-13,1988,1980,3
4955,I CAN'T ESCAPE FROM YOU,ACT,97,LW:RE,90,2,1988-03-13,1988,1980,3
4922,THINKING ABOUT HIS BABY,BLUE ZONE,79,LW:RE,79,5,1988-03-20,1988,1980,3
4961,SHE'S MINE,BARRINGTON LEVY,100,LW:RE,97,2,1988-03-20,1988,1980,3
5035,MARY'S PRAYER {1988},DANNY WILSON,69,LW:RE,42,12,1988-03-27,1988,1980,3
4947,IF I SHOULD FALL FROM GRACE WITH GOD,THE POGUES,79,LW:RE,58,4,1988-03-27,1988,1980,3
4789,ROK DA HOUSE {1988} FT THE COOKIE CW,THE BEATMASTERS FEATURING THE COOKIE CREW,95,LW:RE,5,12,1988-03-27,1988,1980,3
3694,ALWAYS ON MY MIND,PET SHOP BOYS,96,LW:RE,1,12,1988-03-27,1988,1980,3
4783,COME INTO MY LIFE,JOYCE SIMS,98,LW:RE,7,10,1988-03-27,1988,1980,3
3768,THE JACK THAT HOUSE BUILT {1988},JACK 'N' CHILL,87,LW:RE,6,18,1988-04-03,1988,1980,4
3698,HEAVEN IS A PLACE ON EARTH,BELINDA CARLISLE,91,LW:RE,1,15,1988-04-03,1988,1980,4
4968,I FOUGHT THE LAW {1988},THE CLASH,90,LW:RE,29,6,1988-04-17,1988,1980,4
4896,BEAT DIS,BOMB THE BASS,82,LW:RE,2,10,1988-04-24,1988,1980,4
4964,I KNOW YOU GOT SOUL {1988},ERIC B AND RAKIM,88,LW:RE,13,7,1988-04-24,1988,1980,4
5087,GO,SCOTT FITZGERALD,75,LW:RE,75,3,1988-05-01,1988,1980,5
1229,DON'T LOOK ANY FURTHER,DENNIS EDWARDS AND SIEDAH GARRETT,97,LW:RE,45,12,1988-05-08,1988,1980,5
5109,EVERYTHING YOUR HEART DESIS,DARYL HALL AND JOHN OATES,86,LW:RE,81,4,1988-05-15,1988,1980,5
4742,BAK 4 LOVE,RAZE,93,LW:RE,86,4,1988-05-15,1988,1980,5
4820,HUNGRY EYES,ERIC CARMEN,93,LW:RE,82,6,1988-05-22,1988,1980,5
4868,BOYS (SUMMERTIME LOVE),SABRINA,24,LW:RE,24,4,1988-06-05,1988,1980,6
5096,BEYOND THE PALE,THE MISSION,96,LW:RE,32,5,1988-06-05,1988,1980,6
5118,ALL THIS LOVE THAT I'M GIVING,GWEN MCCRAE,97,LW:RE,63,3,1988-06-05,1988,1980,6
5110,WHO'S GONNA EASE THE PSSU,MAC THORNHILL,95,LW:RE,94,3,1988-06-12,1988,1980,6
4991,PROVE YOUR LOVE,TAYLOR DAYNE,100,LW:RE,8,11,1988-06-12,1988,1980,6
5011,PUSH IT/TRAMP,SALT-N-PEPA,24,LW:RE,24,7,1988-06-19,1988,1980,6
5181,FAIRPLAY FT ROSE WINDROSS,SOUL II SOUL FEATURING ROSE WINDROSS,77,LW:RE,63,5,1988-06-19,1988,1980,6
4865,DAMING,ORCHESTRAL MANOEUVRES IN THE DARK,79,LW:RE,50,4,1988-06-19,1988,1980,6
5118,ALL THIS LOVE THAT I'M GIVING,GWEN MCCRAE,99,LW:RE,63,4,1988-06-19,1988,1980,6
5211,KISS ME DEADLY,LITA FORD,95,LW:RE,95,4,1988-06-26,1988,1980,6
4890,WAIT,WHITE LION,88,LW:RE,88,2,1988-07-03,1988,1980,7
4619,I SAY NOTHING,VOICE OF THE BEEHIVE,52,LW:RE,45,6,1988-07-17,1988,1980,7
5260,LUCTIA MY FLECTION,THE SISTERS OF MERCY,93,LW:RE,20,5,1988-07-17,1988,1980,7
5069,THEME FROM S-EXPSS,S-EXPRESS,87,LW:RE,1,14,1988-07-24,1988,1980,7
5141,MY ONE TEMPTATION,MICA PARIS,92,LW:RE,7,12,1988-07-24,1988,1980,7
5246,I'LL ALWAYS LOVE YOU,TAYLOR DAYNE,98,LW:RE,41,8,1988-07-31,1988,1980,7
5253,JUST GOT PAID,JOHNNY KEMP,77,LW:RE,77,6,1988-08-07,1988,1980,8
5241,YOU HAVE PLACED A CHILL IN MY HEART,EURYTHMICS,91,LW:RE,16,9,1988-08-07,1988,1980,8
5170,PANTS JUST DON'T UNDERSTAND,DJ JAZZY JEFF AND THE FRESH PRINCE,92,LW:RE,91,2,1988-08-14,1988,1980,8
5244,THE'S MO TO LOVE,THE COMMUNARDS,98,LW:RE,20,9,1988-08-14,1988,1980,8
5281,THE FLAME,CHEAP TRICK,100,LW:RE,77,9,1988-08-14,1988,1980,8
4768,CAN YOU PARTY,ROYAL HOUSE,61,LW:RE,61,3,1988-09-04,1988,1980,9
4469,VOLUTION BABY,TRANSVISION VAMP,37,LW:RE,37,4,1988-09-11,1988,1980,9
5258,I OWE YOU NOTHING {1988},BROS,85,LW:RE,1,12,1988-09-11,1988,1980,9
5321,GIRL YOU KNOW IT'S TRUE,MILLI VANILLI,79,LW:RE,79,2,1988-09-18,1988,1980,9
4880,CARS AND GIRLS,PREFAB SPROUT,92,LW:RE,44,6,1988-09-18,1988,1980,9
5305,ALL FID UP,PAT BENATAR,99,LW:RE,19,11,1988-09-18,1988,1980,9
5438,KING OF EMOTION,BIG COUNTRY,74,LW:RE,16,6,1988-09-25,1988,1980,9
5383,HUSTLE! (TO THE MUSIC...),FUNKY WORM,81,LW:RE,13,9,1988-09-25,1988,1980,9
5202,TRIBUTE (RIGHT ON),THE PASADENAS,91,LW:RE,5,16,1988-09-25,1988,1980,9
4579,DEEP AND WIDE AND TALL,AZTEC CAMERA,74,LW:RE,74,5,1988-10-02,1988,1980,10
5421,THE EVIL THAT MEN DO,IRON MAIDEN,85,LW:RE,5,7,1988-10-02,1988,1980,10
5422,ON THE BEACH {1988},CHRIS REA,93,LW:RE,12,7,1988-10-02,1988,1980,10
4934,I WALK THE EARTH,VOICE OF THE BEEHIVE,76,LW:RE,42,6,1988-10-09,1988,1980,10
5371,GOOD TRADITION,TANITA TIKARAM,80,LW:RE,10,12,1988-10-09,1988,1980,10
5382,FIND MY LOVE,FAIRGROUND ATTRACTION,81,LW:RE,7,11,1988-10-09,1988,1980,10
5202,TRIBUTE (RIGHT ON),THE PASADENAS,98,LW:RE,5,17,1988-10-09,1988,1980,10
5530,FEEL FE,SOUL II SOUL,92,LW:RE,64,3,1988-10-16,1988,1980,10
4059,CAN U DANCE,KENNY JASON AND EDDIE SMITH,77,LW:RE,67,10,1988-10-23,1988,1980,10
5511,WORLD WITHOUT YOU,BELINDA CARLISLE,84,LW:RE,34,7,1988-10-23,1988,1980,10
3743,THE ONE I LOVE,R.E.M.,99,LW:RE,51,9,1988-10-23,1988,1980,10
5457,MEGABLAST/DON'T MAKE ME WAIT,BOMB THE BASS,84,LW:RE,6,10,1988-10-30,1988,1980,10
4575,NEED YOU TONIGHT,INXS,18,LW:RE,18,4,1988-11-06,1988,1980,11
4775,I QUIT,BROS,86,LW:RE,4,9,1988-11-13,1988,1980,11
5545,BAD MEDICINE,BON JOVI,88,LW:RE,17,8,1988-11-13,1988,1980,11
4779,THE RACE,YELLO,91,LW:RE,7,12,1988-11-13,1988,1980,11
5591,GET AL,PAUL RUTHERFORD,97,LW:RE,47,4,1988-11-13,1988,1980,11
4765,DOMINO DANCING,PET SHOP BOYS,86,LW:RE,7,9,1988-11-20,1988,1980,11
5406,JIBARO,ELECTRA,94,LW:RE,54,4,1988-11-20,1988,1980,11
5211,KISS ME DEADLY,LITA FORD,80,LW:RE,80,5,1988-11-27,1988,1980,11
5480,"HE AIN'T HEAVY, HE'S MY BROTHER {1988}",THE HOLLIES,84,LW:RE,1,12,1988-11-27,1988,1980,11
5209,HEAVEN TONIGHT,YNGWIE J MALMSTEEN'S RISING FORCE,97,LW:RE,86,5,1988-11-27,1988,1980,11
5526,IN THE NAME OF LOVE,SWAN LAKE,98,LW:RE,53,5,1988-11-27,1988,1980,11
5110,WHO'S GONNA EASE THE PSSU,MAC THORNHILL,82,LW:RE,82,5,1988-12-04,1988,1980,12
4759,SULTANS OF SWING {1988},DIRE STRAITS,94,LW:RE,62,3,1988-12-04,1988,1980,12
4732,EVERLASTING LOVE {1988},SANDRA,74,LW:RE,74,5,1988-12-11,1988,1980,12
4773,THE SHE GOES,THE LA'S,87,LW:RE,84,5,1988-12-11,1988,1980,12
4760,DESI,U2,88,LW:RE,1,11,1988-12-11,1988,1980,12
5477,GROOVY KIND OF LOVE,PHIL COLLINS,89,LW:RE,1,14,1988-12-11,1988,1980,12
5733,UNFORGETTABLE {1988},NAT KING COLE,93,LW:RE,93,2,1988-12-11,1988,1980,12
4742,BAK 4 LOVE,RAZE,76,LW:RE,76,3,1988-12-18,1988,1980,12
5546,ONE MOMENT IN TIME,WHITNEY HOUSTON,81,LW:RE,1,13,1988-12-18,1988,1980,12
5407,TEARDROPS,WOMACK AND WOMACK,95,LW:RE,3,18,1988-12-18,1988,1980,12
5628,1-2-3,GLORIA ESTEFAN AND MIAMI SOUND MACHINE,72,LW:RE,9,10,1988-12-25,1988,1980,12
4764,SISTER MOON,TRANSVISION VAMP,79,LW:RE,41,6,1988-12-25,1988,1980,12
4770,A LITTLE SPECT,ERASURE,82,LW:RE,4,11,1988-12-25,1988,1980,12
4768,CAN YOU PARTY,ROYAL HOUSE,83,LW:RE,14,17,1988-12-25,1988,1980,12
4761,FAKS (LIVE),MARILLION,85,LW:RE,24,4,1988-12-25,1988,1980,12
4759,SULTANS OF SWING {1988},DIRE STRAITS,86,LW:RE,62,5,1988-12-25,1988,1980,12
5477,GROOVY KIND OF LOVE,PHIL COLLINS,87,LW:RE,1,15,1988-12-25,1988,1980,12
5743,WAITING IN VAIN,TOTAL CONTRAST,90,LW:RE,90,2,1988-12-25,1988,1980,12
4760,DESI,U2,92,LW:RE,1,12,1988-12-25,1988,1980,12
5609,HARVEST FOR THE WORLD,THE CHRISTIANS,95,LW:RE,8,8,1988-12-25,1988,1980,12
4780,WELCOME TO THE JUNGLE/NIGHTRAIN,GUNS N' ROSES,96,LW:RE,24,6,1988-12-25,1988,1980,12
4775,I QUIT,BROS,99,LW:RE,4,10,1988-12-25,1988,1980,12
5736,AS LONG AS YOU FOLLOW,FLEETWOOD MAC,83,LW:RE,66,5,1989-01-08,1989,1980,1
5631,BATHE LIFE INTO ME,MICA PARIS,84,LW:RE,26,11,1989-01-08,1989,1980,1
5678,I WANNA BE YOUR WIFE,SPAGNA,90,LW:RE,90,2,1989-01-08,1989,1980,1
5732,A WORD IN SPANISH,ELTON JOHN,91,LW:RE,91,5,1989-01-08,1989,1980,1
5727,SS PAPARAZZI,STOCK AITKEN WATERMAN,92,LW:RE,68,4,1989-01-08,1989,1980,1
5626,TWIST IN MY SOBRIETY,TANITA TIKARAM,94,LW:RE,22,9,1989-01-08,1989,1980,1
5686,LIFE'S JUST A BALLGAME,WOMACK AND WOMACK,96,LW:RE,32,6,1989-01-08,1989,1980,1
5748,CHANGE,BLOW,97,LW:RE,84,3,1989-01-08,1989,1980,1
5615,SHE MAKES MY DAY,ROBERT PALMER,99,LW:RE,6,13,1989-01-08,1989,1980,1
5687,SUNSHINE ON LEITH,THE PROCLAIMERS,100,LW:RE,41,6,1989-01-08,1989,1980,1
4736,THINKING ABOUT YOUR BODY,BOBBY MCFERRIN,85,LW:RE,46,5,1989-01-15,1989,1980,1
4740,KISSING A FOOL,GEORGE MICHAEL,87,LW:RE,18,7,1989-01-15,1989,1980,1
4743,ROAD TO OUR DAM,T'PAU,90,LW:RE,42,7,1989-01-15,1989,1980,1
4741,LOVE NEVER DIES,BELINDA CARLISLE,96,LW:RE,54,6,1989-01-15,1989,1980,1
5728,A DAY IN THE LIFE / WARLOCK,BLACK RIOT,81,LW:RE,68,5,1989-01-22,1989,1980,1
4715,STAND UP FOR YOUR LOVE RIGHTS,YAZZ,88,LW:RE,2,13,1989-01-22,1989,1980,1
5823,STOP {1989},SAM BROWN,69,LW:RE,52,6,1989-01-29,1989,1980,1
4699,ANGEL OF HARLEM,U2,83,LW:RE,9,7,1989-01-29,1989,1980,1
4730,HANDLE WITH CA,TRAVELING WILBURYS,98,LW:RE,21,14,1989-01-29,1989,1980,1
4695,DOWNTOWN '88,PETULA CLARK,84,LW:RE,10,13,1989-02-05,1989,1980,2
4705,SAY A LITTLE PRAYER FT MAUEN,BOMB THE BASS FEATURING MAUREEN,89,LW:RE,10,11,1989-02-05,1989,1980,2
5793,DON'T SCANDALISE MINE,SUGAR BEAR,90,LW:RE,90,3,1989-02-05,1989,1980,2
5698,KNOW-HOW,YOUNG MC,100,LW:RE,95,2,1989-02-05,1989,1980,2
4725,HIT THE GROUND,THE DARLING BUDS,85,LW:RE,27,6,1989-02-12,1989,1980,2
4718,LOVE LIKE A RIVER,CLIMIE FISHER,89,LW:RE,22,8,1989-02-12,1989,1980,2
5524,INDESTRUCTIBLE FT SMOKEY ROBINSON,THE FOUR TOPS,61,LW:RE,55,6,1989-02-19,1989,1980,2
4709,RHYTHM IS GONNA GET YOU,GLORIA ESTEFAN AND MIAMI SOUND MACHINE,81,LW:RE,16,10,1989-02-19,1989,1980,2
5071,IT TAKES TWO,ROB BASE AND DJ E-Z ROCK,66,LW:RE,24,8,1989-02-26,1989,1980,2
5927,BIG BUBBLES NO TROUBLES {1989},"ELLIS, BEGGS AND HOWARD",64,LW:RE,59,4,1989-03-05,1989,1980,3
5392,DON'T BE CRUEL,BOBBY BROWN,27,LW:RE,27,9,1989-03-19,1989,1980,3
5801,LOST IN YOUR EYES,DEBBIE GIBSON,91,LW:RE,34,8,1989-03-19,1989,1980,3
4754,QUIEM,LONDON BOYS,55,LW:RE,55,10,1989-03-26,1989,1980,3
5834,LAST OF THE FAMOUS INTERNATIONAL PLAYBOYS,MORRISSEY,86,LW:RE,6,6,1989-03-26,1989,1980,3
4684,CRACKERS INTERNATIONAL (EP),ERASURE,91,LW:RE,2,14,1989-03-26,1989,1980,3
5774,WHE IS THE LOVE,MICA PARIS AND WILL DOWNING,100,LW:RE,19,8,1989-03-26,1989,1980,3
5812,WILD THING/LOC'ED AFTER DARK,TONE LOC,82,LW:RE,21,11,1989-04-09,1989,1980,4
5797,IT'S ONLY LOVE,SIMPLY RED,98,LW:RE,13,9,1989-04-09,1989,1980,4
5857,BLOW THE HOUSE DOWN,LIVING IN A BOX,87,LW:RE,10,10,1989-04-23,1989,1980,4
5793,DON'T SCANDALISE MINE,SUGAR BEAR,80,LW:RE,80,5,1989-04-30,1989,1980,4
6024,I WANT YOUR LOVE,PAUL RUTHERFORD,86,LW:RE,84,3,1989-04-30,1989,1980,4
6034,THAT'S HOW I'M LIVING,TONI SCOTT,88,LW:RE,48,5,1989-05-14,1989,1980,5
6195,DOWNTOWN {1989},ONE 2 MANY,66,LW:RE,65,6,1989-05-28,1989,1980,5
6161,BONNIE WEE JEANNIE MCCALL,STUART ANDERSON,80,LW:RE,80,2,1989-05-28,1989,1980,5
6159,PUT YOUR TRUST IN THE MUSIC,BURRELL,93,LW:RE,89,2,1989-05-28,1989,1980,5
2827,IN A LIFETIME FT BONO,CLANNAD FEATURING BONO,48,LW:RE,20,6,1989-06-04,1989,1980,6
6052,LULLABY,THE CURE,88,LW:RE,5,7,1989-06-04,1989,1980,6
5893,ROCK ON {1989},DAVID ESSEX,100,LW:RE,93,3,1989-06-04,1989,1980,6
5979,VOODOO RAY,A GUY CALLED GERALD,47,LW:RE,47,11,1989-06-18,1989,1980,6
6032,WHEN LOVE COMES TO TOWN,U2 WITH B.B. KING,89,LW:RE,6,8,1989-06-18,1989,1980,6
5943,THE KING IS HE/THE 900 NUMBER,45 KING,100,LW:RE,100,3,1989-06-18,1989,1980,6
6143,FERGUS SINGS THE BLUES,DEACON BLUE,83,LW:RE,14,7,1989-07-02,1989,1980,7
6053,THIS IS YOUR LAND,SIMPLE MINDS,99,LW:RE,13,5,1989-07-23,1989,1980,7
6187,FOVER YOUR GIRL,PAULA ABDUL,99,LW:RE,24,7,1989-07-30,1989,1980,7
6034,THAT'S HOW I'M LIVING,TONI SCOTT,76,LW:RE,48,7,1989-08-06,1989,1980,8
6283,A BIT OF U2,KISS AMC,66,LW:RE,58,3,1989-08-13,1989,1980,8
6384,BATMAN (ORIGINAL TV THEME),NELSON RIDDLE,94,LW:RE,91,3,1989-08-13,1989,1980,8
6401,AIN'T NOBODY HOME,BB KING,95,LW:RE,88,2,1989-08-13,1989,1980,8
6277,BAKTHRU',QUEEN,89,LW:RE,7,8,1989-08-20,1989,1980,8
6259,ALL I WANT IS YOU,U2,93,LW:RE,4,7,1989-08-20,1989,1980,8
6483,EDGE OF A BROKEN HEART {1989},VIXEN,59,LW:RE,51,6,1989-08-27,1989,1980,8
4742,BAK 4 LOVE,RAZE,61,LW:RE,28,15,1989-08-27,1989,1980,8
6279,PATIENCE,GUNS N' ROSES,96,LW:RE,10,8,1989-09-03,1989,1980,9
6308,LET ME LOVE YOU FOR TONIGHT,KARIYA,93,LW:RE,44,7,1989-09-10,1989,1980,9
6383,EARTH MOVING,MIKE OLDFIELD,97,LW:RE,93,2,1989-10-01,1989,1980,10
6349,ON AND ON,ASWAD,100,LW:RE,25,9,1989-10-01,1989,1980,10
6351,DON'T MAKE ME OVER,SYBIL,41,LW:RE,41,6,1989-10-08,1989,1980,10
6463,2300 JACKSON STET,THE JACKSONS,78,LW:RE,76,2,1989-10-08,1989,1980,10
6308,LET ME LOVE YOU FOR TONIGHT,KARIYA,61,LW:RE,44,8,1989-10-15,1989,1980,10
6330,BUST A MOVE,YOUNG MC,80,LW:RE,73,3,1989-10-15,1989,1980,10
5943,THE KING IS HE/THE 900 NUMBER,45 KING,88,LW:RE,84,19,1989-10-15,1989,1980,10
6578,MELTDOWN,QUARTZ,81,LW:RE,78,4,1989-10-29,1989,1980,10
6550,SUENO LATINO FT CAROLINA DAMAS,SUENO LATINO FEATURING CAROLINA DAMAS,91,LW:RE,47,6,1989-10-29,1989,1980,10
6529,HANGIN' TOUGH,NEW KIDS ON THE BLOCK,98,LW:RE,52,5,1989-11-05,1989,1980,11
6353,BLAME IT ON THE RAIN,MILLI VANILLI,54,LW:RE,53,6,1989-11-26,1989,1980,11
5666,THE WAY YOU LOVE ME,KARYN WHITE,82,LW:RE,42,6,1989-11-26,1989,1980,11
6000,PLANET E,K.C. FLIGHTT,92,LW:RE,48,5,1989-12-03,1989,1980,12
6774,STARTING OVER AGAIN,NATALIE COLE,64,LW:RE,64,3,1989-12-10,1989,1980,12
6563,DRAMA!,ERASURE,97,LW:RE,4,9,1989-12-10,1989,1980,12
6735,WITH EVERY BEAT OF MY HEART,TAYLOR DAYNE,97,LW:RE,53,4,1989-12-17,1989,1980,12
6587,CHOCOLATE BOX,BROS,98,LW:RE,9,7,1989-12-17,1989,1980,12
72,MERRY XMAS EVERYBODY,SLADE,99,LW:RE,1,37,1989-12-17,1989,1980,12
6434,THE TIME WARP {1989},DAMIAN,100,LW:RE,7,14,1989-12-17,1989,1980,12
6722,INFINITE DAMS (LIVE),IRON MAIDEN,74,LW:RE,6,6,1989-12-24,1989,1980,12
6727,THE ARMS OF ORION,PRINCE AND SHEENA EASTON,78,LW:RE,27,6,1989-12-24,1989,1980,12
6752,"OUIJA BOARD, OUIJA BOARD",MORRISSEY,79,LW:RE,18,5,1989-12-24,1989,1980,12
6758,ENCO,TONGUE 'N' CHEEK,81,LW:RE,41,5,1989-12-24,1989,1980,12
6706,TAINTED LOVE,IMPEDANCE,83,LW:RE,54,5,1989-12-24,1989,1980,12
6552,ROOM IN YOUR HEART,LIVING IN A BOX,85,LW:RE,5,14,1989-12-24,1989,1980,12
6636,EYE KNOW,DE LA SOUL,86,LW:RE,14,8,1989-12-24,1989,1980,12
6683,DON'T ASK ME WHY,EURYTHMICS,88,LW:RE,25,7,1989-12-24,1989,1980,12
6657,NEVER TOO MUCH {1989},LUTHER VANDROSS,92,LW:RE,13,8,1989-12-24,1989,1980,12
5943,THE KING IS HE/THE 900 NUMBER,45 KING,94,LW:RE,60,26,1989-12-24,1989,1980,12
6730,I SECOND THAT EMOTION,ALYSON WILLIAMS,96,LW:RE,44,4,1989-12-24,1989,1980,12
6536,WFL (WROTE FOR LUCK),HAPPY MONDAYS,97,LW:RE,68,6,1989-12-24,1989,1980,12
6784,WARM LOVE,THE BEATMASTERS AND CLAUDIA FONTAINE,99,LW:RE,51,3,1989-12-24,1989,1980,12
6593,WISHING ON A STAR FT LIZZ E,FRESH 4 FEATURING LIZZ E,100,LW:RE,10,10,1989-12-24,1989,1980,12
6788,HEAVEN,CHIMES,69,LW:RE,66,4,1989-12-31,1990,1990,12
6563,DRAMA!,ERASURE,80,LW:RE,4,11,1989-12-31,1990,1990,12
6688,THE THEME,UNIQUE THREE,90,LW:RE,61,5,1989-12-31,1990,1990,12
6622,STLESS DAYS (SHE SCAMS OUT LOUD),AND WHY NOT?,94,LW:RE,38,8,1989-12-31,1990,1990,12
6681,BORN TO BE SOLD,TRANSVISION VAMP,97,LW:RE,22,5,1989-12-31,1990,1990,12
6734,I DON'T KNOW WHY I LOVE YOU,HOUSE OF LOVE,98,LW:RE,41,4,1989-12-31,1990,1990,12
6818,RIGHT BEFO MY EYES,PATTI DAY,79,LW:RE,69,3,1990-01-07,1990,1990,1
6865,YOU USED TO,DISTANT COUSINS,83,LW:RE,83,3,1990-01-07,1990,1990,1
6789,BRITE SIDE,DEBORAH HARRY,87,LW:RE,59,5,1990-01-07,1990,1990,1
6863,GO GO NOW,MARINES,94,LW:RE,90,2,1990-01-07,1990,1990,1
6759,FIGU OF EIGHT,PAUL MCCARTNEY,96,LW:RE,42,4,1990-01-07,1990,1990,1
6687,7 O'CLOCK,QUIREBOYS,97,LW:RE,36,5,1990-01-07,1990,1990,1
6825,THAT'S WHAT THEY ALWAYS SAY,CHRIS REA,98,LW:RE,83,4,1990-01-07,1990,1990,1
6482,AFRO DIZZI ACT,CRY SISCO!,70,LW:RE,42,9,1990-01-14,1990,1990,1
6726,I'M NOT THE MAN I USED TO BE,FINE YOUNG CANNIBALS,82,LW:RE,20,9,1990-01-14,1990,1990,1
6588,STET TUFF,REBEL MC AND DOUBLE TROUBLE,93,LW:RE,3,15,1990-01-14,1990,1990,1
6869,DEXTROUS,NIGHTMARES ON WAX,94,LW:RE,94,2,1990-01-14,1990,1990,1
6729,WOMAN IN CHAINS,TEARS FOR FEARS,96,LW:RE,26,9,1990-01-14,1990,1990,1
6572,GIRL I'M GONNA MISS YOU,MILLI VANILLI,97,LW:RE,2,16,1990-01-14,1990,1990,1
6723,PACIFIC STATE,808 STATE,84,LW:RE,10,10,1990-01-21,1990,1990,1
6787,HOUSE OF FI,ALICE COOPER,86,LW:RE,65,4,1990-01-21,1990,1990,1
6536,WFL (WROTE FOR LUCK),HAPPY MONDAYS,96,LW:RE,68,8,1990-01-21,1990,1990,1
6830,LET'S PARTY,JIVE BUNNY AND THE MASTERMIXERS,80,LW:RE,1,7,1990-01-28,1990,1990,1
6709,GET BUSY,MR LEE,41,LW:RE,41,3,1990-02-18,1990,1990,2
6530,LOVE TOGETHER FT KEVIN HENRY,LA MIX FEATURING KEVIN HENRY,83,LW:RE,66,3,1990-02-18,1990,1990,2
6849,DIRTY CASH,THE ADVENTURES OF STEVIE V,93,LW:RE,93,2,1990-02-18,1990,1990,2
7045,BRING FORTH THE GUILLOTINE {1990},SILVER BULLET,54,LW:RE,54,5,1990-02-25,1990,1990,2
6851,THE MAGIC NUMBER/BUDDY,DE LA SOUL,87,LW:RE,7,9,1990-02-25,1990,1990,2
6853,INNA CITY MAMMA,NENEH CHERRY,91,LW:RE,31,8,1990-02-25,1990,1990,2
5959,MADE OF STONE,THE STONE ROSES,20,LW:RE,20,2,1990-03-11,1990,1990,3
7096,EVERYTHING STARTS WITH AN 'E' {1990},E-ZEE POSSEE,36,LW:RE,36,6,1990-03-11,1990,1990,3
7004,TEST ONE,SWEET EXORCIST,100,LW:RE,85,3,1990-03-11,1990,1990,3
6371,SHE BANGS THE DRUMS,THE STONE ROSES,34,LW:RE,34,4,1990-03-25,1990,1990,3
7055,I GO TO EXTMES,BILLY JOEL,85,LW:RE,70,4,1990-04-01,1990,1990,4
6756,MADCHESTER RAVE ON (EP),HAPPY MONDAYS,91,LW:RE,19,16,1990-04-08,1990,1990,4
7170,BAKERMAN,LAID BACK,93,LW:RE,93,2,1990-04-08,1990,1990,4
6849,DIRTY CASH,THE ADVENTURES OF STEVIE V,28,LW:RE,28,5,1990-04-15,1990,1990,4
7092,THIS IS HOW IT FEELS,INSPIRAL CARPETS,94,LW:RE,14,9,1990-05-13,1990,1990,5
6756,MADCHESTER RAVE ON (EP),HAPPY MONDAYS,95,LW:RE,19,19,1990-05-13,1990,1990,5
7341,EXPSS YOURSELF {1990},NWA,42,LW:RE,42,5,1990-05-20,1990,1990,5
7315,THE INGDIENTS EP,NED'S ATOMIC DUSTBIN,96,LW:RE,92,2,1990-05-20,1990,1990,5
7280,KIND OF LOVING,SUNSONIC,85,LW:RE,85,4,1990-05-27,1990,1990,5
6157,LAZYITIS - ONE ARMED BOXER,HAPPY MONDAYS AND KARL DENVER,46,LW:RE,46,3,1990-06-03,1990,1990,6
7271,STEPPING STONE/FAMILY OF MAN,THE FARM,95,LW:RE,58,5,1990-06-17,1990,1990,6
6900,HIGHER THAN HEAVEN,AGE OF CHANCE,96,LW:RE,53,8,1990-06-17,1990,1990,6
6157,LAZYITIS - ONE ARMED BOXER,HAPPY MONDAYS AND KARL DENVER,85,LW:RE,46,6,1990-07-01,1990,1990,7
7175,STEP ON,HAPPY MONDAYS,88,LW:RE,5,12,1990-07-01,1990,1990,7
917,WHITE LINES (DON'T DO IT),GRANDMASTER FLASH AND MELLE MEL,97,LW:RE,7,57,1990-07-08,1990,1990,7
6756,MADCHESTER RAVE ON (EP),HAPPY MONDAYS,95,LW:RE,19,23,1990-07-15,1990,1990,7
7481,ANYWAY THAT YOU WANT ME/STEP INTO THE BEZE,SPIRITUALIZED,100,LW:RE,75,3,1990-07-15,1990,1990,7
7368,EVERYBODY EVERYBODY,BLACK BOX,94,LW:RE,16,6,1990-07-22,1990,1990,7
7400,SHALL WE TAKE A TRIP/MOODY PLACES,NORTHSIDE,100,LW:RE,50,7,1990-07-29,1990,1990,7
7454,CELEBRATE,AN EMOTIONAL FISH,98,LW:RE,46,6,1990-08-12,1990,1990,8
7496,COME HOME {1990},JAMES,90,LW:RE,32,6,1990-08-19,1990,1990,8
7116,THE POWER,SNAP!,100,LW:RE,1,23,1990-08-26,1990,1990,8
7175,STEP ON,HAPPY MONDAYS,99,LW:RE,5,19,1990-09-02,1990,1990,9
6751,FOOL'S GOLD/WHAT THE WORLD IS WAITING FOR,THE STONE ROSES,32,LW:RE,8,15,1990-09-09,1990,1990,9
7425,NESSUN DORMA,LUCIANO PAVAROTTI,94,LW:RE,2,12,1990-09-09,1990,1990,9
6756,MADCHESTER RAVE ON (EP),HAPPY MONDAYS,100,LW:RE,19,24,1990-09-09,1990,1990,9
2089,SPEND THE NIGHT,THE COOL NOTES,84,LW:RE,11,10,1990-09-16,1990,1990,9
7797,HEAVEN {1990},CHIMES,36,LW:RE,36,8,1990-09-23,1990,1990,9
7326,IT'S HAPPENIN' FT SIRRON,PLUS ONE FEATURING SIRRON,85,LW:RE,40,5,1990-09-30,1990,1990,9
7175,STEP ON,HAPPY MONDAYS,99,LW:RE,5,22,1990-09-30,1990,1990,9
7491,PIANONEGRO,PIANONEGRO,92,LW:RE,87,3,1990-10-07,1990,1990,10
7167,MOTHER UNIVERSE,SOUP DRAGONS,34,LW:RE,34,4,1990-10-14,1990,1990,10
7708,TYPE,LIVING COLOUR,77,LW:RE,77,4,1990-10-14,1990,1990,10
7810,THE'S NOTHING LIKE THIS,OMAR,96,LW:RE,78,4,1990-10-21,1990,1990,10
7870,WAITING FOR LOVE,COOL DOWN ZONE,99,LW:RE,97,2,1990-10-21,1990,1990,10
7124,RHYTHM OF LIFE,OLETA ADAMS,67,LW:RE,52,4,1990-10-28,1990,1990,10
7175,STEP ON,HAPPY MONDAYS,95,LW:RE,5,24,1990-10-28,1990,1990,10
7807,CRAZY,BOYS,78,LW:RE,57,4,1990-11-18,1990,1990,11
7832,THE EXORCIST,SCIENTIST,46,LW:RE,46,6,1990-11-25,1990,1990,11
8005,CULTU/COMIN' ON STRING,REBEL MC,90,LW:RE,90,2,1990-11-25,1990,1990,11
7999,WHE LOVE LIVES,ALISON LIMERICK,99,LW:RE,87,2,1990-11-25,1990,1990,11
7795,THE ANNIVERSARY WALTZ - PART ONE,STATUS QUO,92,LW:RE,2,10,1990-12-16,1990,1990,12
72,MERRY XMAS EVERYBODY,SLADE,97,LW:RE,1,38,1990-12-16,1990,1990,12
7696,GROOVY TRAIN,THE FARM,99,LW:RE,6,11,1990-12-16,1990,1990,12
8052,LOVE COME DOWN,EVE GALLAGHER,68,LW:RE,61,4,1990-12-23,1990,1990,12
7876,KINKY AFRO,HAPPY MONDAYS,79,LW:RE,5,8,1990-12-23,1990,1990,12
8047,SOUTH OF THE RIVER,MICA PARIS,85,LW:RE,50,4,1990-12-23,1990,1990,12
7924,MY RISING STAR,NORTHSIDE,89,LW:RE,32,4,1990-12-23,1990,1990,12
7936,SUNSHINE ON A RAINY DAY,ZOE,92,LW:RE,53,7,1990-12-23,1990,1990,12
7175,STEP ON,HAPPY MONDAYS,95,LW:RE,5,25,1990-12-23,1990,1990,12
8118,PSYCHE-OUT/RADIO BABYLON,MEAT BEAT MANIFESTO,97,LW:RE,97,2,1990-12-23,1990,1990,12
7899,SOMETHING TO BELIEVE IN,POISON,98,LW:RE,35,5,1990-12-23,1990,1990,12
8054,PRIMARY RHYMING,MC TUNES,100,LW:RE,67,4,1990-12-23,1990,1990,12
8022,THE STORM,WORLD OF TWIST,75,LW:RE,42,4,1990-12-30,1991,1990,12
7167,MOTHER UNIVERSE,SOUP DRAGONS,79,LW:RE,26,9,1990-12-30,1991,1990,12
7822,HAVE YOU SEEN HER,MC HAMMER,82,LW:RE,8,8,1990-12-30,1991,1990,12
6756,MADCHESTER RAVE ON (EP),HAPPY MONDAYS,84,LW:RE,19,25,1990-12-30,1991,1990,12
6751,FOOL'S GOLD/WHAT THE WORLD IS WAITING FOR,THE STONE ROSES,88,LW:RE,8,20,1990-12-30,1991,1990,12
7950,RHYTHM TAKES CONTROL,UNIQUE THREE,90,LW:RE,41,4,1990-12-30,1991,1990,12
7903,ANTHEM,N-JOI,91,LW:RE,45,6,1990-12-30,1991,1990,12
7649,GROOVE IS IN THE HEART/WHAT IS LOVE?,DEEE-LITE,94,LW:RE,2,14,1990-12-30,1991,1990,12
8032,LITTLE FLUFFY CLOUDS,THE ORB,95,LW:RE,87,3,1990-12-30,1991,1990,12
7369,THE ONLY ONE I KNOW,THE CHARLATANS,98,LW:RE,9,11,1990-12-30,1991,1990,12
7949,100 MILES AND RUNNIN',NWA,99,LW:RE,38,4,1990-12-30,1991,1990,12
8037,NOW IS TOMORROW,DEFINITION OF SOUND,100,LW:RE,94,3,1990-12-30,1991,1990,12
8141,STILL FEEL THE RAIN,STEX,78,LW:RE,78,2,1991-01-06,1991,1990,1
8131,THE GONZO,LOST,81,LW:RE,81,3,1991-01-06,1991,1990,1
7133,I LIKE IT HOT,WOLFSBANE,84,LW:RE,84,2,1991-01-06,1991,1990,1
7900,LOVE WILL NEVER DO (WITHOUT YOU),JANET JACKSON,86,LW:RE,34,5,1991-01-06,1991,1990,1
7907,TAKE YOUR TIME,HIGH,87,LW:RE,56,4,1991-01-06,1991,1990,1
8031,FOUND LOVE,DOUBLE DEE AND DANY,92,LW:RE,63,5,1991-01-06,1991,1990,1
8168,UKBLAK,CARON WHEELER,95,LW:RE,40,5,1991-01-06,1991,1990,1
7982,FLASHBACK JACK,ADAMSKI,96,LW:RE,46,3,1991-01-06,1991,1990,1
7824,"RIGHT HE, RIGHT NOW",JESUS JONES,100,LW:RE,31,5,1991-01-06,1991,1990,1
8170,HIPPY CHICK {1991},SOHO,26,LW:RE,26,3,1991-01-13,1991,1990,1
8129,CLONK,SWEET EXORCIST,82,LW:RE,79,3,1991-01-13,1991,1990,1
8059,SPICE,EON,89,LW:RE,79,3,1991-01-13,1991,1990,1
8116,HELPING HAND,ARTHUR MILES,91,LW:RE,87,3,1991-01-13,1991,1990,1
8062,TOO TID,GARY MOORE,93,LW:RE,71,5,1991-01-13,1991,1990,1
8046,LOVE COMES TO MIND,CHIMES,94,LW:RE,49,4,1991-01-13,1991,1990,1
8130,CLOSE ENCOUNTERS,BASSIX,98,LW:RE,77,4,1991-01-13,1991,1990,1
8109,THE BEE,SCIENTIST,47,LW:RE,47,4,1991-01-20,1991,1990,1
8108,I CALL YOUR NAME,A-HA,89,LW:RE,44,6,1991-01-20,1991,1990,1
7946,CUBIK/OLYMPIC,808 STATE,92,LW:RE,10,11,1991-01-20,1991,1990,1
8075,ALL MY TRIALS,PAUL MCCARTNEY,95,LW:RE,35,6,1991-01-20,1991,1990,1
7993,(I WANNA GIVE YOU) DEVOTION FT MC MIKEE FEDOM,NOMAD FEATURING MC MIKEE FREEDOM,14,LW:RE,14,4,1991-01-27,1991,1990,1
7061,EVERY BEAT OF THE HEART,RAILWAY CHILDREN,59,LW:RE,59,7,1991-01-27,1991,1990,1
8031,FOUND LOVE,DOUBLE DEE AND DANY,78,LW:RE,63,6,1991-02-03,1991,1990,2
7946,CUBIK/OLYMPIC,808 STATE,99,LW:RE,10,12,1991-02-10,1991,1990,2
8298,MOVE YOUR BODY (ELEVATION),XPANSIONS,28,LW:RE,28,6,1991-02-17,1991,1990,2
8198,BLOODSPORT FOR ALL,CARTER THE UNSTOPPABLE SEX MACHINE,96,LW:RE,48,3,1991-02-17,1991,1990,2
7081,HEAT OF THE MOMENT,AFTER 7,99,LW:RE,87,3,1991-02-24,1991,1990,2
5012,SHE'S LIKE THE WIND FT WENDY FRASER,PATRICK SWAYZE FEATURING WENDY FRASER,81,LW:RE,17,12,1991-03-03,1991,1990,3
6466,MOVE (DANCE ALL NIGHT),SLAM SLAM,88,LW:RE,87,2,1991-03-10,1991,1990,3
8442,WHE LOVE LIVES (COME ON IN),ALISON LIMERICK,44,LW:RE,44,3,1991-03-24,1991,1990,3
8059,SPICE,EON,93,LW:RE,79,4,1991-03-24,1991,1990,3
7526,KILL YOUR TELEVISION,NED'S ATOMIC DUSTBIN,99,LW:RE,53,3,1991-03-24,1991,1990,3
8365,SCUE ME,MADONNA,4,LW:RE,4,2,1991-04-07,1991,1990,4
8483,PROMISE ME,BEVERLEY CRAVEN,58,LW:RE,58,2,1991-04-14,1991,1990,4
8478,HOLD YOU TIGHT,TARA KEMP,70,LW:RE,70,2,1991-04-14,1991,1990,4
8509,VISION OF YOU {1991},BELINDA CARLISLE,71,LW:RE,41,5,1991-04-14,1991,1990,4
7856,FROM A DISTANCE,BETTE MIDLER,25,LW:RE,25,6,1991-06-09,1991,1990,6
8506,DEEP IN MY HEART,CLUBHOUSE,55,LW:RE,55,3,1991-06-16,1991,1990,6
8023,A BETTER LOVE,LONDONBEAT,33,LW:RE,33,6,1991-07-14,1991,1990,7
7510,PERFUME,PARIS ANGELS,69,LW:RE,69,2,1991-07-14,1991,1990,7
8752,APPANTLY NOTHIN' {1991 -LEASE},YOUNG DISCIPLES,33,LW:RE,33,5,1991-07-28,1991,1990,7
6983,INDIAN ROPE,THE CHARLATANS,57,LW:RE,57,4,1991-08-11,1991,1990,8
7512,ONLY LOVE CAN BAK YOUR HEART,SAINT ETIENNE,45,LW:RE,45,2,1991-09-01,1991,1990,9
8858,SUCH A GOOD FEELING {1991 -LEASE},BROTHERS IN RHYTHM,34,LW:RE,34,3,1991-09-08,1991,1990,9
8449,ALRIGHT,URBAN SOUL,44,LW:RE,44,5,1991-09-15,1991,1990,9
8738,GO,MOBY,26,LW:RE,26,4,1991-10-13,1991,1990,10
8997,RHYTHM IS A MYSTERY {1991 -LEASE},K-KLASS,8,LW:RE,8,3,1991-11-03,1991,1990,11
8931,I ADO MI AMOR,COLOR ME BADD,59,LW:RE,44,3,1991-11-03,1991,1990,11
8385,PLAYING WITH KNIVES,BIZARRE INC,9,LW:RE,9,6,1991-11-17,1991,1990,11
8961,DJ CULTU,PET SHOP BOYS,40,LW:RE,13,4,1991-11-17,1991,1990,11
8963,THE SHOW MUST GO ON,QUEEN,34,LW:RE,16,6,1991-12-01,1991,1990,12
9061,WICKED LOVE,OCEANIC,72,LW:RE,25,4,1991-12-22,1991,1990,12
8667,(EVERYTHING I DO) I DO IT FOR YOU,BRYAN ADAMS,73,LW:RE,1,25,1991-12-22,1991,1990,12
9062,SEND ME AN ANGEL,THE SCORPIONS,75,LW:RE,27,4,1991-12-22,1991,1990,12
9198,EROTICA,MADONNA,65,LW:RE,3,9,1993-01-03,1993,1990,1
8975,INSSOMNIAK,DJPC,64,LW:RE,62,5,1992-02-23,1992,1990,2
9300,TEARS IN HEAVEN,ERIC CLAPTON,32,LW:RE,32,4,1992-03-01,1992,1990,3
8908,THE PSSU PART 1,THE SOUNDS OF BLACKNESS,49,LW:RE,49,2,1992-04-19,1992,1990,4
9460,MY LOVIN',EN VOGUE,30,LW:RE,30,4,1992-05-03,1992,1990,5
9518,LEEDS LEEDS LEEDS,LEEDS UNITED AFC,54,LW:RE,54,2,1992-05-03,1992,1990,5
8457,"FIND 'EM, FOOL 'EM, FORGET 'EM",S-EXPRESS,43,LW:RE,43,3,1992-05-24,1992,1990,5
9574,TENNESSEE,ARRESTED DEVELOPMENT,57,LW:RE,46,5,1992-07-05,1992,1990,7
8938,GOODBYE CRUEL WORLD,SHAKESPEARS SISTER,40,LW:RE,40,3,1992-07-12,1992,1990,7
8501,SILENT LUCIDITY,QUEENSRYCHE,23,LW:RE,23,6,1992-08-02,1992,1990,8
9816,HOLD IT DOWN {1992 -ISSUE},2 BAD MICE,48,LW:RE,48,2,1992-08-02,1992,1990,8
9885,EBENEEZER GOODE,THE SHAMEN,1,LW:RE,1,5,1992-10-04,1992,1990,10
9812,TRIP II THE MOON,ACEN,71,LW:RE,38,4,1992-10-04,1992,1990,10
10081,FE YOUR MIND/GIVING HIM SOMETHING HE CAN FEEL,EN VOGUE,24,LW:RE,24,4,1992-11-01,1992,1990,11
9538,IT'S JUST A FEELING,TERRORIZE,47,LW:RE,47,4,1992-11-08,1992,1990,11
9455,PTEND WE' DEAD,L7,66,LW:RE,21,8,1992-11-22,1992,1990,11
9199,TELEVISION THE DRUG OF THE NATION,DISPOSABLE HEROES OF HIPHOPRISY,44,LW:RE,44,3,1992-12-13,1992,1990,12
9205,GOLD,EAST 17,71,LW:RE,28,5,1992-12-13,1992,1990,12
10169,IF I CAN DAM,MICHAEL BALL,68,LW:RE,51,2,1992-12-20,1992,1990,12
9202,IF YOU ASKED ME TO,CELINE DION,71,LW:RE,60,3,1992-12-20,1992,1990,12
10146,LOVE OH LOVE,LIONEL RICHIE,73,LW:RE,52,4,1992-12-20,1992,1990,12
10243,BOTH SIDES OF THE STORY,PHIL COLLINS,61,LW:RE,7,6,1993-12-26,1994,1990,12
10253,AL LOVE '93,THE TIME FREQUENCY,71,LW:RE,8,7,1993-12-26,1994,1990,12
9178,ALL ALONE ON CHRISTMAS,DARLENE LOVE,72,LW:RE,31,5,1993-12-26,1994,1990,12
10315,VIENNA {1993},ULTRAVOX,21,LW:RE,2,15,1993-01-31,1993,1990,1
9140,SLAM JAM,WWF SUPERSTARS,75,LW:RE,4,9,1993-02-07,1993,1990,2
10069,WHEN YOU GONNA LEARN,JAMIROQUAI,69,LW:RE,52,3,1993-02-14,1993,1990,2
8302,TILL WE MEET AGAIN,INNER CITY,55,LW:RE,47,4,1993-02-21,1993,1990,2
10271,SHOW ME LOVE,ROBIN S,44,LW:RE,44,4,1993-03-07,1993,1990,3
10257,I'M EASY/BE AGGSSIVE,FAITH NO MORE,75,LW:RE,3,8,1993-03-07,1993,1990,3
8425,WHE DOES MY HEART BEAT NOW,CELINE DION,72,LW:RE,72,4,1993-03-28,1993,1990,3
10553,SWEAT (A LA LA LA LA LONG) {1993},INNER CIRCLE,20,LW:RE,20,6,1993-04-25,1993,1990,4
9197,CAN'T GET ENOUGH OF YOUR LOVE,KWS,71,LW:RE,49,4,1993-05-30,1993,1990,5
10552,FIVE LIVE (EP),GEORGE MICHAEL AND QUEEN WITH LISA STANSFIELD,74,LW:RE,1,12,1993-07-18,1993,1990,7
10952,ACE OF SPADES {1993},MOTORHEAD,25,LW:RE,15,13,1993-09-05,1993,1990,9
9263,COME ON!,SOLO,63,LW:RE,63,2,1993-09-05,1993,1990,9
11017,LAX {1993},FRANKIE GOES TO HOLLYWOOD,6,LW:RE,1,64,1993-09-26,1993,1990,9
10230,GIVE IT UP {1993 -LEASE},GOODMEN,56,LW:RE,23,6,1993-10-03,1993,1990,10
10212,RUNAWAY TRAIN {1993 -LEASE},SOUL ASYLUM,11,LW:RE,11,9,1993-11-07,1993,1990,11
10235,LIGHT MY FI FT CARL,CLUBHOUSE FEATURING CARL,45,LW:RE,45,2,1993-11-07,1993,1990,11
9710,I DROVE ALL NIGHT,ROY ORBISON,47,LW:RE,7,11,1993-11-07,1993,1990,11
10953,HEY MR. DJ,ZHANE,50,LW:RE,26,4,1993-11-28,1993,1990,11
10191,BAT OUT OF HELL {1993},MEAT LOAF,11,LW:RE,11,8,1993-12-12,1993,1990,12
10196,THE POWER OF LOVE {1993},FRANKIE GOES TO HOLLYWOOD,15,LW:RE,1,19,1993-12-12,1993,1990,12
9135,I WILL ALWAYS LOVE YOU,WHITNEY HOUSTON,50,LW:RE,1,24,1993-12-12,1993,1990,12
10208,I'M THE LEADER OF THE GANG,HULK HOGAN WITH GREEN JELLY,29,LW:RE,27,4,1993-12-19,1993,1990,12
10235,LIGHT MY FI FT CARL,CLUBHOUSE FEATURING CARL,69,LW:RE,45,7,1993-12-19,1993,1990,12
917,WHITE LINES (DON'T DO IT),GRANDMASTER FLASH AND MELLE MEL,67,LW:RE,7,58,1994-01-02,1994,1990,1
10201,DAUGHTER,PEARL JAM,84,LW:RE,18,6,1994-02-06,1994,1990,2
11257,YOUR GHOST,KRISTIN HERSH,86,LW:RE,45,3,1994-02-06,1994,1990,2
11217,MY HOUSE,TERRORVISION,88,LW:RE,29,5,1994-02-06,1994,1990,2
11342,I GOT YOU BABE,CHER WITH BEAVIS AND BUTTHEAD,91,LW:RE,35,4,1994-02-06,1994,1990,2
11258,AUTUMN LEAVES,COLDCUT,93,LW:RE,50,3,1994-02-06,1994,1990,2
11224,WHO LET IN THE RAIN,CYNDI LAUPER,95,LW:RE,32,5,1994-02-06,1994,1990,2
11215,COLD COLD HEART,WET WET WET,96,LW:RE,20,5,1994-02-06,1994,1990,2
10220,WHAT'S MY NAME?,SNOOP DOGGY DOGG,95,LW:RE,20,9,1994-02-13,1994,1990,2
11237,WHY DON'T YOU TAKE ME,ONE DOVE,98,LW:RE,30,4,1994-02-13,1994,1990,2
1428,TWO TRIBES,FRANKIE GOES TO HOLLYWOOD,16,LW:RE,1,27,1994-02-20,1994,1990,2
10551,FAK ME,SILK,72,LW:RE,46,6,1994-02-20,1994,1990,2
11406,YOU' THE ONE FOR ME,D TRAIN,76,LW:RE,30,9,1994-02-20,1994,1990,2
11329,I'D DO ANYTHING FOR LOVE (BUT I..),MEAT LOAF,82,LW:RE,1,20,1994-02-20,1994,1990,2
11331,BAT OUT OF HELL,MEAT LOAF,91,LW:RE,8,17,1994-02-20,1994,1990,2
10435,SHINE ON ME,LOVESTATION,93,LW:RE,71,2,1994-02-20,1994,1990,2
11415,NUTHIN' BUT A `G' THANG/LET ME RIDE,DR DRE,95,LW:RE,31,4,1994-02-20,1994,1990,2
10202,DON'T LOOK ANY FURTHER,M PEOPLE,96,LW:RE,9,11,1994-02-20,1994,1990,2
3445,WONDERFUL LIFE,BLACK,42,LW:RE,42,7,1994-02-27,1994,1990,2
11319,ALL THRU THE NITE,P.O.V. WITH JADE,83,LW:RE,41,3,1994-02-27,1994,1990,2
11233,HE I STAND,BITTY MCLEAN,94,LW:RE,10,7,1994-02-27,1994,1990,2
11321,MUDDY WATER BLUES,PAUL RODGERS,98,LW:RE,45,3,1994-02-27,1994,1990,2
11236,EVERYDAY,PHIL COLLINS,99,LW:RE,15,6,1994-02-27,1994,1990,2
11267,LOVER,JOE ROBERTS,91,LW:RE,22,6,1994-03-06,1994,1990,3
11245,CORNFLAKE GIRL,TORI AMOS,97,LW:RE,4,7,1994-03-06,1994,1990,3
11275,GIVE IT AWAY,RED HOT CHILI PEPPERS,99,LW:RE,9,5,1994-03-06,1994,1990,3
9725,U R THE BEST THING,D:REAM,5,LW:RE,5,2,1994-03-20,1994,1990,3
10931,SOMEBODY TO SHOVE,SOUL ASYLUM,32,LW:RE,32,4,1994-03-20,1994,1990,3
11009,I'M IN A PHILLY MOOD,DARYL HALL,67,LW:RE,59,3,1994-03-20,1994,1990,3
11411,BUMP N' GRIND,R KELLY,79,LW:RE,79,4,1994-04-03,1994,1990,4
11565,POWER OF LOVE,Q-TEX,89,LW:RE,65,2,1994-04-17,1994,1990,4
11337,LIGHT MY FI,CLUBHOUSE,11,LW:RE,11,2,1994-04-24,1994,1990,4
9391,UNDER THE BRIDGE,RED HOT CHILI PEPPERS,13,LW:RE,13,5,1994-04-24,1994,1990,4
11432,YOUNG GIRL,JOE LONGTHORNE,61,LW:RE,61,3,1994-04-24,1994,1990,4
11614,IT'S NOT MY FAULT,BLINK,97,LW:RE,97,2,1994-05-01,1994,1990,5
11498,SLEEPING IN MY CAR,ROXETTE,89,LW:RE,14,7,1994-05-08,1994,1990,5
11703,TEENAGE KICKS,UNDERTONES,91,LW:RE,31,7,1994-05-08,1994,1990,5
11608,CHINESE BAKERY,AUTEURS,100,LW:RE,42,3,1994-05-08,1994,1990,5
4828,DIGNITY,DEACON BLUE,20,LW:RE,20,9,1994-05-22,1994,1990,5
11736,SATURDAY NIGHT PARTY,ALEX PARTY,29,LW:RE,29,7,1994-05-22,1994,1990,5
11644,BULL IN THE HEATHER,SONIC YOUTH,87,LW:RE,24,4,1994-06-05,1994,1990,6
11780,RIVER DANCE,BILL WHELAN,97,LW:RE,95,2,1994-06-19,1994,1990,6
11866,I DON'T LIKE MONDAYS,BOOMTOWN RATS,38,LW:RE,1,13,1994-06-26,1994,1990,6
11688,IF YOU GO,JON SECADA,71,LW:RE,39,6,1994-06-26,1994,1990,6
11570,U GIRLS,NUSH,58,LW:RE,58,2,1994-07-17,1994,1990,7
11649,SET YOU FE,N-TRANCE FEAT KELLY LLORENNA,92,LW:RE,39,6,1994-07-24,1994,1990,7
11302,LIKE TO MOVE IT,REEL 2 REAL FEAT MAD STUNTMAN,93,LW:RE,5,22,1994-07-24,1994,1990,7
11992,SUMMERTIME,DJ JAZZY JEFF AND FRESH PRINCE,30,LW:RE,8,9,1994-07-31,1994,1990,7
11780,RIVER DANCE,BILL WHELAN,94,LW:RE,94,3,1994-07-31,1994,1990,7
11868,GHETTO DAY/WHAT I NEED,CRYSTAL WATERS,96,LW:RE,40,4,1994-07-31,1994,1990,7
11818,CLOSER,NINE INCH NAILS,98,LW:RE,25,4,1994-07-31,1994,1990,7
11757,THE BEAUTIFUL EXPERIENCE,(SYMBOL),99,LW:RE,18,5,1994-07-31,1994,1990,7
9191,RUMP SHAKER,WRECKX-N-EFFECT,40,LW:RE,24,8,1994-08-07,1994,1990,8
11675,AROUND THE WORLD,EAST 17,78,LW:RE,3,14,1994-08-14,1994,1990,8
11764,CRAZY,JULIO IGLESIAS,50,LW:RE,43,4,1994-08-21,1994,1990,8
11859,SHAKERMAKER,OASIS,84,LW:RE,11,7,1994-08-21,1994,1990,8
11942,FANTASTIC VOYAGE,COOLIO,100,LW:RE,41,3,1994-08-28,1994,1990,8
11219,WHOOMP! (THE IT IS),TAG TEAM,48,LW:RE,34,6,1994-09-04,1994,1990,9
11780,RIVER DANCE,BILL WHELAN,99,LW:RE,94,5,1994-09-04,1994,1990,9
11881,UNITED,PRINCE ITAL JOE FT MARKY MARK,80,LW:RE,80,2,1994-09-11,1994,1990,9
11956,LIBIAMO/LA DONNA E MOBILE,CARRERAS/DOMINGO/PAVAROTTI,91,LW:RE,21,5,1994-09-11,1994,1990,9
11883,LOVE AIN'T HE ANYMO,TAKE THAT,77,LW:RE,3,11,1994-09-18,1994,1990,9
11961,FROM HE TO ETERNITY,MICHAEL BALL,95,LW:RE,36,4,1994-09-18,1994,1990,9
11675,AROUND THE WORLD,EAST 17,98,LW:RE,3,16,1994-09-18,1994,1990,9
11270,GET OFF YOUR HIGH HORSE,ROLLO GOES CAMPING,47,LW:RE,43,3,1994-09-25,1994,1990,9
11405,JESSIE,JOSHUA KADISON,48,LW:RE,48,4,1994-09-25,1994,1990,9
11565,POWER OF LOVE,Q-TEX,76,LW:RE,65,5,1994-09-25,1994,1990,9
11616,COME ON YOU DS,MANCHESTER UTD FOOTBALL SQUAD,100,LW:RE,1,16,1994-09-25,1994,1990,9
12165,YESTERDAY ONCE MO/SUPERSTAR,REDD KROSS/SONIC YOUTH,92,LW:RE,45,3,1994-10-02,1994,1990,10
11143,HAPPY NATION,ACE OF BASE,40,LW:RE,40,4,1994-10-09,1994,1990,10
11675,AROUND THE WORLD,EAST 17,91,LW:RE,3,17,1994-10-09,1994,1990,10
12090,DO YOU WANNA GET FUNKY,C&C MUSIC FACTORY,95,LW:RE,27,4,1994-10-09,1994,1990,10
11952,RUN TO THE SUN,ERASURE,96,LW:RE,6,6,1994-10-09,1994,1990,10
12117,DAMER,LIVIN' JOY,85,LW:RE,18,7,1994-10-16,1994,1990,10
12056,LIVE FOVER,OASIS,100,LW:RE,10,6,1994-10-16,1994,1990,10
12412,ANOTHER NIGHT,(MC SAR &) THE REAL MCCOY,17,LW:RE,17,2,1994-10-30,1994,1990,10
11931,GULATE,WARREN G & NATE DOGG,78,LW:RE,5,15,1994-10-30,1994,1990,10
12216,VOODOO PEOPLE,PRODIGY,79,LW:RE,13,6,1994-10-30,1994,1990,10
11955,COMPLIMENTS ON YOUR KISS,RED DRAGON WITH BRIAN AND TONY,80,LW:RE,2,14,1994-10-30,1994,1990,10
11812,I SWEAR,ALL-4-ONE,83,LW:RE,2,19,1994-10-30,1994,1990,10
11954,TROUBLE,SHAMPOO,90,LW:RE,11,13,1994-10-30,1994,1990,10
12018,WHAT'S UP,DJ MIKO,93,LW:RE,6,11,1994-10-30,1994,1990,10
12218,WE A THE PIGS,SUEDE,91,LW:RE,18,4,1994-11-06,1994,1990,11
12117,DAMER,LIVIN' JOY,99,LW:RE,18,9,1994-11-06,1994,1990,11
6308,LET ME LOVE YOU FOR TONIGHT,KARIYA,79,LW:RE,44,11,1994-11-13,1994,1990,11
12057,EIGHTEEN STRINGS,TINMAN,83,LW:RE,9,9,1994-11-13,1994,1990,11
12188,LOVE HE I COME (MIX),BAD BOYS INC.,93,LW:RE,26,5,1994-11-13,1994,1990,11
12059,SOMEONE TO LOVE,SEAN MAGUIRE,96,LW:RE,14,8,1994-11-13,1994,1990,11
12060,SO GOOD,ETERNAL,97,LW:RE,13,8,1994-11-13,1994,1990,11
10542,CRAZY FOR YOU,LET LOOSE,81,LW:RE,2,22,1994-11-20,1994,1990,11
12018,WHAT'S UP,DJ MIKO,82,LW:RE,6,13,1994-11-20,1994,1990,11
11915,SEARCHING,CHINA BLACK,85,LW:RE,4,18,1994-11-20,1994,1990,11
12216,VOODOO PEOPLE,PRODIGY,90,LW:RE,13,8,1994-11-20,1994,1990,11
11812,I SWEAR,ALL-4-ONE,95,LW:RE,2,21,1994-11-20,1994,1990,11
11742,LOW,CRACKER,54,LW:RE,40,6,1994-11-27,1994,1990,11
11846,7 SECONDS,YOUSSOU N'DOUR FT NENEH CHERRY,83,LW:RE,3,22,1994-11-27,1994,1990,11
12142,THE QUEEN'S ANTHEM,LOLEATTA HOLLOWAY,86,LW:RE,77,3,1994-11-27,1994,1990,11
12185,"WHAT'S THE FQUENCY, KENNETH?",REM,89,LW:RE,9,9,1994-11-27,1994,1990,11
11143,HAPPY NATION,ACE OF BASE,94,LW:RE,40,8,1994-11-27,1994,1990,11
12555,SHAKE YOUR GROOVE THING,PEACHES & HERB,99,LW:RE,26,11,1994-11-27,1994,1990,11
5922,ONE MAN,CHANELLE,50,LW:RE,16,9,1994-12-04,1994,1990,12
12154,CONFIDE IN ME,KYLIE MINOGUE,78,LW:RE,2,11,1994-12-04,1994,1990,12
11931,GULATE,WARREN G & NATE DOGG,92,LW:RE,5,18,1994-12-04,1994,1990,12
11823,INCDIBLE,M-BEAT FEAT GENERAL LEVY,97,LW:RE,8,10,1994-12-04,1994,1990,12
11780,RIVER DANCE,BILL WHELAN,53,LW:RE,53,6,1994-12-11,1994,1990,12
11955,COMPLIMENTS ON YOUR KISS,RED DRAGON WITH BRIAN AND TONY,78,LW:RE,2,18,1994-12-11,1994,1990,12
11812,I SWEAR,ALL-4-ONE,88,LW:RE,2,22,1994-12-11,1994,1990,12
12280,BEST OF MY LOVE,C J LEWIS,89,LW:RE,13,7,1994-12-11,1994,1990,12
12286,I WANT THE WORLD,2WO THIRD3,90,LW:RE,20,6,1994-12-11,1994,1990,12
12449,PUSH,MOIST,93,LW:RE,35,4,1994-12-11,1994,1990,12
9178,ALL ALONE ON CHRISTMAS,DARLENE LOVE,95,LW:RE,31,6,1994-12-11,1994,1990,12
12282,IF I GIVE YOU MY NUMBER,PJ & DUNCAN,97,LW:RE,15,9,1994-12-11,1994,1990,12
11506,YOU KNOW HOW WE DO IT,ICE CUBE,46,LW:RE,41,4,1994-12-18,1994,1990,12
11846,7 SECONDS,YOUSSOU N'DOUR FT NENEH CHERRY,68,LW:RE,3,24,1994-12-18,1994,1990,12
6968,TELL ME THE'S A HEAVEN,CHRIS REA,70,LW:RE,24,7,1994-12-18,1994,1990,12
12115,I'LL MAKE LOVE TO YOU,BOYZ II MEN,75,LW:RE,5,13,1994-12-18,1994,1990,12
11328,MR BLOBBY,MR BLOBBY,76,LW:RE,1,13,1994-12-18,1994,1990,12
12348,CIGATTES & ALCOHOL,OASIS,79,LW:RE,7,9,1994-12-18,1994,1990,12
12382,WHEN WE DANCE,STING,83,LW:RE,9,8,1994-12-18,1994,1990,12
12249,STEAM,EAST 17,84,LW:RE,7,9,1994-12-18,1994,1990,12
12278,SECT,MADONNA,94,LW:RE,5,10,1994-12-18,1994,1990,12
12184,ENDLESS LOVE,LUTHER VANDROSS & MARIAH CAREY,97,LW:RE,3,11,1994-12-18,1994,1990,12
12354,THE STRANGEST PARTY(THESE A THE TIMES),INXS,99,LW:RE,15,6,1994-12-18,1994,1990,12
12517,FRAGILE,JULIO IGLESIAS,66,LW:RE,53,3,1994-12-25,1994,1990,12
12155,THE RHYTHM OF THE NIGHT,CORONA,71,LW:RE,2,15,1994-12-25,1994,1990,12
12441,THIS DJ,WARREN G,72,LW:RE,12,6,1994-12-25,1994,1990,12
12416,TAKE THIS TIME,SEAN MAGUIRE,74,LW:RE,27,5,1994-12-25,1994,1990,12
11556,SEVENTEEN,LET LOOSE,77,LW:RE,11,7,1994-12-25,1994,1990,12
12351,SOME GIRLS,ULTIMATE KAOS,78,LW:RE,9,9,1994-12-25,1994,1990,12
12442,ONE LAST LOVE SONG,BEAUTIFUL SOUTH,79,LW:RE,14,6,1994-12-25,1994,1990,12
12473,END OF A CENTURY,BLUR,81,LW:RE,19,4,1994-12-25,1994,1990,12
12472,THE WILD ONES,SUEDE,86,LW:RE,18,5,1994-12-25,1994,1990,12
12280,BEST OF MY LOVE,C J LEWIS,87,LW:RE,13,8,1994-12-25,1994,1990,12
12444,NONE OF YOUR BUSINESS,SALT N PEPA,89,LW:RE,19,5,1994-12-25,1994,1990,12
12443,BANG AND BLAME,REM,90,LW:RE,15,5,1994-12-25,1994,1990,12
11823,INCDIBLE,M-BEAT FEAT GENERAL LEVY,91,LW:RE,8,11,1994-12-25,1994,1990,12
12499,SPIN THE BLACK CIRCLE,PEARL JAM,93,LW:RE,10,4,1994-12-25,1994,1990,12
12387,SLY,MASSIVE ATTACK,94,LW:RE,24,5,1994-12-25,1994,1990,12
12415,CRAZY/BLIND MAN,AEROSMITH,95,LW:RE,23,5,1994-12-25,1994,1990,12
12384,STARS,CHINA BLACK,96,LW:RE,19,8,1994-12-25,1994,1990,12
12505,SU SHOT,BEASTIE BOYS,98,LW:RE,27,4,1994-12-25,1994,1990,12
12483,I.O.U.,BILL TARMEY,99,LW:RE,55,3,1994-12-25,1994,1990,12
12417,SPEND SOME TIME,BRAND NEW HEAVIES,100,LW:RE,26,5,1994-12-25,1994,1990,12
12282,IF I GIVE YOU MY NUMBER,PJ & DUNCAN,85,LW:RE,15,10,1995-01-01,1995,1990,1
12313,MOVE IT UP/BIG BEAT,CAPPELLA,91,LW:RE,16,7,1995-01-01,1995,1990,1
12383,YOU NEVER LOVE THE SAME WAY TWICE,ROZALLA,92,LW:RE,16,6,1995-01-01,1995,1990,1
11539,SO MUCH IN LOVE,ALL-4-ONE,93,LW:RE,49,3,1995-01-01,1995,1990,1
12445,MELODY OF LOVE (WANNA BE LOVED),DONNA SUMMER,100,LW:RE,21,4,1995-01-01,1995,1990,1
12327,TOTAL ECLIPSE OF THE HEART,NICKI FRENCH,12,LW:RE,12,3,1995-01-08,1995,1990,1
12189,WELCOME TO TOMORROW,SNAP! FEATURING SUMMER,75,LW:RE,6,14,1995-01-08,1995,1990,1
12500,YOU WANT THIS,JANET JACKSON,80,LW:RE,14,4,1995-01-08,1995,1990,1
12382,WHEN WE DANCE,STING,83,LW:RE,9,10,1995-01-08,1995,1990,1
12566,I WANNA BE DOWN,BRANDY,85,LW:RE,44,4,1995-01-08,1995,1990,1
12479,YOUR LOVING ARMS,BILLIE RAY MARTIN,88,LW:RE,38,4,1995-01-08,1995,1990,1
12537,LOVE SHOULDA BROUGHT YOU HOME,TONI BRAXTON,93,LW:RE,33,4,1995-01-08,1995,1990,1
11859,SHAKERMAKER,OASIS,97,LW:RE,11,9,1995-01-08,1995,1990,1
12598,LOVE'S GOT ME ON A TRIP SO HIGH,LONI CLARK,98,LW:RE,59,3,1995-01-08,1995,1990,1
12056,LIVE FOVER,OASIS,99,LW:RE,10,7,1995-01-08,1995,1990,1
12256,OOH AAH (G-SPOT),WAYNE MARSHALL,100,LW:RE,29,4,1995-01-08,1995,1990,1
12563,OUT OF TEARS,ROLLING STONES,82,LW:RE,36,5,1995-01-15,1995,1990,1
12538,ODE TO MY FAMILY,CRANBERRIES,84,LW:RE,26,7,1995-01-15,1995,1990,1
12503,ON BENDED KNEE,BOYZ II MEN,86,LW:RE,20,4,1995-01-15,1995,1990,1
12517,FRAGILE,JULIO IGLESIAS,87,LW:RE,53,5,1995-01-15,1995,1990,1
12535,I LOVE SATURDAY,ERASURE,88,LW:RE,20,7,1995-01-15,1995,1990,1
12217,SWEETNESS,MICHELLE GAYLE,89,LW:RE,4,17,1995-01-15,1995,1990,1
11091,TEXAS COWBOYS,GRID,90,LW:RE,17,7,1995-01-15,1995,1990,1
12595,HIBERNACULUM,MIKE OLDFIELD,91,LW:RE,47,4,1995-01-15,1995,1990,1
12414,IF I ONLY KNEW,TOM JONES,95,LW:RE,11,11,1995-01-15,1995,1990,1
12594,GALLOWS POLE,JIMMY PAGE & ROBERT PLANT,97,LW:RE,35,4,1995-01-15,1995,1990,1
12509,LOVE THE ONE YOU' WITH,LUTHER VANDROSS,99,LW:RE,31,5,1995-01-15,1995,1990,1
12559,ALL I HAVE TO DO IS DAM,CLIFF RICHARD WITH PHIL EVERLY,77,LW:RE,14,7,1995-01-22,1995,1990,1
12256,OOH AAH (G-SPOT),WAYNE MARSHALL,98,LW:RE,29,5,1995-01-22,1995,1990,1
12479,YOUR LOVING ARMS,BILLIE RAY MARTIN,99,LW:RE,38,5,1995-01-22,1995,1990,1
12582,PLEASE COME HOME FOR CHRISTMAS,BON JOVI,79,LW:RE,7,7,1995-01-29,1995,1990,1
12349,SHE'S GOT THAT VIBE,R KELLY,90,LW:RE,3,15,1995-01-29,1995,1990,1
12414,IF I ONLY KNEW,TOM JONES,99,LW:RE,11,12,1995-01-29,1995,1990,1
12412,ANOTHER NIGHT,(MC SAR &) THE REAL MCCOY,85,LW:RE,2,14,1995-02-05,1995,1990,2
12556,ALL I WANT FOR CHRISTMAS IS YOU,MARIAH CAREY,87,LW:RE,2,8,1995-02-05,1995,1990,2
12588,I WANT TO BE ALONE,2WO THIRD3,97,LW:RE,29,6,1995-02-05,1995,1990,2
12215,ALWAYS,BON JOVI,98,LW:RE,2,19,1995-02-05,1995,1990,2
12533,"HOLD ME, THRILL ME, KISS ME",GLORIA ESTEFAN,80,LW:RE,11,11,1995-02-12,1995,1990,2
12587,WHEN I'M CLEANING WINDOWS (TURNED OUT...,2 IN A TENT,99,LW:RE,25,6,1995-02-12,1995,1990,2
12183,SATURDAY NIGHT,WHIGFIELD,100,LW:RE,1,19,1995-02-12,1995,1990,2
12581,POWER RANGERS,MIGHTY MORPH'N POWER RANGERS,73,LW:RE,3,10,1995-02-19,1995,1990,2
11881,UNITED,PRINCE ITAL JOE FT MARKY MARK,79,LW:RE,79,4,1995-02-19,1995,1990,2
12411,ALL I WANNA DO,SHERYL CROW,90,LW:RE,4,16,1995-02-19,1995,1990,2
12529,LOVE SPADS,STONE ROSES,94,LW:RE,2,12,1995-02-19,1995,1990,2
12314,PUSH THE FEELING ON,NIGHTCRAWLERS,9,LW:RE,9,6,1995-02-26,1995,1990,2
12582,PLEASE COME HOME FOR CHRISTMAS,BON JOVI,46,LW:RE,7,10,1995-02-26,1995,1990,2
12412,ANOTHER NIGHT,(MC SAR &) THE REAL MCCOY,87,LW:RE,2,16,1995-02-26,1995,1990,2
12558,ANOTHER DAY,WHIGFIELD,93,LW:RE,7,11,1995-02-26,1995,1990,2
2116,IMAGINATION,BELOUIS SOME,95,LW:RE,50,12,1995-02-26,1995,1990,2
12662,HOOCHIE BOOTY,ULTIMATE KAOS,99,LW:RE,17,5,1995-02-26,1995,1990,2
12735,NEW GENERATION,SUEDE,75,LW:RE,21,4,1995-03-05,1995,1990,3
12743,I'M GONNA BE STRONG,CYNDI LAUPER,81,LW:RE,37,3,1995-03-05,1995,1990,3
12529,LOVE SPADS,STONE ROSES,86,LW:RE,2,13,1995-03-05,1995,1990,3
12738,ALMOST SEE YOU (SOMEWHE),CHINA BLACK,92,LW:RE,31,3,1995-03-05,1995,1990,3
12251,BABY COME BACK,PATO BANTON,94,LW:RE,1,19,1995-03-05,1995,1990,3
12706,NOW THEY'LL SLEEP,BELLY,95,LW:RE,28,3,1995-03-05,1995,1990,3
12585,SWEET LOVE,M-BEAT FEATURING NAZLYN,98,LW:RE,18,8,1995-03-05,1995,1990,3
12658,DON'T STOP,OUTHERE BROTHERS,100,LW:RE,80,8,1995-03-05,1995,1990,3
12470,WE HAVE ALL THE TIME IN THE WORLD,LOUIS ARMSTRONG,66,LW:RE,3,17,1995-03-12,1995,1990,3
12533,"HOLD ME, THRILL ME, KISS ME",GLORIA ESTEFAN,68,LW:RE,11,14,1995-03-12,1995,1990,3
12467,LET ME BE YOUR FANTASY,BABY D,81,LW:RE,1,17,1995-03-12,1995,1990,3
12614,CRAZY,ETERNAL,95,LW:RE,15,8,1995-03-12,1995,1990,3
12565,GUAGLIONE,PEREZ 'PREZ' PRADO & HIS ORCH,96,LW:RE,41,6,1995-03-12,1995,1990,3
12581,POWER RANGERS,MIGHTY MORPH'N POWER RANGERS,65,LW:RE,3,13,1995-03-19,1995,1990,3
12558,ANOTHER DAY,WHIGFIELD,82,LW:RE,7,12,1995-03-19,1995,1990,3
12707,CRUSH WITH EYELINER,REM,95,LW:RE,23,4,1995-03-19,1995,1990,3
12585,SWEET LOVE,M-BEAT FEATURING NAZLYN,99,LW:RE,18,9,1995-03-19,1995,1990,3
11845,TWO CAN PLAY THAT GAME,BOBBY BROWN,5,LW:RE,5,12,1995-03-26,1995,1990,3
12615,U SU DO,STRIKE,6,LW:RE,6,6,1995-03-26,1995,1990,3
8723,SHELTER ME,CIRCUIT,50,LW:RE,44,3,1995-03-26,1995,1990,3
11303,TWIST & SHOUT,CHAKA DEMUS & PLIERS,67,LW:RE,1,15,1995-03-26,1995,1990,3
12613,THEM GIRLS THEM GIRLS,ZIG AND ZAG,87,LW:RE,5,13,1995-03-26,1995,1990,3
12530,STAY ANOTHER DAY,EAST 17,86,LW:RE,1,16,1995-04-02,1995,1990,4
12680,SHE'S A RIVER,SIMPLE MINDS,90,LW:RE,9,8,1995-04-02,1995,1990,4
12558,ANOTHER DAY,WHIGFIELD,95,LW:RE,7,13,1995-04-02,1995,1990,4
12795,EVERYTIME YOU TOUCH ME,MOBY,97,LW:RE,28,4,1995-04-02,1995,1990,4
12628,TELL ME WHEN,HUMAN LEAGUE,100,LW:RE,6,10,1995-04-02,1995,1990,4
12841,TEN STOY LOVE SONG,STONE ROSES,83,LW:RE,11,4,1995-04-09,1995,1990,4
12557,LOVE ME FOR A ASON,BOYZONE,85,LW:RE,2,14,1995-04-09,1995,1990,4
12642,GLORY BOX,PORTISHEAD,93,LW:RE,13,8,1995-04-09,1995,1990,4
12705,ALWAYS AND FOVER,LUTHER VANDROSS,100,LW:RE,20,6,1995-04-09,1995,1990,4
12035,SOUR TIMES,PORTISHEAD,13,LW:RE,13,3,1995-04-16,1995,1990,4
12789,SOMEDAY I'LL BE SATURDAY NIGHT,BON JOVI,78,LW:RE,7,8,1995-04-16,1995,1990,4
12791,OUR RADIO ROCKS,PJ & DUNCAN,94,LW:RE,15,6,1995-04-16,1995,1990,4
5368,YEKE YEKE,MORY KANTE,95,LW:RE,25,4,1995-04-16,1995,1990,4
12703,OPEN YOUR HEART,M PEOPLE,96,LW:RE,9,8,1995-04-16,1995,1990,4
12732,THIS COWBOY SONG,STING,99,LW:RE,15,7,1995-04-16,1995,1990,4
12682,ONE NIGHT STAND,LET LOOSE,79,LW:RE,12,7,1995-04-23,1995,1990,4
12998,VISION,EMILY VAN EVERA/SISTER G FRITZ,95,LW:RE,81,2,1995-04-23,1995,1990,4
12705,ALWAYS AND FOVER,LUTHER VANDROSS,96,LW:RE,20,7,1995-04-23,1995,1990,4
12582,PLEASE COME HOME FOR CHRISTMAS,BON JOVI,99,LW:RE,7,14,1995-04-23,1995,1990,4
12565,GUAGLIONE,PEREZ 'PREZ' PRADO & HIS ORCH,11,LW:RE,11,12,1995-04-30,1995,1990,4
11779,LIFTING ME HIGHER,GEMS FOR JEM,28,LW:RE,28,2,1995-04-30,1995,1990,4
12833,FAK LIKE ME,ADINA HOWARD,33,LW:RE,33,3,1995-04-30,1995,1990,4
12530,STAY ANOTHER DAY,EAST 17,64,LW:RE,1,19,1995-04-30,1995,1990,4
12788,BEDTIME STORY,MADONNA,66,LW:RE,4,10,1995-04-30,1995,1990,4
12327,TOTAL ECLIPSE OF THE HEART,NICKI FRENCH,85,LW:RE,5,16,1995-04-30,1995,1990,4
12689,TOCCATA & FUGUE,VANESSA-MAE,86,LW:RE,16,11,1995-04-30,1995,1990,4
12348,CIGATTES & ALCOHOL,OASIS,88,LW:RE,7,12,1995-04-30,1995,1990,4
11859,SHAKERMAKER,OASIS,90,LW:RE,11,10,1995-04-30,1995,1990,4
11603,SUPERSONIC,OASIS,91,LW:RE,31,5,1995-04-30,1995,1990,4
11780,RIVER DANCE,BILL WHELAN,92,LW:RE,9,22,1995-04-30,1995,1990,4
12942,"1, 2, 3, 4 - TIC TOC",ULTRA SONIC,94,LW:RE,77,3,1995-04-30,1995,1990,4
12056,LIVE FOVER,OASIS,97,LW:RE,10,8,1995-04-30,1995,1990,4
12733,COWBOY DAMS,JIMMY NAIL,100,LW:RE,13,8,1995-04-30,1995,1990,4
12117,DAMER,LIVIN' JOY,1,LW:RE,1,12,1995-05-07,1995,1990,5
12626,WHATEVER,OASIS,84,LW:RE,3,11,1995-05-07,1995,1990,5
12789,SOMEDAY I'LL BE SATURDAY NIGHT,BON JOVI,86,LW:RE,7,10,1995-05-14,1995,1990,5
12327,TOTAL ECLIPSE OF THE HEART,NICKI FRENCH,87,LW:RE,5,17,1995-05-14,1995,1990,5
12899,ALWAYS SOMETHING THE TO MIND ME,TIN TIN OUT FEAT ESPIRITU,92,LW:RE,14,6,1995-05-14,1995,1990,5
12689,TOCCATA & FUGUE,VANESSA-MAE,95,LW:RE,16,12,1995-05-14,1995,1990,5
12963,MELLOW DOUBT,TEENAGE FANCLUB,100,LW:RE,34,3,1995-05-14,1995,1990,5
12877,I KNOW,DIONNE FARRIS,41,LW:RE,41,3,1995-05-21,1995,1990,5
12820,BELIEVE,ELTON JOHN,79,LW:RE,15,11,1995-05-21,1995,1990,5
12755,NO MO 'I LOVE YOU'S',ANNIE LENNOX,80,LW:RE,2,13,1995-05-21,1995,1990,5
13160,PAPUA NEW GUINEA,FUTURE SOUND OF LONDON,85,LW:RE,22,7,1995-05-21,1995,1990,5
12919,BABY IT'S YOU,BEATLES,86,LW:RE,7,7,1995-05-21,1995,1990,5
12866,LOVE CAN BUILD A BRIDGE,CHER/HYNDE/CHERRY WITH CLAPTON,88,LW:RE,1,9,1995-05-21,1995,1990,5
12702,I'VE GOT A LITTLE SOMETHING FOR YOU,MN8,92,LW:RE,2,14,1995-05-21,1995,1990,5
12869,POISON,PRODIGY,94,LW:RE,15,7,1995-05-21,1995,1990,5
9054,SMELLS LIKE TEEN SPIRIT,NIRVANA,95,LW:RE,7,7,1995-05-21,1995,1990,5
13179,SPIRIT,WAYNE MARSHALL,58,LW:RE,58,2,1995-05-28,1995,1990,5
12981,I'M GOIN' DOWN,MARY J BLIGE,85,LW:RE,12,5,1995-05-28,1995,1990,5
11553,YOU GOTTA BE,DES'REE,87,LW:RE,14,9,1995-05-28,1995,1990,5
12985,GOOD FEELING,REEF,93,LW:RE,24,5,1995-05-28,1995,1990,5
12840,WAKE UP BOO!,BOO RADLEYS,96,LW:RE,9,11,1995-05-28,1995,1990,5
12984,AIN'T NO STOPPING US NOW,LUTHER VANDROSS,98,LW:RE,22,4,1995-05-28,1995,1990,5
13132,THINK OF YOU,WHIGFIELD,12,LW:RE,12,2,1995-06-04,1995,1990,6
12314,PUSH THE FEELING ON,NIGHTCRAWLERS,79,LW:RE,3,17,1995-06-04,1995,1990,6
12033,"BE MY LIGHT, BE MY GUIDE",GENE,83,LW:RE,54,3,1995-06-04,1995,1990,6
12819,AXEL F/KEEP PUSHIN',CLOCK,85,LW:RE,7,10,1995-06-04,1995,1990,6
12897,LET IT RAIN,EAST 17,92,LW:RE,10,8,1995-06-04,1995,1990,6
13003,I NEED YOU,DEUCE,93,LW:RE,10,6,1995-06-04,1995,1990,6
12980,STRANGE CURNCIES,REM,96,LW:RE,9,5,1995-06-04,1995,1990,6
13224,LOVE WILL TEAR US APART,JOY DIVISION,19,LW:RE,13,10,1995-06-11,1995,1990,6
12896,JULIA SAYS,WET WET WET,78,LW:RE,3,10,1995-06-11,1995,1990,6
12035,SOUR TIMES,PORTISHEAD,85,LW:RE,13,7,1995-06-11,1995,1990,6
13242,GET BUSY,MR. LEE,86,LW:RE,41,6,1995-06-11,1995,1990,6
12865,"TURN ON, TUNE IN, COP OUT",FREAKPOWER,87,LW:RE,3,10,1995-06-11,1995,1990,6
13028,DRIVING WITH THE BRAKES ON,DEL AMITRI,91,LW:RE,18,5,1995-06-11,1995,1990,6
13011,SECT GARDEN,BRUCE SPRINGSTEEN,96,LW:RE,44,4,1995-06-11,1995,1990,6
11603,SUPERSONIC,OASIS,44,LW:RE,31,7,1995-06-18,1995,1990,6
12626,WHATEVER,OASIS,48,LW:RE,3,13,1995-06-18,1995,1990,6
12056,LIVE FOVER,OASIS,50,LW:RE,10,9,1995-06-18,1995,1990,6
11859,SHAKERMAKER,OASIS,52,LW:RE,11,11,1995-06-18,1995,1990,6
12348,CIGATTES & ALCOHOL,OASIS,53,LW:RE,7,15,1995-06-18,1995,1990,6
12866,LOVE CAN BUILD A BRIDGE,CHER/HYNDE/CHERRY WITH CLAPTON,81,LW:RE,1,12,1995-06-18,1995,1990,6
13065,CALLING OUT YOUR NAME,JIMMY NAIL,86,LW:RE,65,3,1995-06-18,1995,1990,6
12819,AXEL F/KEEP PUSHIN',CLOCK,89,LW:RE,7,11,1995-06-18,1995,1990,6
12921,GET WILD,NPG,98,LW:RE,19,6,1995-06-18,1995,1990,6
12922,THE FIRST THE LAST ETERNITY,SNAP! FEATURING SUMMER,100,LW:RE,15,8,1995-06-18,1995,1990,6
11780,RIVER DANCE,BILL WHELAN,83,LW:RE,9,23,1995-06-25,1995,1990,6
12898,OLD POP IN AN OAK,REDNEX,87,LW:RE,12,7,1995-06-25,1995,1990,6
12818,THE BOMB! (THESE SOUNDS FALL INTO MY...),BUCKETHEADS,89,LW:RE,5,16,1995-06-25,1995,1990,6
12531,RAISE YOUR HANDS,REEL 2 REAL FEAT MAD STUNTMAN,93,LW:RE,14,7,1995-06-25,1995,1990,6
12756,DON'T GIVE ME YOUR LIFE,ALEX PARTY,97,LW:RE,2,14,1995-06-25,1995,1990,6
9851,HUMPIN' AROUND,BOBBY BROWN,8,LW:RE,8,7,1995-07-02,1995,1990,7
13301,HEART OF GLASS,BLONDIE,15,LW:RE,1,13,1995-07-02,1995,1990,7
13075,LENNY,SUPERGRASS,88,LW:RE,10,4,1995-07-02,1995,1990,7
12615,U SU DO,STRIKE,89,LW:RE,4,15,1995-07-02,1995,1990,7
8679,KEEP WARM,JINNY,11,LW:RE,11,4,1995-07-09,1995,1990,7
13331,KISS FROM A ROSE/I'M ALIVE,SEAL,14,LW:RE,14,6,1995-07-09,1995,1990,7
13335,GET YOUR HANDS OFF MY MAN!,JUNIOR VASQUEZ,22,LW:RE,22,2,1995-07-09,1995,1990,7
9016,IS THE ANYBODY OUT THE?,BASSHEADS,24,LW:RE,5,9,1995-07-09,1995,1990,7
12521,SKY HIGH,NEWTON,56,LW:RE,56,2,1995-07-09,1995,1990,7
12896,JULIA SAYS,WET WET WET,81,LW:RE,3,12,1995-07-09,1995,1990,7
12865,"TURN ON, TUNE IN, COP OUT",FREAKPOWER,89,LW:RE,3,12,1995-07-09,1995,1990,7
12898,OLD POP IN AN OAK,REDNEX,96,LW:RE,12,8,1995-07-09,1995,1990,7
13077,WE' GONNA DO IT AGAIN,MANCHESTER UTD FEAT STRYKER,100,LW:RE,6,7,1995-07-09,1995,1990,7
12867,DON'T STOP (WIGGLE WIGGLE),OUTHERE BROTHERS,80,LW:RE,1,16,1995-07-16,1995,1990,7
13085,FIND THE ANSWER WITHIN,BOO RADLEYS,100,LW:RE,37,4,1995-07-16,1995,1990,7
13390,"RUN, BABY, RUN",SHERYL CROW,24,LW:RE,24,2,1995-07-23,1995,1990,7
13393,DON'T TAKE IT PERSONAL (JUST ONE OF...),MONICA,32,LW:RE,32,2,1995-07-23,1995,1990,7
13407,P:MACHINERY,PROPAGANDA,79,LW:RE,50,11,1995-07-23,1995,1990,7
13313,EVERYDAY,CRAIG MCLACHLAN & THE CULPRITS,89,LW:RE,65,3,1995-07-23,1995,1990,7
13169,THIS TIME,CURTIS STIGERS,91,LW:RE,28,4,1995-07-23,1995,1990,7
13068,WHO THE F**K IS ALICE?,SMOKIE FT ROY CHUBBY BROWN,96,LW:RE,64,5,1995-07-23,1995,1990,7
13143,RICOCHET,FAITH NO MORE,99,LW:RE,27,3,1995-07-23,1995,1990,7
13279,HANDS UP! HANDS UP!,ZIG AND ZAG,83,LW:RE,21,4,1995-07-30,1995,1990,7
13193,VEND BLACK GRAPE,BLACK GRAPE,84,LW:RE,9,7,1995-07-30,1995,1990,7
13198,SEX ON THE STETS,PIZZAMAN,96,LW:RE,24,5,1995-07-30,1995,1990,7
13166,STORIES,THERAPY?,98,LW:RE,14,4,1995-07-30,1995,1990,7
13382,MY LOVE IS DEEP,SARA PARKER,100,LW:RE,94,2,1995-07-30,1995,1990,7
9807,DON'T YOU WANT ME,FELIX,10,LW:RE,6,12,1995-08-06,1995,1990,8
12626,WHATEVER,OASIS,86,LW:RE,3,16,1995-08-06,1995,1990,8
12867,DON'T STOP (WIGGLE WIGGLE),OUTHERE BROTHERS,93,LW:RE,1,18,1995-08-06,1995,1990,8
13230,FILLING UP WITH HEAVEN,HUMAN LEAGUE,95,LW:RE,36,3,1995-08-06,1995,1990,8
12971,LOVE CITY GROOVE,LOVE CITY GROOVE,97,LW:RE,7,12,1995-08-06,1995,1990,8
13220,HOLD MY BODY TIGHT,EAST 17,88,LW:RE,12,8,1995-08-13,1995,1990,8
13077,WE' GONNA DO IT AGAIN,MANCHESTER UTD FEAT STRYKER,95,LW:RE,6,10,1995-08-13,1995,1990,8
12056,LIVE FOVER,OASIS,96,LW:RE,10,12,1995-08-13,1995,1990,8
13068,WHO THE F**K IS ALICE?,SMOKIE FT ROY CHUBBY BROWN,34,LW:RE,34,8,1995-08-20,1995,1990,8
12348,CIGATTES & ALCOHOL,OASIS,83,LW:RE,7,18,1995-08-20,1995,1990,8
11603,SUPERSONIC,OASIS,85,LW:RE,31,10,1995-08-20,1995,1990,8
11859,SHAKERMAKER,OASIS,87,LW:RE,11,14,1995-08-20,1995,1990,8
13230,FILLING UP WITH HEAVEN,HUMAN LEAGUE,94,LW:RE,36,4,1995-08-20,1995,1990,8
13195,A WHITER SHADE OF PALE,ANNIE LENNOX,96,LW:RE,16,7,1995-08-20,1995,1990,8
13250,FLY AWAY,HADDAWAY,100,LW:RE,20,4,1995-08-20,1995,1990,8
13120,ALICE (WHO THE X IS ALICE?),GOMPIE,36,LW:RE,34,6,1995-08-27,1995,1990,8
9538,IT'S JUST A FEELING,TERRORIZE,78,LW:RE,47,6,1995-08-27,1995,1990,8
13219,DON'T WANT TO FORGIVE ME NOW,WET WET WET,93,LW:RE,7,9,1995-08-27,1995,1990,8
13332,GRAPEVYNE,BROWNSTONE,96,LW:RE,16,5,1995-08-27,1995,1990,8
13336,BE MY LOVER,LA BOUCHE,97,LW:RE,27,5,1995-08-27,1995,1990,8
11833,YOUNG HEARTS RUN FE,RESPECT FEAT HANNAH JONES,98,LW:RE,86,2,1995-08-27,1995,1990,8
13077,WE' GONNA DO IT AGAIN,MANCHESTER UTD FEAT STRYKER,99,LW:RE,6,11,1995-08-27,1995,1990,8
13249,FEK 'N YOU,JODECI,100,LW:RE,17,6,1995-08-27,1995,1990,8
12565,GUAGLIONE,PEREZ 'PREZ' PRADO & HIS ORCH,94,LW:RE,2,28,1995-09-03,1995,1990,9
13194,RIGHT IN THE NIGHT (FALL IN LOVE WITH...,JAM & SPOON FEATURING PLAVKA,96,LW:RE,10,9,1995-09-03,1995,1990,9
13277,RIGHT HE,ULTIMATE KAOS,97,LW:RE,18,5,1995-09-03,1995,1990,9
13298,SHOOT ME WITH YOUR LOVE,D:REAM,99,LW:RE,7,8,1995-09-03,1995,1990,9
13050,SOME MIGHT SAY,OASIS,86,LW:RE,1,21,1995-09-10,1995,1990,9
12348,CIGATTES & ALCOHOL,OASIS,90,LW:RE,7,20,1995-09-10,1995,1990,9
11603,SUPERSONIC,OASIS,96,LW:RE,31,12,1995-09-10,1995,1990,9
13300,SWEET HARMONY,LIQUID,99,LW:RE,14,7,1995-09-10,1995,1990,9
12993,BITS + PIECES,ARTEMESIA,75,LW:RE,46,3,1995-09-17,1995,1990,9
13109,UNCHAINED MELODY/WHITE CLIFFS OF DOVER,ROBSON & JEROME,79,LW:RE,1,18,1995-09-17,1995,1990,9
12117,DAMER,LIVIN' JOY,85,LW:RE,1,30,1995-09-17,1995,1990,9
13220,HOLD MY BODY TIGHT,EAST 17,98,LW:RE,12,11,1995-09-17,1995,1990,9
12979,SICK & TID,CARDIGANS,34,LW:RE,34,3,1995-09-24,1995,1990,9
13441,SO GOOD,BOYZONE,83,LW:RE,3,7,1995-09-24,1995,1990,9
13296,I'M A BELIEVER,EMF/REEVES AND MORTIMER,91,LW:RE,3,9,1995-09-24,1995,1990,9
12626,WHATEVER,OASIS,95,LW:RE,3,22,1995-09-24,1995,1990,9
13468,DESTINATION ESCHATON,SHAMEN,96,LW:RE,15,5,1995-09-24,1995,1990,9
13443,GIRL FROM MARS,ASH,99,LW:RE,11,6,1995-09-24,1995,1990,9
13444,HOPE ST.,LEVELLERS,95,LW:RE,12,6,1995-10-01,1995,1990,10
13220,HOLD MY BODY TIGHT,EAST 17,98,LW:RE,12,12,1995-10-01,1995,1990,10
12892,ADIEMUS,ADIEMUS,48,LW:RE,48,3,1995-10-08,1995,1990,10
11603,SUPERSONIC,OASIS,94,LW:RE,31,13,1995-10-08,1995,1990,10
12056,LIVE FOVER,OASIS,96,LW:RE,10,18,1995-10-08,1995,1990,10
11859,SHAKERMAKER,OASIS,97,LW:RE,11,18,1995-10-08,1995,1990,10
13502,ISOBEL,BJORK,89,LW:RE,23,4,1995-10-15,1995,1990,10
12348,CIGATTES & ALCOHOL,OASIS,90,LW:RE,7,22,1995-10-15,1995,1990,10
13191,SCAM,MICHAEL JACKSON/JANET JACKSON,97,LW:RE,3,17,1995-10-15,1995,1990,10
8052,LOVE COME DOWN,EVE GALLAGHER,57,LW:RE,57,5,1995-10-22,1995,1990,10
13497,HUMAN NATU,MADONNA,90,LW:RE,8,6,1995-10-22,1995,1990,10
13442,I'M ONLY SLEEPING/OFF ON HOLIDAY,SUGGS,93,LW:RE,7,7,1995-10-22,1995,1990,10
13419,PANINARO '95,PET SHOP BOYS,97,LW:RE,15,6,1995-10-22,1995,1990,10
13582,LOVING YOU MO,BT FEATURING VINCENT COVELLO,98,LW:RE,28,3,1995-10-22,1995,1990,10
12552,TOWN CLOWNS,BLAMELESS,56,LW:RE,56,2,1995-10-29,1995,1990,10
12626,WHATEVER,OASIS,84,LW:RE,3,26,1995-10-29,1995,1990,10
13441,SO GOOD,BOYZONE,85,LW:RE,3,10,1995-10-29,1995,1990,10
13413,NEVER FORGET,TAKE THAT,92,LW:RE,1,10,1995-10-29,1995,1990,10
13444,HOPE ST.,LEVELLERS,93,LW:RE,12,7,1995-10-29,1995,1990,10
13499,MOVE YOUR BODY,XPANSIONS 95,97,LW:RE,14,5,1995-10-29,1995,1990,10
13468,DESTINATION ESCHATON,SHAMEN,99,LW:RE,15,6,1995-10-29,1995,1990,10
11376,WHAT I CAN DO FOR YOU,SHERYL CROW,43,LW:RE,43,2,1995-11-05,1995,1990,11
13419,PANINARO '95,PET SHOP BOYS,92,LW:RE,15,7,1995-11-05,1995,1990,11
11603,SUPERSONIC,OASIS,94,LW:RE,31,16,1995-11-05,1995,1990,11
12056,LIVE FOVER,OASIS,95,LW:RE,10,21,1995-11-05,1995,1990,11
11859,SHAKERMAKER,OASIS,96,LW:RE,11,20,1995-11-05,1995,1990,11
11524,SON OF A GUN,JX,97,LW:RE,6,7,1995-11-05,1995,1990,11
13050,SOME MIGHT SAY,OASIS,98,LW:RE,1,28,1995-11-05,1995,1990,11
13495,ROLL WITH IT,OASIS,78,LW:RE,2,13,1995-11-12,1995,1990,11
13191,SCAM,MICHAEL JACKSON/JANET JACKSON,82,LW:RE,3,20,1995-11-12,1995,1990,11
13444,HOPE ST.,LEVELLERS,88,LW:RE,12,8,1995-11-12,1995,1990,11
13554,ROCK AND ROLL IS DEAD,LENNY KRAVITZ,100,LW:RE,22,4,1995-11-12,1995,1990,11
11809,TURN ME OUT,PRAXIS FEAT KATHY BROWN,44,LW:RE,44,2,1995-11-19,1995,1990,11
12650,I LUV U BABY,ORIGINAL,98,LW:RE,2,10,1995-11-19,1995,1990,11
13441,SO GOOD,BOYZONE,100,LW:RE,3,12,1995-11-19,1995,1990,11
13239,CARNIVAL,CARDIGANS,35,LW:RE,35,3,1995-11-26,1995,1990,11
13916,BOOM! SHAKE THE ROOM,JAZZY JEFF & FRESH PRINCE,40,LW:RE,1,14,1995-11-26,1995,1990,11
13550,DON'T LET THE FEELING GO,NIGHTCRAWLERS FT JOHN REID,91,LW:RE,13,5,1995-11-26,1995,1990,11
13548,I FEEL LOVE,DONNA SUMMER,92,LW:RE,8,6,1995-11-26,1995,1990,11
13641,ALRIGHT,CAST,96,LW:RE,13,5,1995-11-26,1995,1990,11
4745,MY PROGATIVE,BOBBY BROWN,99,LW:RE,17,4,1995-11-26,1995,1990,11
13955,2000 MILES,PRETENDERS,78,LW:RE,15,10,1995-12-03,1995,1990,12
13607,STAY WITH ME,ERASURE,95,LW:RE,15,5,1995-12-03,1995,1990,12
13648,WAITING IN VAIN,ANNIE LENNOX,97,LW:RE,31,4,1995-12-03,1995,1990,12
13706,FANTASY,LEVELLERS,99,LW:RE,16,4,1995-12-03,1995,1990,12
7124,RHYTHM OF LIFE,OLETA ADAMS,38,LW:RE,38,7,1995-12-10,1995,1990,12
13672,MIS-SHAPES/SORTED FOR E'S & WIZZ,PULP,77,LW:RE,2,9,1995-12-10,1995,1990,12
13796,BABY IT'S YOU,MN8,91,LW:RE,22,3,1995-12-10,1995,1990,12
13705,U KRAZY KATZ,PJ & DUNCAN,94,LW:RE,15,5,1995-12-10,1995,1990,12
13605,RUNAWAY,JANET JACKSON,99,LW:RE,6,8,1995-12-10,1995,1990,12
2245,HISTORY,MAI TAI,93,LW:RE,8,14,1995-12-17,1995,1990,12
13823,EVERYBODY BE SOMEBODY,RUFFNECK FEAT YAVAHN,94,LW:RE,13,5,1995-12-17,1995,1990,12
13735,MISUNDERSTOOD MAN,CLIFF RICHARD,95,LW:RE,19,4,1995-12-17,1995,1990,12
13732,ANGEL INTERCEPTOR,ASH,96,LW:RE,14,5,1995-12-17,1995,1990,12
13068,WHO THE F**K IS ALICE?,SMOKIE FT ROY CHUBBY BROWN,79,LW:RE,3,25,1995-12-24,1995,1990,12
13853,PTENDERS TO THE THRONE,BEAUTIFUL SOUTH,83,LW:RE,18,5,1995-12-24,1995,1990,12
13603,BOOMBASTIC,SHAGGY,84,LW:RE,1,13,1995-12-24,1995,1990,12
13799,EVERYBODY SAY EVERYBODY DO,LET LOOSE,86,LW:RE,29,4,1995-12-24,1995,1990,12
13885,HE'S ON THE PHONE,SAINT ETIENNE FT ETIENNE DAHO,89,LW:RE,22,4,1995-12-24,1995,1990,12
13733,DO WHAT'S GOOD FOR ME,2 UNLIMITED,90,LW:RE,16,5,1995-12-24,1995,1990,12
13795,DIGGIN' ON YOU,TLC,94,LW:RE,18,6,1995-12-24,1995,1990,12
13910,FOR ALL THE COWS,FOO FIGHTERS,95,LW:RE,28,3,1995-12-24,1995,1990,12
13604,FANTASY,MARIAH CAREY,96,LW:RE,4,12,1995-12-24,1995,1990,12
13764,WALKING IN MEMPHIS,CHER,97,LW:RE,11,8,1995-12-24,1995,1990,12
13793,UNTIL MY DYING DAY,UB40,98,LW:RE,15,7,1995-12-24,1995,1990,12
13521,I'LL BE THE FOR YOU,REMBRANDTS,99,LW:RE,3,13,1995-12-24,1995,1990,12
13822,LIKE A ROLLING STONE,ROLLING STONES,100,LW:RE,12,6,1995-12-24,1995,1990,12
13198,SEX ON THE STETS,PIZZAMAN,23,LW:RE,23,6,1995-12-31,1996,1990,12
14025,WHEN I'M CLEANING WINDOWS,2 IN A TENT,65,LW:RE,25,7,1995-12-31,1996,1990,12
13606,LA LA LA HEY HEY,OUTHERE BROTHERS,82,LW:RE,7,8,1995-12-31,1996,1990,12
13674,LIGHT OF MY LIFE,LOUISE,83,LW:RE,8,9,1995-12-31,1996,1990,12
13852,WRAP ME UP,ALEX PARTY,85,LW:RE,17,4,1995-12-31,1996,1990,12
13732,ANGEL INTERCEPTOR,ASH,88,LW:RE,14,6,1995-12-31,1996,1990,12
13828,YOU MIND ME OF SOMETHING,R KELLY,91,LW:RE,24,4,1995-12-31,1996,1990,12
13797,YOU DON'T HAVE TO SAY YOU LOVE ME/CRY...,DENISE WELCH,93,LW:RE,23,4,1995-12-31,1996,1990,12
13832,POWER OF LOVE/LOVE POWER,LUTHER VANDROSS,94,LW:RE,31,4,1995-12-31,1996,1990,12
13494,COUNTRY HOUSE,BLUR,97,LW:RE,1,12,1995-12-31,1996,1990,12
13855,IN THE HOUSE,CLOCK,98,LW:RE,23,4,1995-12-31,1996,1990,12
13605,RUNAWAY,JANET JACKSON,99,LW:RE,6,9,1995-12-31,1996,1990,12
13969,SLEEPING IN,MENSWEAR,77,LW:RE,24,4,1996-01-07,1996,1990,1
13825,LUCKY LOVE,ACE OF BASE,79,LW:RE,20,6,1996-01-07,1996,1990,1
13888,THE LOOK '95,ROXETTE,84,LW:RE,28,4,1996-01-07,1996,1990,1
13942,LOVE U 4 LIFE,JODECI,87,LW:RE,23,5,1996-01-07,1996,1990,1
13940,FINGERS & THUMBS (COLD SUMMER'S DAY),ERASURE,91,LW:RE,20,4,1996-01-07,1996,1990,1
13903,QUEER,GARBAGE,95,LW:RE,13,5,1996-01-07,1996,1990,1
13884,HOBO HUMPIN' SLOBO BABE,WHALE,100,LW:RE,15,5,1996-01-07,1996,1990,1
12056,LIVE FOVER,OASIS,71,LW:RE,10,30,1996-01-14,1996,1990,1
13949,SOMETHING SO RIGHT,ANNIE LENNOX FT PAUL SIMON,78,LW:RE,44,3,1996-01-14,1996,1990,1
13911,SHOW ME HEAVEN,TINA ARENA,80,LW:RE,29,4,1996-01-14,1996,1990,1
13763,I'D LIE FOR YOU (AND THAT'S THE TRUTH),MEAT LOAF,81,LW:RE,2,12,1996-01-14,1996,1990,1
13905,KELLY'S HEROES,BLACK GRAPE,84,LW:RE,17,6,1996-01-14,1996,1990,1
13797,YOU DON'T HAVE TO SAY YOU LOVE ME/CRY...,DENISE WELCH,87,LW:RE,23,5,1996-01-14,1996,1990,1
13892,I'M GONE,DIANA ROSS,89,LW:RE,36,4,1996-01-14,1996,1990,1
13831,B 2 GETHER,ORIGINAL,90,LW:RE,29,3,1996-01-14,1996,1990,1
13068,WHO THE F**K IS ALICE?,SMOKIE FT ROY CHUBBY BROWN,93,LW:RE,3,27,1996-01-14,1996,1990,1
13702,WHEN LOVE & HATE COLLIDE,DEF LEPPARD,94,LW:RE,2,11,1996-01-14,1996,1990,1
13823,EVERYBODY BE SOMEBODY,RUFFNECK FEAT YAVAHN,95,LW:RE,13,6,1996-01-14,1996,1990,1
13828,YOU MIND ME OF SOMETHING,R KELLY,96,LW:RE,24,5,1996-01-14,1996,1990,1
13674,LIGHT OF MY LIFE,LOUISE,98,LW:RE,8,10,1996-01-14,1996,1990,1
13854,HAPPINESS,PIZZAMAN,100,LW:RE,19,5,1996-01-14,1996,1990,1
12626,WHATEVER,OASIS,61,LW:RE,3,37,1996-01-21,1996,1990,1
12521,SKY HIGH,NEWTON,76,LW:RE,56,4,1996-01-21,1996,1990,1
11859,SHAKERMAKER,OASIS,78,LW:RE,11,30,1996-01-21,1996,1990,1
13998,EYE OF THE TIGER,FRANK BRUNO,80,LW:RE,28,5,1996-01-21,1996,1990,1
13849,EXHALE (SHOOP SHOOP),WHITNEY HOUSTON,84,LW:RE,11,10,1996-01-21,1996,1990,1
13909,A LOVE SO BEAUTIFUL,MICHAEL BOLTON,89,LW:RE,27,6,1996-01-21,1996,1990,1
13976,CHRISTMAS IN BLOBBYLAND,MR BLOBBY,91,LW:RE,36,5,1996-01-21,1996,1990,1
13853,PTENDERS TO THE THRONE,BEAUTIFUL SOUTH,93,LW:RE,18,8,1996-01-21,1996,1990,1
12281,SPACE COWBOY,JAMIROQUAI,99,LW:RE,17,6,1996-01-21,1996,1990,1
13693,I WANNA BE A HIPPY,TECHNOHEAD,12,LW:RE,12,3,1996-01-28,1996,1990,1
13999,LOVE,JIMMY NAIL,86,LW:RE,33,5,1996-01-28,1996,1990,1
13971,TOO MUCH FOR ONE HEART,MICHAEL BARRYMORE,87,LW:RE,25,5,1996-01-28,1996,1990,1
13168,I BELIEVE,HAPPY CLAPPERS,90,LW:RE,7,10,1996-01-28,1996,1990,1
13763,I'D LIE FOR YOU (AND THAT'S THE TRUTH),MEAT LOAF,98,LW:RE,2,13,1996-01-28,1996,1990,1
13904,PERFECT,PJ & DUNCAN,99,LW:RE,16,8,1996-01-28,1996,1990,1
13963,THE BEST THINGS IN LIFE A FE,LUTHER VANDROSS/JANET JACKSON,78,LW:RE,7,8,1996-02-04,1996,1990,2
13792,YOU'LL SEE,MADONNA,85,LW:RE,5,14,1996-02-04,1996,1990,2
13907,SHE'S ALL ON MY MIND,WET WET WET,100,LW:RE,17,8,1996-02-04,1996,1990,2
13992,WINTER'S TALE,QUEEN,87,LW:RE,6,7,1996-02-11,1996,1990,2
13790,HEAVEN FOR EVERYONE,QUEEN,93,LW:RE,2,13,1996-02-11,1996,1990,2
14080,GIVE IT A DAY,PAVEMENT,94,LW:RE,82,2,1996-02-11,1996,1990,2
14059,CHILDN,ROBERT MILES,3,LW:RE,3,3,1996-02-18,1996,1990,2
12626,WHATEVER,OASIS,69,LW:RE,3,40,1996-02-18,1996,1990,2
13819,I BELIEVE/UP ON THE ROOF,ROBSON & JEROME,85,LW:RE,1,15,1996-02-18,1996,1990,2
13791,THUNDER,EAST 17,91,LW:RE,4,16,1996-02-18,1996,1990,2
13967,MEMBERING THE FIRST TIME,SIMPLY RED,92,LW:RE,22,7,1996-02-18,1996,1990,2
13962,FE AS A BIRD,BEATLES,93,LW:RE,2,9,1996-02-18,1996,1990,2
13902,MISS SARAJEVO,PASSENGERS,94,LW:RE,6,10,1996-02-18,1996,1990,2
13878,THE UNIVERSAL,BLUR,99,LW:RE,5,10,1996-02-18,1996,1990,2
14010,WONDERWALL,MIKE FLOWERS POPS,78,LW:RE,2,8,1996-02-25,1996,1990,2
13965,IF YOU WANNA PARTY,MOLELLA FEAT OUTHERE BROTHERS,87,LW:RE,9,11,1996-02-25,1996,1990,2
14013,OH FATHER,MADONNA,91,LW:RE,16,7,1996-02-25,1996,1990,2
9570,PASSION,GAT DECOR,6,LW:RE,6,5,1996-03-03,1996,1990,3
13963,THE BEST THINGS IN LIFE A FE,LUTHER VANDROSS/JANET JACKSON,96,LW:RE,7,10,1996-03-03,1996,1990,3
13445,'74-'75,CONNELLS,21,LW:RE,14,9,1996-03-10,1996,1990,3
7839,SOUL PROVIDER,MICHAEL BOLTON,35,LW:RE,35,4,1996-03-10,1996,1990,3
12573,I SEE ONLY YOU,NOOTROPIC,42,LW:RE,42,2,1996-03-10,1996,1990,3
13992,WINTER'S TALE,QUEEN,87,LW:RE,6,10,1996-03-10,1996,1990,3
13936,DISCO 2000,PULP,89,LW:RE,7,14,1996-03-10,1996,1990,3
13790,HEAVEN FOR EVERYONE,QUEEN,91,LW:RE,2,14,1996-03-10,1996,1990,3
14033,CAUGHT A LITE SNEEZE,TORI AMOS,96,LW:RE,20,4,1996-03-10,1996,1990,3
13850,ANYWHE IS,ENYA,100,LW:RE,7,13,1996-03-10,1996,1990,3
13967,MEMBERING THE FIRST TIME,SIMPLY RED,91,LW:RE,22,10,1996-03-17,1996,1990,3
13902,MISS SARAJEVO,PASSENGERS,92,LW:RE,6,12,1996-03-17,1996,1990,3
14010,WONDERWALL,MIKE FLOWERS POPS,76,LW:RE,2,10,1996-03-24,1996,1990,3
13819,I BELIEVE/UP ON THE ROOF,ROBSON & JEROME,93,LW:RE,1,18,1996-03-24,1996,1990,3
14013,OH FATHER,MADONNA,94,LW:RE,16,9,1996-03-24,1996,1990,3
13880,IT'S OH SO QUIET,BJORK,100,LW:RE,4,17,1996-03-24,1996,1990,3
14275,X-FILES,DJ DADO,8,LW:RE,8,3,1996-03-31,1996,1990,3
14082,SLIGHT TURN,BLUETONES,87,LW:RE,2,9,1996-03-31,1996,1990,3
14133,OPEN ARMS,MARIAH CAREY,88,LW:RE,4,7,1996-03-31,1996,1990,3
14108,DO U STILL?,EAST 17,94,LW:RE,7,8,1996-03-31,1996,1990,3
14254,ONLY ONE,PETER ANDRE,69,LW:RE,16,4,1996-04-07,1996,1990,4
13819,I BELIEVE/UP ON THE ROOF,ROBSON & JEROME,76,LW:RE,1,19,1996-04-07,1996,1990,4
14166,STEOTYPES,BLUR,88,LW:RE,7,6,1996-04-07,1996,1990,4
14052,CHANGE YOUR MIND,UPSIDE DOWN,91,LW:RE,11,8,1996-04-07,1996,1990,4
14013,OH FATHER,MADONNA,92,LW:RE,16,10,1996-04-07,1996,1990,4
13495,ROLL WITH IT,OASIS,99,LW:RE,2,33,1996-04-07,1996,1990,4
14106,I JUST WANT TO MAKE LOVE TO YOU,ETTA JAMES,100,LW:RE,5,8,1996-04-07,1996,1990,4
13490,YOU AND ME SONG,WANNADIES,18,LW:RE,18,2,1996-04-14,1996,1990,4
11727,NO GOOD (START THE DANCE),PRODIGY,57,LW:RE,4,13,1996-04-14,1996,1990,4
12869,POISON,PRODIGY,62,LW:RE,15,8,1996-04-14,1996,1990,4
14402,WIND IT UP (WOUND),PRODIGY,71,LW:RE,11,8,1996-04-14,1996,1990,4
12216,VOODOO PEOPLE,PRODIGY,75,LW:RE,13,9,1996-04-14,1996,1990,4
14403,ONE LOVE,PRODIGY,77,LW:RE,8,7,1996-04-14,1996,1990,4
14167,HYPERBALLAD,BJORK,89,LW:RE,8,5,1996-04-14,1996,1990,4
14177,PATHWAY TO THE MOON,MN8,94,LW:RE,25,3,1996-04-14,1996,1990,4
14168,ELECTRONIC PLEASU,N-TRANCE,97,LW:RE,11,5,1996-04-14,1996,1990,4
13481,NO FRONTS - THE MIXES,DOG EAT DOG,98,LW:RE,9,6,1996-04-14,1996,1990,4
14133,OPEN ARMS,MARIAH CAREY,83,LW:RE,4,9,1996-04-21,1996,1990,4
14106,I JUST WANT TO MAKE LOVE TO YOU,ETTA JAMES,84,LW:RE,5,9,1996-04-21,1996,1990,4
14203,LET YOUR SOUL BE YOUR PILOT,STING,91,LW:RE,15,5,1996-04-21,1996,1990,4
14082,SLIGHT TURN,BLUETONES,96,LW:RE,2,11,1996-04-21,1996,1990,4
14136,SMOKE GETS IN YOUR EYES,JOHN ALFORD,97,LW:RE,13,6,1996-04-21,1996,1990,4
14352,DAYDAM BELIEVER (CHEER UP PETER ID),SIMPLY RED & WHITE,74,LW:RE,41,4,1996-04-28,1996,1990,4
13050,SOME MIGHT SAY,OASIS,79,LW:RE,1,52,1996-04-28,1996,1990,4
14167,HYPERBALLAD,BJORK,85,LW:RE,8,6,1996-04-28,1996,1990,4
14230,GOOD THING,ETERNAL,87,LW:RE,8,7,1996-04-28,1996,1990,4
14166,STEOTYPES,BLUR,91,LW:RE,7,8,1996-04-28,1996,1990,4
7839,SOUL PROVIDER,MICHAEL BOLTON,94,LW:RE,35,7,1996-04-28,1996,1990,4
13495,ROLL WITH IT,OASIS,95,LW:RE,2,35,1996-04-28,1996,1990,4
14234,ADY OR NOT,LIGHTNING SEEDS,96,LW:RE,20,5,1996-04-28,1996,1990,4
14168,ELECTRONIC PLEASU,N-TRANCE,97,LW:RE,11,6,1996-04-28,1996,1990,4
14061,SPACEMAN,BABYLON ZOO,78,LW:RE,1,15,1996-05-05,1996,1990,5
14136,SMOKE GETS IN YOUR EYES,JOHN ALFORD,95,LW:RE,13,7,1996-05-05,1996,1990,5
14063,ANYTHING,3T,76,LW:RE,2,15,1996-05-12,1996,1990,5
14169,COUNT ON ME,WHITNEY HOUSTON & CECE WINANS,81,LW:RE,12,7,1996-05-12,1996,1990,5
14234,ADY OR NOT,LIGHTNING SEEDS,88,LW:RE,20,6,1996-05-12,1996,1990,5
14166,STEOTYPES,BLUR,91,LW:RE,7,9,1996-05-12,1996,1990,5
14229,GOING OUT,SUPERGRASS,92,LW:RE,5,7,1996-05-12,1996,1990,5
14230,GOOD THING,ETERNAL,95,LW:RE,8,8,1996-05-12,1996,1990,5
7839,SOUL PROVIDER,MICHAEL BOLTON,99,LW:RE,35,8,1996-05-12,1996,1990,5
14256,IN WALKED LOVE,LOUISE,100,LW:RE,17,7,1996-05-12,1996,1990,5
13409,TWINKLE,WHIPPING BOY,55,LW:RE,55,3,1996-05-19,1996,1990,5
14285,WHATEVER YOU WANT,TINA TURNER,82,LW:RE,23,7,1996-05-19,1996,1990,5
14252,AL LOVE,BEATLES,84,LW:RE,4,9,1996-05-19,1996,1990,5
14231,THESE DAYS,BON JOVI,88,LW:RE,7,7,1996-05-19,1996,1990,5
14344,TWENTY FOPLAY,JANET JACKSON,90,LW:RE,22,5,1996-05-19,1996,1990,5
14281,ONE MO CHANCE,MADONNA,99,LW:RE,11,5,1996-05-19,1996,1990,5
14233,TOO MUCH LOVE WILL KILL YOU,QUEEN,100,LW:RE,15,7,1996-05-19,1996,1990,5
14340,DON'T WANNA LOSE YOU,LIONEL RICHIE,76,LW:RE,17,7,1996-05-26,1996,1990,5
14336,YOU'VE GOT IT BAD,OCEAN COLOUR SCENE,87,LW:RE,7,5,1996-05-26,1996,1990,5
14310,MORNING,WET WET WET,88,LW:RE,16,5,1996-05-26,1996,1990,5
12621,WHAT YOU NEED,SOFT HOUSE COMPANY III,93,LW:RE,87,2,1996-05-26,1996,1990,5
14417,RUNNIN' FOR THE D LIGHT (I GOTTA LIFE),MEAT LOAF,96,LW:RE,21,4,1996-05-26,1996,1990,5
14578,WALKING ON SUNSHINE,KATRINA & THE WAVES,53,LW:RE,8,14,1996-06-02,1996,1990,6
14337,SOMETHING CHANGED,PULP,62,LW:RE,10,7,1996-06-02,1996,1990,6
14367,EVERY TIME I FALL IN LOVE,UPSIDE DOWN,71,LW:RE,18,4,1996-06-02,1996,1990,6
14411,GOLDFINGER,ASH,81,LW:RE,5,6,1996-06-02,1996,1990,6
14415,HAPPY BIRTHDAY,TECHNOHEAD,83,LW:RE,18,6,1996-06-02,1996,1990,6
14309,STEPPING STONE,PJ & DUNCAN,85,LW:RE,11,6,1996-06-02,1996,1990,6
14285,WHATEVER YOU WANT,TINA TURNER,86,LW:RE,23,8,1996-06-02,1996,1990,6
14344,TWENTY FOPLAY,JANET JACKSON,100,LW:RE,22,6,1996-06-02,1996,1990,6
14386,SALVATION,CRANBERRIES,87,LW:RE,13,8,1996-06-09,1996,1990,6
14310,MORNING,WET WET WET,90,LW:RE,16,6,1996-06-09,1996,1990,6
14307,NAKASAKI EP (I NEED A LOVER TONIGHT),KEN DOH,93,LW:RE,7,8,1996-06-09,1996,1990,6
14462,YOU STILL TOUCH ME,STING,97,LW:RE,27,4,1996-06-16,1996,1990,6
13050,SOME MIGHT SAY,OASIS,98,LW:RE,1,58,1996-06-16,1996,1990,6
14383,WALKING WOUNDED,EVERYTHING BUT THE GIRL,81,LW:RE,6,9,1996-06-23,1996,1990,6
14677,CAN'T TAKE MY EYES OFF YOU,BOYS TOWN GANG,86,LW:RE,4,12,1996-06-23,1996,1990,6
13820,WONDERWALL,OASIS,97,LW:RE,2,31,1996-06-23,1996,1990,6
13533,CHARITY,SKUNK ANANSIE,98,LW:RE,20,4,1996-06-23,1996,1990,6
12075,MISSING,EVERYTHING BUT THE GIRL,99,LW:RE,3,32,1996-06-23,1996,1990,6
14438,THE 13TH,CURE,100,LW:RE,15,3,1996-06-23,1996,1990,6
7999,WHE LOVE LIVES,ALISON LIMERICK,9,LW:RE,9,11,1996-06-30,1996,1990,6
14584,MACANA,LOS DEL MAR,52,LW:RE,52,3,1996-06-30,1996,1990,6
14456,CUT SOME RUG/CASTLE ROCK,BLUETONES,82,LW:RE,7,6,1996-06-30,1996,1990,6
14411,GOLDFINGER,ASH,85,LW:RE,5,7,1996-06-30,1996,1990,6
14198,DON'T LOOK BACK IN ANGER,OASIS,86,LW:RE,1,17,1996-06-30,1996,1990,6
14433,BEFO,PET SHOP BOYS,94,LW:RE,7,6,1996-06-30,1996,1990,6
13090,BORN SLIPPY,UNDERWORLD,2,LW:RE,2,3,1996-07-07,1996,1990,7
14556,MACANA,LOS DEL RIO,74,LW:RE,64,3,1996-07-07,1996,1990,7
14436,24/7,3T,80,LW:RE,11,8,1996-07-07,1996,1990,7
14462,YOU STILL TOUCH ME,STING,88,LW:RE,27,6,1996-07-07,1996,1990,7
14515,FAT NECK,BLACK GRAPE,89,LW:RE,10,4,1996-07-07,1996,1990,7
14364,CALIFORNIA LOVE,2 PAC FT DR DRE,96,LW:RE,6,9,1996-07-07,1996,1990,7
13739,MY FRIENDS,RED HOT CHILI PEPPERS,77,LW:RE,29,3,1996-07-14,1996,1990,7
14433,BEFO,PET SHOP BOYS,83,LW:RE,7,7,1996-07-14,1996,1990,7
14269,I KISS YOUR LIPS,TOKYO GHETTO PUSSY,85,LW:RE,55,3,1996-07-14,1996,1990,7
14457,WOO-HAH!! GOT YOU ALL IN CHECK,BUSTA RHYMES,86,LW:RE,8,8,1996-07-14,1996,1990,7
14455,CHARMLESS MAN,BLUR,89,LW:RE,5,9,1996-07-14,1996,1990,7
14491,OOH! AAH! CANTONA,1300 DRUMS FEAT UNJUSTIFIED..,95,LW:RE,11,5,1996-07-14,1996,1990,7
14170,GIVE ME A LITTLE MO TIME,GABRIELLE,97,LW:RE,5,19,1996-07-14,1996,1990,7
14410,A DESIGN FOR LIFE,MANIC STREET PREACHERS,71,LW:RE,2,12,1996-07-21,1996,1990,7
14784,GIVE YOU,D'JAIMIN,84,LW:RE,45,3,1996-07-21,1996,1990,7
14490,"TONIGHT, TONIGHT",SMASHING PUMPKINS,85,LW:RE,7,9,1996-07-21,1996,1990,7
14514,BLUE MOON/ONLY YOU,JOHN ALFORD,89,LW:RE,9,5,1996-07-21,1996,1990,7
14458,KLUBBHOPPING,KLUBBHEADS,94,LW:RE,10,7,1996-07-21,1996,1990,7
14536,UNTIL IT SLEEPS,METALLICA,97,LW:RE,5,5,1996-07-21,1996,1990,7
14439,SLANG,DEF LEPPARD,98,LW:RE,17,6,1996-07-21,1996,1990,7
14434,MOVE MOVE MOVE [THE D TRIBE],1996 MAN UTD F.A. CUP SQUAD,50,LW:RE,6,12,1996-07-28,1996,1990,7
14382,THEY DON'T CA ABOUT US,MICHAEL JACKSON,66,LW:RE,4,14,1996-07-28,1996,1990,7
14518,ACH,GLORIA ESTEFAN,68,LW:RE,15,9,1996-07-28,1996,1990,7
14565,FABLE,ROBERT MILES,71,LW:RE,7,8,1996-07-28,1996,1990,7
14306,THE X FILES,MARK SNOW,80,LW:RE,2,17,1996-07-28,1996,1990,7
14569,SUMMER HOLIDAY,DARREN DAY,85,LW:RE,17,5,1996-07-28,1996,1990,7
14455,CHARMLESS MAN,BLUR,88,LW:RE,5,10,1996-07-28,1996,1990,7
14539,DO U KNOW WHE YOU' COMING FROM,M-BEAT FEATURING JAMIROQUAI,89,LW:RE,12,6,1996-07-28,1996,1990,7
14516,GOOD DAY,SEAN MAGUIRE,91,LW:RE,12,5,1996-07-28,1996,1990,7
14491,OOH! AAH! CANTONA,1300 DRUMS FEAT UNJUSTIFIED..,92,LW:RE,11,6,1996-07-28,1996,1990,7
14573,ST TESA,JOAN OSBORNE,96,LW:RE,33,4,1996-07-28,1996,1990,7
14537,THE ONLY THING THAT LOOKS GOOD ON ME...,BRYAN ADAMS,87,LW:RE,6,8,1996-08-04,1996,1990,8
14567,ON SILENT WINGS,TINA TURNER,98,LW:RE,13,7,1996-08-04,1996,1990,8
13820,WONDERWALL,OASIS,78,LW:RE,2,32,1996-08-11,1996,1990,8
13463,I GUESS I WILL ALWAYS LOVE YOU,GEOFFREY WILLIAMS,79,LW:RE,79,2,1996-08-11,1996,1990,8
14198,DON'T LOOK BACK IN ANGER,OASIS,81,LW:RE,1,22,1996-08-11,1996,1990,8
12348,CIGATTES & ALCOHOL,OASIS,84,LW:RE,7,59,1996-08-11,1996,1990,8
13050,SOME MIGHT SAY,OASIS,85,LW:RE,1,59,1996-08-11,1996,1990,8
14569,SUMMER HOLIDAY,DARREN DAY,88,LW:RE,17,6,1996-08-11,1996,1990,8
14625,INSTINCT,CROWDED HOUSE,89,LW:RE,12,5,1996-08-11,1996,1990,8
14539,DO U KNOW WHE YOU' COMING FROM,M-BEAT FEATURING JAMIROQUAI,90,LW:RE,12,7,1996-08-11,1996,1990,8
12056,LIVE FOVER,OASIS,91,LW:RE,10,51,1996-08-11,1996,1990,8
14306,THE X FILES,MARK SNOW,92,LW:RE,2,18,1996-08-11,1996,1990,8
13377,SHE SAID,LONGPIGS,94,LW:RE,16,5,1996-08-11,1996,1990,8
11859,SHAKERMAKER,OASIS,95,LW:RE,11,48,1996-08-11,1996,1990,8
14656,NEVER FOUND A LOVE LIKE THIS BEFO,UPSIDE DOWN,96,LW:RE,19,4,1996-08-11,1996,1990,8
11603,SUPERSONIC,OASIS,97,LW:RE,31,46,1996-08-11,1996,1990,8
14369,CECILIA,SUGGS & LOUCHIE LOU/MICHIE ONE,65,LW:RE,4,19,1996-08-18,1996,1990,8
14432,FASTLOVE,GEORGE MICHAEL,84,LW:RE,1,16,1996-08-18,1996,1990,8
13495,ROLL WITH IT,OASIS,90,LW:RE,2,39,1996-08-18,1996,1990,8
14628,FORGET ABOUT THE WORLD,GABRIELLE,92,LW:RE,23,6,1996-08-18,1996,1990,8
14540,GET DOWN (YOU' THE ONE FOR ME),BACKSTREET BOYS,94,LW:RE,14,12,1996-08-18,1996,1990,8
13015,LIBERATION,LIPPY LOU,96,LW:RE,57,3,1996-08-18,1996,1990,8
14305,FISTARTER,PRODIGY,97,LW:RE,1,21,1996-08-18,1996,1990,8
14634,ODE TO JOY,BBC CONCERT OR/JACKSON,98,LW:RE,36,4,1996-08-18,1996,1990,8
14596,PURPLE HEATHER,ROD STEWART/SCOT EURO 96 SQUAD,99,LW:RE,16,6,1996-08-18,1996,1990,8
14253,TURN OF THE MACK,MARK MORRISON,60,LW:RE,1,24,1996-08-25,1996,1990,8
14565,FABLE,ROBERT MILES,69,LW:RE,7,11,1996-08-25,1996,1990,8
14652,ENGLAND'S IRIE,BLACK GRAPE/J STRUMMER/K ALLEN,89,LW:RE,6,5,1996-08-25,1996,1990,8
14685,FORBIDDEN CITY,ELECTRONIC,91,LW:RE,14,6,1996-08-25,1996,1990,8
14689,DAMTIME,ZEE,96,LW:RE,31,3,1996-08-25,1996,1990,8
11530,DO YOU MEMBER THE FIRST TIME?,PULP,73,LW:RE,33,6,1996-09-01,1996,1990,9
11758,THE SISTERS EP,PULP,76,LW:RE,19,6,1996-09-01,1996,1990,9
11180,LIP GLOSS,PULP,78,LW:RE,50,3,1996-09-01,1996,1990,9
13163,COMMON PEOPLE,PULP,92,LW:RE,2,14,1996-09-01,1996,1990,9
14739,DUNE BUGGY,PRESIDENTS OF THE USA,99,LW:RE,15,5,1996-09-01,1996,1990,9
9352,MAKE IT ON MY OWN,ALISON LIMERICK,30,LW:RE,16,7,1996-09-08,1996,1990,9
14682,OH YEAH,ASH,77,LW:RE,6,8,1996-09-08,1996,1990,9
14652,ENGLAND'S IRIE,BLACK GRAPE/J STRUMMER/K ALLEN,97,LW:RE,6,6,1996-09-08,1996,1990,9
14695,BAKFAST AT TIFFANY'S,DEEP BLUE SOMETHING,3,LW:RE,3,3,1996-09-15,1996,1990,9
13669,SANTA MARIA,TATJANA,40,LW:RE,40,3,1996-09-15,1996,1990,9
14335,OOH AAH...JUST A LITTLE BIT,GINA G,62,LW:RE,1,24,1996-09-15,1996,1990,9
13495,ROLL WITH IT,OASIS,84,LW:RE,2,42,1996-09-15,1996,1990,9
14740,CHANGE THE WORLD,ERIC CLAPTON,89,LW:RE,18,6,1996-09-15,1996,1990,9
14708,IN TOO DEEP,BELINDA CARLISLE,95,LW:RE,6,8,1996-09-15,1996,1990,9
14716,FE TO DECIDE,CRANBERRIES,96,LW:RE,33,4,1996-09-15,1996,1990,9
7999,WHE LOVE LIVES,ALISON LIMERICK,97,LW:RE,9,17,1996-09-15,1996,1990,9
14739,DUNE BUGGY,PRESIDENTS OF THE USA,99,LW:RE,15,6,1996-09-15,1996,1990,9
14742,EXODUS - LIVE,LEVELLERS,100,LW:RE,24,3,1996-09-15,1996,1990,9
14768,KRUPA,APOLLO FOUR FORTY,24,LW:RE,23,5,1996-09-22,1996,1990,9
14786,EVERYTHING MUST GO,MANIC STREET PREACHERS,85,LW:RE,5,7,1996-09-22,1996,1990,9
14860,BETTER WATCH OUT,ANT & DEC,86,LW:RE,10,5,1996-09-22,1996,1990,9
14622,ALWAYS BE MY BABY,MARIAH CAREY,92,LW:RE,3,12,1996-09-22,1996,1990,9
14441,NOBODY KNOWS,TONY RICH PROJECT,94,LW:RE,4,18,1996-09-22,1996,1990,9
14762,MISSING YOU,TINA TURNER,96,LW:RE,12,6,1996-09-22,1996,1990,9
13758,FE,LOUCHIE LOU & MICHIE ONE,97,LW:RE,85,2,1996-09-22,1996,1990,9
14163,TRIGGER HIPPIE,MORCHEEBA,40,LW:RE,40,2,1996-09-29,1996,1990,9
13006,CRAZY,MARK MORRISON,78,LW:RE,6,9,1996-09-29,1996,1990,9
15034,I WANNA BE ADOD,STONE ROSES,88,LW:RE,20,4,1996-09-29,1996,1990,9
15036,WATERFALL,STONE ROSES,94,LW:RE,27,5,1996-09-29,1996,1990,9
15038,FOOLS GOLD,STONE ROSES,97,LW:RE,73,2,1996-09-29,1996,1990,9
14838,PEACOCK SUIT,PAUL WELLER,81,LW:RE,5,6,1996-10-06,1996,1990,10
14788,WOMAN,NENEH CHERRY,91,LW:RE,9,8,1996-10-06,1996,1990,10
14762,MISSING YOU,TINA TURNER,97,LW:RE,12,7,1996-10-06,1996,1990,10
14636,TWISTED,KEITH SWEAT,98,LW:RE,39,3,1996-10-06,1996,1990,10
11871,JESUS HAIRDO,CHARLATANS,99,LW:RE,48,4,1996-10-06,1996,1990,10
9807,DON'T YOU WANT ME,FELIX,17,LW:RE,6,17,1996-10-13,1996,1990,10
14811,SOMEONE TO LOVE,EAST 17,81,LW:RE,16,9,1996-10-13,1996,1990,10
13163,COMMON PEOPLE,PULP,82,LW:RE,2,15,1996-10-13,1996,1990,10
14808,TRASH,SUEDE,84,LW:RE,3,7,1996-10-13,1996,1990,10
13936,DISCO 2000,PULP,89,LW:RE,7,15,1996-10-13,1996,1990,10
14305,FISTARTER,PRODIGY,93,LW:RE,1,22,1996-10-13,1996,1990,10
11530,DO YOU MEMBER THE FIRST TIME?,PULP,94,LW:RE,33,8,1996-10-13,1996,1990,10
11758,THE SISTERS EP,PULP,95,LW:RE,19,8,1996-10-13,1996,1990,10
13943,INSOMNIA,FAITHLESS,3,LW:RE,3,3,1996-10-20,1996,1990,10
14807,FEDOM,ROBBIE WILLIAMS,56,LW:RE,2,11,1996-10-20,1996,1990,10
13696,BELIEVE IN ME,RAW STYLUS,66,LW:RE,66,2,1996-10-20,1996,1990,10
14860,BETTER WATCH OUT,ANT & DEC,80,LW:RE,10,7,1996-10-20,1996,1990,10
14917,TAKE IT EASY,LET LOOSE,86,LW:RE,25,3,1996-10-20,1996,1990,10
14534,THE LIONS,BADDIEL/SKINNER/LIGHTNING SEED,88,LW:RE,1,16,1996-10-20,1996,1990,10
14890,LIKE A WOMAN,TONY RICH PROJECT,95,LW:RE,27,5,1996-10-20,1996,1990,10
14915,LET'S ALL CHANT,GUSTO,99,LW:RE,21,4,1996-10-20,1996,1990,10
14837,SOMEDAY,ETERNAL,77,LW:RE,4,10,1996-10-27,1996,1990,10
14884,E - BOW THE LETTER,REM,93,LW:RE,4,6,1996-10-27,1996,1990,10
14535,MYSTERIOUS GIRL,PETER ANDRE FT BUBBLER RANX,94,LW:RE,2,19,1996-10-27,1996,1990,10
14887,TUFF ACT TO FOLLOW,MN8,95,LW:RE,15,4,1996-10-27,1996,1990,10
14791,HEY JUPITER/PROFESSIONAL WIDOW,TORI AMOS,100,LW:RE,20,10,1996-10-27,1996,1990,10
4154,DON'T DAM IT'S OVER,CROWDED HOUSE,25,LW:RE,25,12,1996-11-03,1996,1990,11
14759,JUS' COME,COOL JACK,44,LW:RE,44,2,1996-11-03,1996,1990,11
14563,KILLING ME SOFTLY,FUGEES,81,LW:RE,1,21,1996-11-03,1996,1990,11
14858,WHY,3T FEATURING MICHAEL JACKSON,85,LW:RE,2,10,1996-11-03,1996,1990,11
13779,WE'VE GOT IT GOIN' ON,BACKSTREET BOYS,92,LW:RE,3,8,1996-11-03,1996,1990,11
14885,UNDIVIDED LOVE,LOUISE,95,LW:RE,5,7,1996-11-03,1996,1990,11
14917,TAKE IT EASY,LET LOOSE,100,LW:RE,25,4,1996-11-03,1996,1990,11
12626,WHATEVER,OASIS,34,LW:RE,3,72,1996-11-10,1996,1990,11
13820,WONDERWALL,OASIS,36,LW:RE,2,38,1996-11-10,1996,1990,11
12348,CIGATTES & ALCOHOL,OASIS,38,LW:RE,7,65,1996-11-10,1996,1990,11
13050,SOME MIGHT SAY,OASIS,40,LW:RE,1,65,1996-11-10,1996,1990,11
12056,LIVE FOVER,OASIS,42,LW:RE,10,58,1996-11-10,1996,1990,11
11603,SUPERSONIC,OASIS,47,LW:RE,31,53,1996-11-10,1996,1990,11
11859,SHAKERMAKER,OASIS,48,LW:RE,11,55,1996-11-10,1996,1990,11
14198,DON'T LOOK BACK IN ANGER,OASIS,53,LW:RE,1,29,1996-11-10,1996,1990,11
13495,ROLL WITH IT,OASIS,55,LW:RE,2,44,1996-11-10,1996,1990,11
14910,HEY DUDE,KULA SHAKER,87,LW:RE,2,8,1996-11-10,1996,1990,11
14934,FLAVA,PETER ANDRE,77,LW:RE,1,10,1996-11-17,1996,1990,11
14980,ALL I WANT,SKUNK ANANSIE,93,LW:RE,14,5,1996-11-17,1996,1990,11
14960,GOODBYE HEARTBAK,LIGHTHOUSE FAMILY,95,LW:RE,14,8,1996-11-17,1996,1990,11
13090,BORN SLIPPY,UNDERWORLD,97,LW:RE,2,19,1996-11-17,1996,1990,11
14978,THE CIRCLE,OCEAN COLOUR SCENE,89,LW:RE,6,7,1996-11-24,1996,1990,11
15008,DANCE INTO THE LIGHT,PHIL COLLINS,97,LW:RE,9,7,1996-11-24,1996,1990,11
14958,ALWAYS BAKING MY HEART,BELINDA CARLISLE,99,LW:RE,8,8,1996-11-24,1996,1990,11
14149,RUNAWAY,CORRS,60,LW:RE,49,3,1996-12-01,1996,1990,12
15043,KEVIN CARTER,MANIC STREET PREACHERS,96,LW:RE,9,5,1996-12-01,1996,1990,12
14980,ALL I WANT,SKUNK ANANSIE,97,LW:RE,14,6,1996-12-01,1996,1990,12
15008,DANCE INTO THE LIGHT,PHIL COLLINS,95,LW:RE,9,8,1996-12-08,1996,1990,12
15099,DAMING,MN8,97,LW:RE,21,4,1996-12-08,1996,1990,12
14936,I'M ALIVE,STRETCH & VERN PRESENT MADDOG,99,LW:RE,6,10,1996-12-08,1996,1990,12
15078,SOMETHING BEAUTIFUL MAINS,TINA TURNER,100,LW:RE,27,3,1996-12-08,1996,1990,12
11859,SHAKERMAKER,OASIS,80,LW:RE,11,57,1996-12-15,1996,1990,12
15040,SETTING SUN,CHEMICAL BROTHERS,85,LW:RE,1,8,1996-12-15,1996,1990,12
15045,LOVE II LOVE,DAMAGE,94,LW:RE,12,7,1996-12-15,1996,1990,12
15124,BITTERSWEET ME,REM,95,LW:RE,19,3,1996-12-15,1996,1990,12
14976,ESCAPING,DINA CARROLL,97,LW:RE,3,9,1996-12-15,1996,1990,12
14478,IN THE MEANTIME,SPACEHOG,29,LW:RE,29,4,1996-12-22,1996,1990,12
12056,LIVE FOVER,OASIS,75,LW:RE,10,60,1996-12-22,1996,1990,12
15119,PLACE YOUR HANDS,REEF,76,LW:RE,6,8,1996-12-22,1996,1990,12
14919,I LOVE YOU ALWAYS FOVER,DONNA LEWIS,77,LW:RE,5,15,1996-12-22,1996,1990,12
13495,ROLL WITH IT,OASIS,79,LW:RE,2,46,1996-12-22,1996,1990,12
11603,SUPERSONIC,OASIS,80,LW:RE,31,55,1996-12-22,1996,1990,12
15123,WHAT IF...,LIGHTNING SEEDS,85,LW:RE,14,4,1996-12-22,1996,1990,12
15121,YOU MUST LOVE ME,MADONNA,88,LW:RE,10,5,1996-12-22,1996,1990,12
15096,FLYING,CAST,90,LW:RE,4,6,1996-12-22,1996,1990,12
14495,PEARL'S GIRL,UNDERWORLD,91,LW:RE,22,4,1996-12-22,1996,1990,12
14977,SEVEN DAYS AND ONE WEEK,B.B.E.,92,LW:RE,3,10,1996-12-22,1996,1990,12
15099,DAMING,MN8,93,LW:RE,21,5,1996-12-22,1996,1990,12
15217,HELP YOURSELF/BIGAMY AT CHRISTMAS,TONY FERRINO,95,LW:RE,42,3,1996-12-22,1996,1990,12
15149,THIS IS FOR THE LOVER IN YOU,BABYFACE,96,LW:RE,12,6,1996-12-22,1996,1990,12
15097,BEAUTIFUL ONES,SUEDE,97,LW:RE,8,6,1996-12-22,1996,1990,12
13800,1ST OF THA MONTH,BONE THUGS-N-HARMONY,99,LW:RE,15,5,1996-12-22,1996,1990,12
15148,DON'T MAKE ME WAIT,911,73,LW:RE,10,7,1996-12-29,1997,1990,12
15120,FOLLOW THE RULES,LIVIN' JOY,83,LW:RE,9,6,1996-12-29,1997,1990,12
15178,ATOM BOMB,FLUKE,89,LW:RE,20,4,1996-12-29,1997,1990,12
15071,TRIPPIN',MARK MORRISON,90,LW:RE,8,7,1996-12-29,1997,1990,12
15124,BITTERSWEET ME,REM,93,LW:RE,19,4,1996-12-29,1997,1990,12
14563,KILLING ME SOFTLY,FUGEES,95,LW:RE,1,23,1996-12-29,1997,1990,12
15212,IF YOU LEAVE ME NOW,UPSIDE DOWN,96,LW:RE,27,3,1996-12-29,1997,1990,12
15126,FIGHTING FIT,GENE,97,LW:RE,22,3,1996-12-29,1997,1990,12
15210,IF/KEEP ON RUNNING,JOHN ALFORD,98,LW:RE,24,4,1996-12-29,1997,1990,12
14936,I'M ALIVE,STRETCH & VERN PRESENT MADDOG,99,LW:RE,6,11,1996-12-29,1997,1990,12
15127,MACH 5,PRESIDENTS OF THE USA,100,LW:RE,29,3,1996-12-29,1997,1990,12
15175,IF YOU' THINKING OF ME,DODGY,79,LW:RE,11,5,1997-01-05,1997,1990,1
15150,POSSIBLY MAYBE,BJORK,83,LW:RE,13,4,1997-01-05,1997,1990,1
15097,BEAUTIFUL ONES,SUEDE,89,LW:RE,8,7,1997-01-05,1997,1990,1
15217,HELP YOURSELF/BIGAMY AT CHRISTMAS,TONY FERRINO,92,LW:RE,42,4,1997-01-05,1997,1990,1
14807,FEDOM,ROBBIE WILLIAMS,93,LW:RE,2,15,1997-01-05,1997,1990,1
14976,ESCAPING,DINA CARROLL,100,LW:RE,3,10,1997-01-05,1997,1990,1
15204,MILK,GARBAGE FEATURING TRICKY,74,LW:RE,10,8,1997-01-12,1997,1990,1
15206,STAR,BRYAN ADAMS,77,LW:RE,13,5,1997-01-12,1997,1990,1
15238,LOVE IN THE KEY OF C,BELINDA CARLISLE,79,LW:RE,20,4,1997-01-12,1997,1990,1
15119,PLACE YOUR HANDS,REEF,82,LW:RE,6,10,1997-01-12,1997,1990,1
14305,FISTARTER,PRODIGY,83,LW:RE,1,34,1997-01-12,1997,1990,1
15207,SINGLE,PET SHOP BOYS,86,LW:RE,14,4,1997-01-12,1997,1990,1
15208,CHASING RAINBOWS,SHED SEVEN,88,LW:RE,17,7,1997-01-12,1997,1990,1
15210,IF/KEEP ON RUNNING,JOHN ALFORD,90,LW:RE,24,5,1997-01-12,1997,1990,1
15237,YOU DON'T FOOL ME - THE MIXES,QUEEN,97,LW:RE,17,5,1997-01-12,1997,1990,1
14761,HIGHER STATE OF CONSCIOUSNESS 96 MIXES,WINK,99,LW:RE,7,11,1997-01-12,1997,1990,1
13977,I'LL NEVER BAK YOUR HEART,BACKSTREET BOYS,85,LW:RE,8,9,1997-01-19,1997,1990,1
12869,POISON,PRODIGY,88,LW:RE,15,10,1997-01-19,1997,1990,1
14395,OUT OF SPACE,PRODIGY,95,LW:RE,52,3,1997-01-19,1997,1990,1
11727,NO GOOD (START THE DANCE),PRODIGY,96,LW:RE,4,15,1997-01-19,1997,1990,1
14400,CHARLY,PRODIGY,99,LW:RE,66,3,1997-01-19,1997,1990,1
14404,EVERYBODY IN THE PLACE,PRODIGY,100,LW:RE,69,4,1997-01-19,1997,1990,1
9879,VIVAL,MARTINE GIRAULT,61,LW:RE,53,3,1997-01-26,1997,1990,1
12216,VOODOO PEOPLE,PRODIGY,96,LW:RE,13,11,1997-01-26,1997,1990,1
14398,FI,PRODIGY,98,LW:RE,63,3,1997-01-26,1997,1990,1
15239,TWISTED [EVERYDAY HURTS],SKUNK ANANSIE,99,LW:RE,26,5,1997-01-26,1997,1990,1
15354,I FINALLY FOUND SOMEONE,BARBRA STREISAND & BRYAN ADAMS,10,LW:RE,10,3,1997-02-02,1997,1990,2
12350,CONNECTION,ELASTICA,86,LW:RE,17,5,1997-02-02,1997,1990,2
12790,WAKING UP,ELASTICA,92,LW:RE,13,5,1997-02-02,1997,1990,2
13820,WONDERWALL,OASIS,96,LW:RE,2,47,1997-02-02,1997,1990,2
15147,I BELONG TO YOU,GINA G,99,LW:RE,6,12,1997-02-02,1997,1990,2
11307,LINE UP,ELASTICA,100,LW:RE,20,4,1997-02-02,1997,1990,2
15172,STRANGER IN MOSCOW,MICHAEL JACKSON,76,LW:RE,4,12,1997-02-09,1997,1990,2
15041,YOU' GORGEOUS,BABYBIRD,80,LW:RE,3,18,1997-02-09,1997,1990,2
15327,ONLY HUMAN,DINA CARROLL,85,LW:RE,33,5,1997-02-09,1997,1990,2
15294,BETCHA BY GOLLY WOW!,ARTIST,89,LW:RE,11,8,1997-02-09,1997,1990,2
15328,IN THE ONES YOU LOVE,DIANA ROSS,94,LW:RE,34,5,1997-02-09,1997,1990,2
15203,GOVINDA,KULA SHAKER,95,LW:RE,7,9,1997-02-09,1997,1990,2
15205,WHEN I FALL IN LOVE,ANT & DEC,97,LW:RE,12,9,1997-02-09,1997,1990,2
14060,LOST IN LOVE,LEGEND B,45,LW:RE,45,2,1997-02-16,1997,1990,2
15233,CHILD,MARK OWEN,55,LW:RE,3,12,1997-02-16,1997,1990,2
15319,YOUR CHRISTMAS WISH,SMURFS,79,LW:RE,8,7,1997-02-16,1997,1990,2
15262,I FEEL YOU,PETER ANDRE,85,LW:RE,1,11,1997-02-16,1997,1990,2
15265,SECTS,ETERNAL,88,LW:RE,9,9,1997-02-16,1997,1990,2
15291,AUSTRALIA,MANIC STREET PREACHERS,95,LW:RE,7,8,1997-02-16,1997,1990,2
15293,LIVE LIKE HORSES,ELTON JOHN/LUCIANO PAVAROTTI,96,LW:RE,9,8,1997-02-16,1997,1990,2
15232,"NO WOMAN, NO CRY",FUGEES,79,LW:RE,2,10,1997-02-23,1997,1990,2
15145,WHAT BECOMES OF THE BROKEN HEARTED,ROBSON & JEROME,81,LW:RE,1,15,1997-02-23,1997,1990,2
15140,U GOT THE LOVE,HYPERLOGIC,85,LW:RE,85,2,1997-02-23,1997,1990,2
15294,BETCHA BY GOLLY WOW!,ARTIST,94,LW:RE,11,9,1997-02-23,1997,1990,2
15328,IN THE ONES YOU LOVE,DIANA ROSS,97,LW:RE,34,6,1997-02-23,1997,1990,2
10271,SHOW ME LOVE,ROBIN S,9,LW:RE,6,17,1997-03-02,1997,1990,3
15095,SAY YOU'LL BE THE,SPICE GIRLS,86,LW:RE,1,19,1997-03-02,1997,1990,3
15117,IF YOU EVER,EAST 17 FEATURING GABRIELLE,87,LW:RE,2,16,1997-03-02,1997,1990,3
15291,AUSTRALIA,MANIC STREET PREACHERS,90,LW:RE,7,9,1997-03-02,1997,1990,3
15263,I NEED YOU,3T,97,LW:RE,3,11,1997-03-02,1997,1990,3
15320,SALVA MEA,FAITHLESS,100,LW:RE,9,8,1997-03-02,1997,1990,3
15466,RUMBLE IN THE JUNGLE,FUGEES,3,LW:RE,3,2,1997-03-09,1997,1990,3
15318,ALL BY MYSELF,CELINE DION,58,LW:RE,6,12,1997-03-09,1997,1990,3
15289,A DIFFENT BEAT,BOYZONE,62,LW:RE,1,13,1997-03-09,1997,1990,3
15264,COSMIC GIRL,JAMIROQUAI,84,LW:RE,6,11,1997-03-09,1997,1990,3
13943,INSOMNIA,FAITHLESS,91,LW:RE,3,16,1997-03-09,1997,1990,3
15290,FOVER,DAMAGE,93,LW:RE,6,10,1997-03-09,1997,1990,3
15363,IN MY ARMS,ERASURE,98,LW:RE,13,5,1997-03-09,1997,1990,3
15070,WORDS,BOYZONE,100,LW:RE,1,15,1997-03-09,1997,1990,3
15320,SALVA MEA,FAITHLESS,85,LW:RE,9,9,1997-03-16,1997,1990,3
15263,I NEED YOU,3T,90,LW:RE,3,12,1997-03-16,1997,1990,3
15321,OFFSHO,CHICANE,95,LW:RE,14,8,1997-03-16,1997,1990,3
15358,HEY CHILD,EAST 17,98,LW:RE,3,6,1997-03-16,1997,1990,3
15397,CANDY GIRL,BABYBIRD,86,LW:RE,14,4,1997-03-23,1997,1990,3
15290,FOVER,DAMAGE,87,LW:RE,6,11,1997-03-23,1997,1990,3
15345,SATAN LIVE,ORBITAL,96,LW:RE,3,7,1997-03-23,1997,1990,3
15317,HORNY,MARK MORRISON,100,LW:RE,5,10,1997-03-23,1997,1990,3
15201,BATHE,PRODIGY,71,LW:RE,1,18,1997-03-30,1997,1990,3
14305,FISTARTER,PRODIGY,77,LW:RE,1,43,1997-03-30,1997,1990,3
15392,OLDER/I CAN'T MAKE YOU LOVE ME,GEORGE MICHAEL,81,LW:RE,3,9,1997-03-30,1997,1990,3
15344,PROFESSIONAL WIDOW (IT'S GOT TO BE BIG),TORI AMOS,83,LW:RE,1,11,1997-03-30,1997,1990,3
15377,COME BACK BRIGHTER,REEF,85,LW:RE,8,6,1997-03-30,1997,1990,3
15354,I FINALLY FOUND SOMEONE,BARBRA STREISAND & BRYAN ADAMS,86,LW:RE,10,10,1997-03-30,1997,1990,3
15358,HEY CHILD,EAST 17,87,LW:RE,3,7,1997-03-30,1997,1990,3
15445,LET ME IN,OTT,88,LW:RE,12,6,1997-03-30,1997,1990,3
15391,BEETLEBUM,BLUR,89,LW:RE,1,6,1997-03-30,1997,1990,3
15173,ONE & ONE,ROBERT MILES FEAT MARIA NAYLER,92,LW:RE,3,19,1997-03-30,1997,1990,3
15441,BARL OF A GUN,DEPECHE MODE,95,LW:RE,4,5,1997-03-30,1997,1990,3
15477,DARK CLOUDS,SPACE,98,LW:RE,14,5,1997-03-30,1997,1990,3
15419,RUNAWAY,NUYORICAN SOUL FEAT INDIA,99,LW:RE,24,5,1997-03-30,1997,1990,3
15359,PEOPLE HOLD ON (THE BOOTLEG MIXES),LISA STANSFIELD/DIRTY ROTTEN..,100,LW:RE,4,7,1997-03-30,1997,1990,3
13382,MY LOVE IS DEEP,SARA PARKER,22,LW:RE,22,3,1997-04-06,1997,1990,4
15397,CANDY GIRL,BABYBIRD,88,LW:RE,14,5,1997-04-06,1997,1990,4
15337,DON'T CRY FOR ME ARGENTINA,MADONNA,97,LW:RE,3,13,1997-04-06,1997,1990,4
15091,GROOVEBIRD,NATURAL BORN GROOVES,21,LW:RE,21,3,1997-04-13,1997,1990,4
9878,NOTHING IS FOVER,ULTRACYNIC,47,LW:RE,47,3,1997-04-13,1997,1990,4
13043,SEX LIFE,GEOFFREY WILLIAMS,71,LW:RE,71,2,1997-04-13,1997,1990,4
14612,U FOUND OUT,HANDBAGGERS,82,LW:RE,55,3,1997-04-13,1997,1990,4
15376,SATURDAY NIGHT,SUEDE,90,LW:RE,6,5,1997-04-13,1997,1990,4
15415,DO YOU KNOW,MICHELLE GAYLE,92,LW:RE,6,7,1997-04-13,1997,1990,4
15394,WALK ON BY,GABRIELLE,98,LW:RE,7,9,1997-04-13,1997,1990,4
14760,SMILE,SUPERNATURALS,23,LW:RE,23,2,1997-04-20,1997,1990,4
9099,I'LL BE YOUR FRIEND,ROBERT OWENS,25,LW:RE,25,3,1997-04-20,1997,1990,4
15473,THE DAY WE FIND LOVE,911,79,LW:RE,4,9,1997-04-20,1997,1990,4
15443,SHE MAKES MY NOSE BLEED,MANSUN,82,LW:RE,9,6,1997-04-20,1997,1990,4
15413,AIN'T NOBODY,LL COOL J,85,LW:RE,1,11,1997-04-20,1997,1990,4
15530,THE HOLY RIVER,ARTIST,88,LW:RE,19,4,1997-04-20,1997,1990,4
15440,CLEMENTINE,MARK OWEN,91,LW:RE,3,7,1997-04-20,1997,1990,4
15354,I FINALLY FOUND SOMEONE,BARBRA STREISAND & BRYAN ADAMS,92,LW:RE,10,12,1997-04-20,1997,1990,4
15445,LET ME IN,OTT,97,LW:RE,12,8,1997-04-20,1997,1990,4
15439,DISCOTHEQUE,U2,76,LW:RE,1,10,1997-04-27,1997,1990,4
15472,I SHOT THE SHERIFF,WARREN G,83,LW:RE,2,9,1997-04-27,1997,1990,4
15477,DARK CLOUDS,SPACE,93,LW:RE,14,8,1997-04-27,1997,1990,4
15531,FALLING IN LOVE (IS HARD ON THE KNEES),AEROSMITH,95,LW:RE,22,6,1997-04-27,1997,1990,4
15475,LET ME CLEAR MY THROAT,DJ KOOL,96,LW:RE,8,8,1997-04-27,1997,1990,4
15549,SHOUT,ANT & DEC,89,LW:RE,10,6,1997-05-04,1997,1990,5
15548,MOAN & GROAN,MARK MORRISON,90,LW:RE,7,7,1997-05-04,1997,1990,5
15336,2 BECOME 1,SPICE GIRLS,54,LW:RE,1,20,1997-05-11,1997,1990,5
15500,YOU GOT THE LOVE,SOURCE FEATURING CANDI STATON,86,LW:RE,3,9,1997-05-11,1997,1990,5
15606,I BELIEVE IN YOU AND ME,WHITNEY HOUSTON,87,LW:RE,16,6,1997-05-11,1997,1990,5
15608,HARD TO MAKE A STAND,SHERYL CROW,92,LW:RE,22,4,1997-05-11,1997,1990,5
15607,CAN'T NOBODY HOLD ME DOWN,PUFF DADDY FEAT MASE,96,LW:RE,19,5,1997-05-11,1997,1990,5
13521,I'LL BE THE FOR YOU,REMBRANDTS,11,LW:RE,3,14,1997-05-18,1997,1990,5
15835,ALWAYS ON MY MIND,ELVIS PRESLEY,13,LW:RE,9,14,1997-05-18,1997,1990,5
15609,BLACKBIRD ON THE WI,BEAUTIFUL SOUTH,83,LW:RE,23,6,1997-05-18,1997,1990,5
15602,ANOTHER SUITCASE IN ANOTHER HALL,MADONNA,89,LW:RE,7,7,1997-05-18,1997,1990,5
15643,CONSIDERATION,REEF,90,LW:RE,13,5,1997-05-18,1997,1990,5
15578,ELEGANTLY WASTED,INXS,92,LW:RE,20,6,1997-05-18,1997,1990,5
15605,FLY LIKE AN EAGLE,SEAL,94,LW:RE,13,6,1997-05-18,1997,1990,5
15600,ANYWHE FOR YOU,BACKSTREET BOYS,72,LW:RE,4,7,1997-05-25,1997,1990,5
15573,LOVE GUARANTEED,DAMAGE,77,LW:RE,7,7,1997-05-25,1997,1990,5
15466,RUMBLE IN THE JUNGLE,FUGEES,82,LW:RE,3,10,1997-05-25,1997,1990,5
15608,HARD TO MAKE A STAND,SHERYL CROW,84,LW:RE,22,5,1997-05-25,1997,1990,5
15574,THE AL THING,LISA STANSFIELD,85,LW:RE,9,8,1997-05-25,1997,1990,5
15252,GIRL IN A SPORTS CAR,CHRIS REA,89,LW:RE,77,3,1997-05-25,1997,1990,5
15607,CAN'T NOBODY HOLD ME DOWN,PUFF DADDY FEAT MASE,93,LW:RE,19,6,1997-05-25,1997,1990,5
14305,FISTARTER,PRODIGY,98,LW:RE,1,50,1997-05-25,1997,1990,5
15603,A D LETTER DAY,PET SHOP BOYS,99,LW:RE,9,4,1997-05-25,1997,1990,5
15640,GOTTA BE YOU,3T FEATURING HERBIE,86,LW:RE,10,6,1997-06-01,1997,1990,6
15638,FE ME,CAST,87,LW:RE,7,7,1997-06-01,1997,1990,6
15905,ARMED AND EXTMELY DANGEROUS,FIRST CHOICE,88,LW:RE,16,11,1997-06-01,1997,1990,6
15571,IF I NEVER SEE YOU AGAIN,WET WET WET,90,LW:RE,3,9,1997-06-01,1997,1990,6
15636,NORTH COUNTRY BOY,CHARLATANS,93,LW:RE,4,6,1997-06-01,1997,1990,6
15686,LAZY,SUEDE,97,LW:RE,9,4,1997-06-01,1997,1990,6
15689,18 TIL I DIE,BRYAN ADAMS,98,LW:RE,22,4,1997-06-01,1997,1990,6
15601,FLASH,B.B.E.,100,LW:RE,5,7,1997-06-01,1997,1990,6
15284,COCO JAMBOO,MR.PRESIDENT,8,LW:RE,8,2,1997-06-08,1997,1990,6
15026,SHE CRIES YOUR NAME,BETH ORTON,40,LW:RE,40,3,1997-06-08,1997,1990,6
15685,MFEO,KAVANA,80,LW:RE,8,5,1997-06-08,1997,1990,6
15661,IT'S NO GOOD,DEPECHE MODE,100,LW:RE,5,6,1997-06-08,1997,1990,6
15682,THE SAINT,ORBITAL,76,LW:RE,3,8,1997-06-15,1997,1990,6
15686,LAZY,SUEDE,81,LW:RE,9,5,1997-06-15,1997,1990,6
15640,GOTTA BE YOU,3T FEATURING HERBIE,87,LW:RE,10,7,1997-06-15,1997,1990,6
15709,VENCE,FAITHLESS,91,LW:RE,10,4,1997-06-15,1997,1990,6
15687,HALO,TEXAS,93,LW:RE,10,8,1997-06-15,1997,1990,6
15660,UNDERWATER LOVE,SMOKE CITY,95,LW:RE,4,6,1997-06-15,1997,1990,6
15689,18 TIL I DIE,BRYAN ADAMS,97,LW:RE,22,5,1997-06-15,1997,1990,6
15659,RICHARD III,SUPERGRASS,77,LW:RE,2,6,1997-06-22,1997,1990,6
15688,ON & ON,ERYKAH BADU,80,LW:RE,12,5,1997-06-22,1997,1990,6
15734,HYPNOTIZE,NOTORIOUS B.I.G.,83,LW:RE,10,5,1997-06-22,1997,1990,6
15661,IT'S NO GOOD,DEPECHE MODE,84,LW:RE,5,7,1997-06-22,1997,1990,6
15708,YOU SHOWED ME,LIGHTNING SEEDS,91,LW:RE,8,6,1997-06-22,1997,1990,6
15639,HIT 'EM HIGH (THE MONSTARS' ANTHEM),B REAL/BUSTA RHYMES/COOLIO...,98,LW:RE,8,7,1997-06-22,1997,1990,6
10297,THINGS CAN ONLY GET BETTER,D:REAM,99,LW:RE,19,4,1997-06-22,1997,1990,6
9099,I'LL BE YOUR FRIEND,ROBERT OWENS,100,LW:RE,25,5,1997-06-22,1997,1990,6
13472,THE GOOD LIFE,NEW POWER GENERATION,15,LW:RE,15,4,1997-06-29,1997,1990,6
15704,OLD BEFO I DIE,ROBBIE WILLIAMS,72,LW:RE,2,10,1997-06-29,1997,1990,6
15547,MAMA/WHO DO YOU THINK YOU A,SPICE GIRLS,78,LW:RE,1,16,1997-06-29,1997,1990,6
15804,FOVER GIRL,OTT,88,LW:RE,24,4,1997-06-29,1997,1990,6
15736,TOMORROW,JAMES,89,LW:RE,12,4,1997-06-29,1997,1990,6
15762,FALLING,ANT & DEC,92,LW:RE,14,5,1997-06-29,1997,1990,6
15735,NIGHTMA,BRAINBUG,93,LW:RE,11,6,1997-06-29,1997,1990,6
15710,SENSATIONAL,MICHELLE GAYLE,100,LW:RE,14,5,1997-06-29,1997,1990,6
15411,86'D,SUBCIRCUS,56,LW:RE,56,2,1997-07-06,1997,1990,7
15705,STARING AT THE SUN,U2,88,LW:RE,3,10,1997-07-06,1997,1990,7
15836,BRUISE PRISTINE,PLACEBO,93,LW:RE,14,4,1997-07-06,1997,1990,7
15708,YOU SHOWED ME,LIGHTNING SEEDS,94,LW:RE,8,7,1997-07-06,1997,1990,7
15763,TAXLOSS,MANSUN,96,LW:RE,15,4,1997-07-06,1997,1990,7
14305,FISTARTER,PRODIGY,100,LW:RE,1,51,1997-07-06,1997,1990,7
15757,STAR PEOPLE '97,GEORGE MICHAEL,59,LW:RE,2,10,1997-07-13,1997,1990,7
15913,STRANGE,WET WET WET,74,LW:RE,13,5,1997-07-13,1997,1990,7
12626,WHATEVER,OASIS,76,LW:RE,3,88,1997-07-13,1997,1990,7
13820,WONDERWALL,OASIS,79,LW:RE,2,49,1997-07-13,1997,1990,7
13050,SOME MIGHT SAY,OASIS,83,LW:RE,1,74,1997-07-13,1997,1990,7
12348,CIGATTES & ALCOHOL,OASIS,85,LW:RE,7,74,1997-07-13,1997,1990,7
12056,LIVE FOVER,OASIS,87,LW:RE,10,63,1997-07-13,1997,1990,7
14198,DON'T LOOK BACK IN ANGER,OASIS,88,LW:RE,1,38,1997-07-13,1997,1990,7
13495,ROLL WITH IT,OASIS,89,LW:RE,2,49,1997-07-13,1997,1990,7
11859,SHAKERMAKER,OASIS,90,LW:RE,11,61,1997-07-13,1997,1990,7
11603,SUPERSONIC,OASIS,91,LW:RE,31,58,1997-07-13,1997,1990,7
15805,BLUE DAY,SUGGS & CO. FT CHELSEA TEAM,95,LW:RE,22,6,1997-07-13,1997,1990,7
15762,FALLING,ANT & DEC,96,LW:RE,14,6,1997-07-13,1997,1990,7
15732,BODYSHAKIN',911,97,LW:RE,3,8,1997-07-13,1997,1990,7
15756,LOVE WONT WAIT,GARY BARLOW,64,LW:RE,1,8,1997-07-20,1997,1990,7
15731,BLOOD ON THE DANCE FLOOR,MICHAEL JACKSON,76,LW:RE,1,10,1997-07-20,1997,1990,7
15836,BRUISE PRISTINE,PLACEBO,79,LW:RE,14,5,1997-07-20,1997,1990,7
16014,SPICE GIRLS MEDLEY,UNLIMITED BEAT,84,LW:RE,84,2,1997-07-20,1997,1990,7
15796,I'M A MAN NOT A BOY,NORTH AND SOUTH,85,LW:RE,7,6,1997-07-20,1997,1990,7
15758,LOVE IS THE LAW,SEAHORSES,90,LW:RE,3,8,1997-07-20,1997,1990,7
15759,ALRIGHT,JAMIROQUAI,91,LW:RE,6,6,1997-07-20,1997,1990,7
14305,FISTARTER,PRODIGY,99,LW:RE,1,52,1997-07-20,1997,1990,7
14512,DIRT,DEATH IN VEGAS,61,LW:RE,61,2,1997-07-27,1997,1990,7
15833,PLEASE DON'T GO,NO MERCY,82,LW:RE,4,8,1997-07-27,1997,1990,7
15835,ALWAYS ON MY MIND,ELVIS PRESLEY,94,LW:RE,9,20,1997-07-27,1997,1990,7
15865,RIPGROOVE,DOUBLE 99,95,LW:RE,31,4,1997-07-27,1997,1990,7
15795,WONDERFUL TONIGHT,DAMAGE,98,LW:RE,3,9,1997-07-27,1997,1990,7
15800,LOVE IS ALL WE NEED,MARY J BLIGE,99,LW:RE,15,5,1997-07-27,1997,1990,7
9798,EXPSS YOURSELF,JIMI POLO,62,LW:RE,59,3,1997-08-03,1997,1990,8
15776,LOVE SHINE A LIGHT,KATRINA AND THE WAVES,76,LW:RE,3,13,1997-08-03,1997,1990,8
15917,SUNSTROKE,CHICANE,79,LW:RE,21,4,1997-08-03,1997,1990,8
15945,I COULD NOT LOVE YOU MO,BEE GEES,80,LW:RE,14,4,1997-08-03,1997,1990,8
14445,GRATEFUL WHEN YOU' DEAD/JERRY WAS TH..,KULA SHAKER,84,LW:RE,35,4,1997-08-03,1997,1990,8
15949,"NEVER, NEVER GONNA GIVE YOU UP",LISA STANSFIELD,85,LW:RE,25,4,1997-08-03,1997,1990,8
14681,TATTVA,KULA SHAKER,86,LW:RE,4,9,1997-08-03,1997,1990,8
14305,FISTARTER,PRODIGY,90,LW:RE,1,53,1997-08-03,1997,1990,8
15203,GOVINDA,KULA SHAKER,91,LW:RE,7,10,1997-08-03,1997,1990,8
15876,PARANOID ANDROID,RADIOHEAD,93,LW:RE,3,7,1997-08-03,1997,1990,8
15201,BATHE,PRODIGY,97,LW:RE,1,21,1997-08-03,1997,1990,8
15688,ON & ON,ERYKAH BADU,98,LW:RE,12,8,1997-08-03,1997,1990,8
16153,DO YOU KNOW (WHAT IT TAKES),ROBYN,26,LW:RE,26,2,1997-08-10,1997,1990,8
15913,STRANGE,WET WET WET,82,LW:RE,13,6,1997-08-10,1997,1990,8
15908,MIDNIGHT IN CHELSEA,JON BON JOVI,86,LW:RE,4,8,1997-08-10,1997,1990,8
12876,LOVE COME SCUE ME,LOVESTATION,91,LW:RE,42,3,1997-08-10,1997,1990,8
15833,PLEASE DON'T GO,NO MERCY,94,LW:RE,4,9,1997-08-10,1997,1990,8
15835,ALWAYS ON MY MIND,ELVIS PRESLEY,97,LW:RE,9,21,1997-08-10,1997,1990,8
15094,OUT OF THE VOID,GRASS-SHOW,75,LW:RE,75,2,1997-08-17,1997,1990,8
15876,PARANOID ANDROID,RADIOHEAD,88,LW:RE,3,8,1997-08-17,1997,1990,8
13820,WONDERWALL,OASIS,96,LW:RE,2,53,1997-08-17,1997,1990,8
15942,I'LL BE,FOXY BROWN FT JAY Z,98,LW:RE,9,6,1997-08-17,1997,1990,8
15948,NOT WHE ITS AT,DEL AMITRI,100,LW:RE,21,4,1997-08-17,1997,1990,8
15225,YOU' THE ONE I LOVE,SHOLA AMA,3,LW:RE,3,2,1997-08-24,1997,1990,8
16094,YER OLD,REEF,83,LW:RE,21,4,1997-08-24,1997,1990,8
15971,ON YOUR OWN,BLUR,93,LW:RE,5,6,1997-08-24,1997,1990,8
13050,SOME MIGHT SAY,OASIS,96,LW:RE,1,76,1997-08-24,1997,1990,8
12348,CIGATTES & ALCOHOL,OASIS,97,LW:RE,7,76,1997-08-24,1997,1990,8
15975,WE TRYING TO STAY ALIVE,WYCLEF JEAN/REFUGEE ALLSTARS,99,LW:RE,13,6,1997-08-24,1997,1990,8
16020,AIR WE BATHE,ALISHA'S ATTIC,87,LW:RE,12,7,1997-08-31,1997,1990,8
15970,HUNDD MILE HIGH CITY,OCEAN COLOUR SCENE,90,LW:RE,4,8,1997-08-31,1997,1990,8
15979,HOME,DEPECHE MODE,93,LW:RE,23,5,1997-08-31,1997,1990,8
15977,STAR,PRIMAL SCREAM,99,LW:RE,16,4,1997-08-31,1997,1990,8
8930,FINALLY,CE CE PENISTON,26,LW:RE,26,8,1997-09-07,1997,1990,9
9650,MOTORCYCLE EMPTINESS,MANIC STREET PREACHERS,41,LW:RE,17,7,1997-09-07,1997,1990,9
10128,LITTLE BABY NOTHING,MANIC STREET PREACHERS,50,LW:RE,29,4,1997-09-07,1997,1990,9
9431,SLASH 'N' BURN,MANIC STREET PREACHERS,54,LW:RE,20,5,1997-09-07,1997,1990,9
16133,YOU WE MEANT FOR ME,JEWEL,82,LW:RE,53,3,1997-09-07,1997,1990,9
16019,ALL THAT I GOT IS YOU,GHOSTFACE KILLAH,88,LW:RE,11,5,1997-09-07,1997,1990,9
15975,WE TRYING TO STAY ALIVE,WYCLEF JEAN/REFUGEE ALLSTARS,89,LW:RE,13,7,1997-09-07,1997,1990,9
16070,SO HELP ME GIRL,GARY BARLOW,64,LW:RE,11,8,1997-09-14,1997,1990,9
16128,LOVE LADY,DAMAGE,84,LW:RE,33,3,1997-09-14,1997,1990,9
16096,MAGIC CARPET RIDE,MIGHTY DUB KATZ,86,LW:RE,24,5,1997-09-14,1997,1990,9
15832,TIME TO SAY GOODBYE (CON TE PARTIRO),SARAH BRIGHTMAN/ANDREA BOCELLI,88,LW:RE,2,15,1997-09-14,1997,1990,9
16048,"HOW COME, HOW LONG",BABYFACE FT STEVIE WONDER,94,LW:RE,10,6,1997-09-14,1997,1990,9
16016,THE JOURNEY,911,96,LW:RE,3,9,1997-09-14,1997,1990,9
15976,WHE HAVE ALL THE COWBOYS GONE?,PAULA COLE,100,LW:RE,15,9,1997-09-14,1997,1990,9
16346,DIRTY CASH,ADVENTURES OF STEVIE V,69,LW:RE,2,18,1997-09-21,1997,1990,9
15084,LITTLE ARITHMETICS,DEUS,77,LW:RE,44,3,1997-09-21,1997,1990,9
16091,LAST NIGHT ON EARTH,U2,85,LW:RE,10,8,1997-09-21,1997,1990,9
16068,LAZY DAYS,ROBBIE WILLIAMS,89,LW:RE,8,6,1997-09-21,1997,1990,9
16045,HISTORY/GHOSTS,MICHAEL JACKSON,93,LW:RE,5,9,1997-09-21,1997,1990,9
16121,TOSS IT UP,MAKAVELI,98,LW:RE,15,4,1997-09-21,1997,1990,9
16120,BRUSHED,PAUL WELLER,99,LW:RE,14,4,1997-09-21,1997,1990,9
12623,EVERY DAY OF MY LIFE,HOUSE TRAFFIC,24,LW:RE,24,2,1997-09-28,1997,1990,9
12626,WHATEVER,OASIS,94,LW:RE,3,96,1997-09-28,1997,1990,9
15969,BITTER SWEET SYMPHONY,VERVE,97,LW:RE,2,12,1997-09-28,1997,1990,9
13820,WONDERWALL,OASIS,98,LW:RE,2,56,1997-09-28,1997,1990,9
13050,SOME MIGHT SAY,OASIS,95,LW:RE,1,78,1997-10-05,1997,1990,10
16182,I AM WHAT I AM,MARK OWEN,97,LW:RE,29,4,1997-10-05,1997,1990,10
12348,CIGATTES & ALCOHOL,OASIS,98,LW:RE,7,77,1997-10-05,1997,1990,10
16116,ALL ABOUT US,PETER ANDRE,79,LW:RE,3,10,1997-10-12,1997,1990,10
16090,CALIFORNIA DAMIN,MAMAS AND THE PAPAS,97,LW:RE,9,9,1997-10-12,1997,1990,10
16002,CRUSH ON YOU,LIL' KIM,23,LW:RE,23,3,1997-10-19,1997,1990,10
10155,CARRY ON,MARTHA WASH,49,LW:RE,49,2,1997-10-19,1997,1990,10
16204,QUEEN OF NEW ORLEANS,JON BON JOVI,91,LW:RE,10,5,1997-10-19,1997,1990,10
16147,YESTERDAY,WET WET WET,92,LW:RE,4,7,1997-10-19,1997,1990,10
16242,KISS YOU ALL OVER,NO MERCY,94,LW:RE,16,5,1997-10-19,1997,1990,10
15115,ROCCO,DEATH IN VEGAS,51,LW:RE,51,2,1997-10-26,1997,1990,10
16244,THE SWEETEST THING,REFUGEE ALLSTARS/LAURYN HILL,82,LW:RE,18,5,1997-10-26,1997,1990,10
16265,CRAZY CHANCE 97,KAVANA,85,LW:RE,16,4,1997-10-26,1997,1990,10
16240,KARMA POLICE,RADIOHEAD,88,LW:RE,8,5,1997-10-26,1997,1990,10
16208,EVERLONG,FOO FIGHTERS,100,LW:RE,18,4,1997-10-26,1997,1990,10
15726,JUST CAN'T GET ENOUGH,SAM WALKER,82,LW:RE,82,2,1997-11-02,1997,1990,11
16118,MO MONEY MO PROBLEMS,NOTORIOUS B.I.G.,95,LW:RE,6,11,1997-11-02,1997,1990,11
16238,TRAVELLERS TUNE,OCEAN COLOUR SCENE,96,LW:RE,5,6,1997-11-02,1997,1990,11
15170,DRINK THE SUNSHINE,SYMPOSIUM,89,LW:RE,89,2,1997-11-09,1997,1990,11
16303,SOME KIND OF BLISS,KYLIE MINOGUE,92,LW:RE,22,6,1997-11-09,1997,1990,11
16133,YOU WE MEANT FOR ME,JEWEL,32,LW:RE,32,5,1997-11-16,1997,1990,11
16326,FIX,BLACKSTREET,81,LW:RE,7,6,1997-11-16,1997,1990,11
16238,TRAVELLERS TUNE,OCEAN COLOUR SCENE,90,LW:RE,5,7,1997-11-16,1997,1990,11
16301,PLASTIC DAMS,JAYDEE,99,LW:RE,18,4,1997-11-16,1997,1990,11
16300,ELEKTROBANK,CHEMICAL BROTHERS,100,LW:RE,17,5,1997-11-16,1997,1990,11
16293,YOU HAVE BEEN LOVED EP,GEORGE MICHAEL,80,LW:RE,2,10,1997-11-23,1997,1990,11
16263,EVEN AFTER ALL,FINLEY QUAYE,92,LW:RE,10,6,1997-11-23,1997,1990,11
16044,FED FROM DESI,GALA,95,LW:RE,2,15,1997-11-23,1997,1990,11
16336,SO BEAUTIFUL,CHRIS DE BURGH,96,LW:RE,29,5,1997-11-23,1997,1990,11
14305,FISTARTER,PRODIGY,97,LW:RE,1,56,1997-11-23,1997,1990,11
16295,ALL MINE,PORTISHEAD,99,LW:RE,8,5,1997-11-23,1997,1990,11
15201,BATHE,PRODIGY,94,LW:RE,1,22,1997-11-30,1997,1990,11
16328,SOUTH OF THE BORDER,ROBBIE WILLIAMS,96,LW:RE,14,5,1997-11-30,1997,1990,11
13820,WONDERWALL,OASIS,98,LW:RE,2,63,1997-11-30,1997,1990,11
14395,OUT OF SPACE,PRODIGY,99,LW:RE,52,7,1997-11-30,1997,1990,11
11727,NO GOOD (START THE DANCE),PRODIGY,100,LW:RE,4,18,1997-11-30,1997,1990,11
13213,MAHOGANY ROOTS,HARDFLOOR,81,LW:RE,81,3,1997-12-07,1997,1990,12
15968,I'LL BE MISSING YOU,PUFF DADDY & FAITH EVANS,87,LW:RE,1,24,1997-12-07,1997,1990,12
16237,I KNOW WHE IT'S AT,ALL SAINTS,96,LW:RE,4,9,1997-12-07,1997,1990,12
16356,PLEASE,U2,98,LW:RE,7,5,1997-12-07,1997,1990,12
16336,SO BEAUTIFUL,CHRIS DE BURGH,100,LW:RE,29,6,1997-12-07,1997,1990,12
16676,ROXANNE '97,STING & THE POLICE,17,LW:RE,12,10,1997-12-14,1997,1990,12
15309,A LONG DECEMBER,COUNTING CROWS,68,LW:RE,62,3,1997-12-14,1997,1990,12
16261,WHE'S THE LOVE,HANSON,86,LW:RE,4,10,1997-12-14,1997,1990,12
12626,WHATEVER,OASIS,89,LW:RE,3,104,1997-12-14,1997,1990,12
16042,D'YOU KNOW WHAT I MEAN?,OASIS,91,LW:RE,1,19,1997-12-14,1997,1990,12
16407,ON HER MAJESTY'S SECT SERVICE,PROPELLERHEADS/DAVID ARNOLD,96,LW:RE,7,6,1997-12-14,1997,1990,12
16326,FIX,BLACKSTREET,97,LW:RE,7,9,1997-12-14,1997,1990,12
16382,LOVE ME AND LEAVE ME,SEAHORSES,100,LW:RE,16,5,1997-12-14,1997,1990,12
16582,NO WAY NO WAY,VANILLA,14,LW:RE,14,2,1997-12-21,1997,1990,12
16260,THE DRUGS DON'T WORK,VERVE,76,LW:RE,1,13,1997-12-21,1997,1990,12
16480,BEEN AROUND THE WORLD,PUFF DADDY & THE FAMILY,78,LW:RE,20,5,1997-12-21,1997,1990,12
16507,LONELY,PETER ANDRE,80,LW:RE,6,6,1997-12-21,1997,1990,12
16600,IT'S GAT WHEN WE' TOGETHER,FINLEY QUAYE,81,LW:RE,29,4,1997-12-21,1997,1990,12
16146,MEN IN BLACK,WILL SMITH,82,LW:RE,1,17,1997-12-21,1997,1990,12
16475,PHENOMENON,LL COOL J,83,LW:RE,9,6,1997-12-21,1997,1990,12
16542,GUNMAN,187 LOCKDOWN,86,LW:RE,16,5,1997-12-21,1997,1990,12
15865,RIPGROOVE,DOUBLE 99,88,LW:RE,14,7,1997-12-21,1997,1990,12
16379,RAINCLOUD,LIGHTHOUSE FAMILY,92,LW:RE,6,8,1997-12-21,1997,1990,12
13050,SOME MIGHT SAY,OASIS,96,LW:RE,1,79,1997-12-21,1997,1990,12
14290,DON'T LEAVE,FAITHLESS,99,LW:RE,21,3,1997-12-21,1997,1990,12
16481,GABRIEL,ROY DAVIS JR. FT PEVEN EVERETT,100,LW:RE,22,5,1997-12-21,1997,1990,12
16776,GIRLFRIEND,BILLIE,71,LW:RE,1,11,1998-12-27,1999,1990,12
16781,GYM AND TONIC,SPACEDUST,76,LW:RE,1,9,1998-12-27,1999,1990,12
16784,GANGSTER TRIPPIN,FATBOY SLIM,79,LW:RE,3,9,1998-12-27,1999,1990,12
16789,SMOKE,NATALIE IMBRUGLIA,84,LW:RE,5,8,1998-12-27,1999,1990,12
16790,CRUSH,JENNIFER PAIGE,85,LW:RE,4,13,1998-12-27,1999,1990,12
16795,DOO WOP (THAT THING),LAURYN HILL,90,LW:RE,3,8,1998-12-27,1999,1990,12
16796,HOW DO I LIVE,LEANN RIMES,91,LW:RE,7,35,1998-12-27,1999,1990,12
16798,THE FIRST NIGHT,MONICA,93,LW:RE,6,7,1998-12-27,1999,1990,12
16800,IF YOU TOLERATE THIS YOUR CHILDN...,MANIC STREET PREACHERS,95,LW:RE,1,14,1998-12-27,1999,1990,12
16801,STAND BY ME,4 THE CAUSE,96,LW:RE,12,10,1998-12-27,1999,1990,12
16802,WHAT CAN I DO,CORRS,97,LW:RE,3,13,1998-12-27,1999,1990,12
16804,CHEAP THRILLS,FRANK ZAPPA,99,LW:RE,83,3,1998-12-27,1999,1990,12
16805,"ONE, TWO, THE",DINA CARROLL,100,LW:RE,16,5,1998-12-27,1999,1990,12
16538,JAMES BOND THEME,MOBY,74,LW:RE,8,8,1998-01-04,1998,1990,1
16514,BATHING,NORTH AND SOUTH,85,LW:RE,27,3,1998-01-04,1998,1990,1
15536,CAFE DEL MAR,ENERGY 52,90,LW:RE,51,3,1998-01-04,1998,1990,1
14290,DON'T LEAVE,FAITHLESS,91,LW:RE,21,4,1998-01-04,1998,1990,1
16407,ON HER MAJESTY'S SECT SERVICE,PROPELLERHEADS/DAVID ARNOLD,92,LW:RE,7,8,1998-01-04,1998,1990,1
16509,THE BEST OF LOVE/GO THE DISTANCE,MICHAEL BOLTON,93,LW:RE,14,5,1998-01-04,1998,1990,1
16476,DIGITAL,GOLDIE FT KRS ONE,94,LW:RE,13,4,1998-01-04,1998,1990,1
16513,DEADWEIGHT,BECK,95,LW:RE,23,4,1998-01-04,1998,1990,1
16261,WHE'S THE LOVE,HANSON,96,LW:RE,4,11,1998-01-04,1998,1990,1
16017,SOMETHING GOIN' ON,TODD TERRY,97,LW:RE,5,23,1998-01-04,1998,1990,1
12993,BITS + PIECES,ARTEMESIA,99,LW:RE,46,5,1998-01-04,1998,1990,1
16539,PUT YOUR ARMS AROUND ME,TEXAS,67,LW:RE,10,7,1998-01-11,1998,1990,1
14956,ON MY OWN,PEACH,69,LW:RE,69,2,1998-01-11,1998,1990,1
16687,I NEVER LOVED YOU ANYWAY,CORRS,81,LW:RE,43,3,1998-01-11,1998,1990,1
16477,EVERYTHING I WANTED,DANNII,83,LW:RE,15,5,1998-01-11,1998,1990,1
16410,U SEXY THING,CLOCK,85,LW:RE,11,11,1998-01-11,1998,1990,1
16540,"JANIE, DON'T TAKE YOUR LOVE TO TOWN",JON BON JOVI,86,LW:RE,13,4,1998-01-11,1998,1990,1
16541,I'M SO LONELY,CAST,88,LW:RE,14,4,1998-01-11,1998,1990,1
16574,CRY,SUNDAYS,89,LW:RE,43,3,1998-01-11,1998,1990,1
16491,BEACHBALL,NALIN & KANE,94,LW:RE,48,3,1998-01-11,1998,1990,1
15780,NETHERWORLD,LSG,95,LW:RE,63,2,1998-01-11,1998,1990,1
15599,I BELIEVE I CAN FLY,R KELLY,96,LW:RE,1,18,1998-01-11,1998,1990,1
15832,TIME TO SAY GOODBYE (CON TE PARTIRO),SARAH BRIGHTMAN/ANDREA BOCELLI,98,LW:RE,2,19,1998-01-11,1998,1990,1
16563,HELP THE AGED,PULP,74,LW:RE,8,8,1998-01-18,1998,1990,1
16597,MISSING YOU,MARY J BLIGE,76,LW:RE,19,6,1998-01-18,1998,1990,1
16566,EARTHBOUND,CONNER REEVES,79,LW:RE,14,5,1998-01-18,1998,1990,1
16600,IT'S GAT WHEN WE' TOGETHER,FINLEY QUAYE,81,LW:RE,29,6,1998-01-18,1998,1990,1
16596,FIRM BIZ,FIRM FT DAWN ROBINSON,82,LW:RE,18,4,1998-01-18,1998,1990,1
16626,I NEED,MEREDITH BROOKS,83,LW:RE,28,3,1998-01-18,1998,1990,1
16538,JAMES BOND THEME,MOBY,84,LW:RE,8,9,1998-01-18,1998,1990,1
16542,GUNMAN,187 LOCKDOWN,85,LW:RE,16,8,1998-01-18,1998,1990,1
16173,TUBTHUMPING,CHUMBAWAMBA,88,LW:RE,2,21,1998-01-18,1998,1990,1
16537,OPEN ROAD,GARY BARLOW,89,LW:RE,7,6,1998-01-18,1998,1990,1
16565,THE MEMORY MAINS,METALLICA,91,LW:RE,13,4,1998-01-18,1998,1990,1
13820,WONDERWALL,OASIS,92,LW:RE,2,69,1998-01-18,1998,1990,1
13050,SOME MIGHT SAY,OASIS,93,LW:RE,1,82,1998-01-18,1998,1990,1
12348,CIGATTES & ALCOHOL,OASIS,96,LW:RE,7,79,1998-01-18,1998,1990,1
11603,SUPERSONIC,OASIS,98,LW:RE,31,60,1998-01-18,1998,1990,1
12056,LIVE FOVER,OASIS,99,LW:RE,10,66,1998-01-18,1998,1990,1
11859,SHAKERMAKER,OASIS,100,LW:RE,11,62,1998-01-18,1998,1990,1
16592,CRUSH ON YOU,AARON CARTER,76,LW:RE,9,9,1998-01-25,1998,1990,1
16663,WHAT YOU SAY,LIGHTNING SEEDS,78,LW:RE,41,6,1998-01-25,1998,1990,1
16480,BEEN AROUND THE WORLD,PUFF DADDY & THE FAMILY,84,LW:RE,20,8,1998-01-25,1998,1990,1
16564,BETTER DAY,OCEAN COLOUR SCENE,86,LW:RE,9,6,1998-01-25,1998,1990,1
12626,WHATEVER,OASIS,87,LW:RE,3,108,1998-01-25,1998,1990,1
16595,FEDOM,ROBERT MILES FT KATHY SLEDGE,88,LW:RE,15,5,1998-01-25,1998,1990,1
16594,WHO'S LOVING MY BABY,SHOLA AMA,89,LW:RE,13,8,1998-01-25,1998,1990,1
16827,NO NO NO,DESTINY'S CHILD,92,LW:RE,92,2,1998-01-25,1998,1990,1
15536,CAFE DEL MAR,ENERGY 52,98,LW:RE,51,4,1998-01-25,1998,1990,1
16684,RHYTHM OF THE NIGHT,POWERHOUSE,84,LW:RE,38,5,1998-02-01,1998,1990,2
16260,THE DRUGS DON'T WORK,VERVE,95,LW:RE,1,16,1998-02-01,1998,1990,2
15752,NEVER NEVER,WARM JETS,37,LW:RE,37,2,1998-02-08,1998,1990,2
16621,DID IT AGAIN,KYLIE MINOGUE,92,LW:RE,14,7,1998-02-08,1998,1990,2
16690,DRIVING IN MY CAR,MAUREEN REES,95,LW:RE,49,5,1998-02-08,1998,1990,2
15616,LOCAL BOY IN THE PHOTOGRAPH,STEREOPHONICS,14,LW:RE,14,3,1998-02-15,1998,1990,2
16630,FANTASY ISLAND,M PEOPLE,84,LW:RE,33,10,1998-02-15,1998,1990,2
16656,HIGH TIMES,JAMIROQUAI,87,LW:RE,20,7,1998-02-15,1998,1990,2
16675,IF GOD WILL SEND HIS ANGELS,U2,95,LW:RE,12,7,1998-02-15,1998,1990,2
16676,ROXANNE '97,STING & THE POLICE,100,LW:RE,12,16,1998-02-15,1998,1990,2
16226,BRIMFUL OF ASHA,CORNERSHOP,1,LW:RE,1,3,1998-02-22,1998,1990,2
16599,LINE DANCE PARTY,WOOLPACKERS,82,LW:RE,25,11,1998-02-22,1998,1990,2
16652,SLAM DUNK (DA FUNK),FIVE,85,LW:RE,10,10,1998-02-22,1998,1990,2
16820,THAT'S THE WAY (I LIKE IT),CLOCK,87,LW:RE,11,5,1998-02-22,1998,1990,2
16620,SING UP FOR THE CHAMPIONS!,REDS UNITED,89,LW:RE,12,10,1998-02-22,1998,1990,2
16677,BACK TO YOU,BRYAN ADAMS,93,LW:RE,18,8,1998-02-22,1998,1990,2
16701,BEAUTIFUL NIGHT,PAUL MCCARTNEY,97,LW:RE,25,6,1998-02-22,1998,1990,2
16592,CRUSH ON YOU,AARON CARTER,99,LW:RE,9,11,1998-02-22,1998,1990,2
16439,SPICE UP YOUR LIFE,SPICE GIRLS,95,LW:RE,1,17,1998-03-01,1998,1990,3
16657,BUTTERFLY,MARIAH CAREY,96,LW:RE,22,7,1998-03-01,1998,1990,3
16680,DOG TRAIN,LEVELLERS,100,LW:RE,24,6,1998-03-01,1998,1990,3
16622,IT'S OVER LOVE,TODD TERRY PRESENTS SHANNON,79,LW:RE,16,9,1998-03-08,1998,1990,3
16659,FORGIVEN (I FEEL YOUR LOVE),SPACE BROTHERS,84,LW:RE,27,8,1998-03-08,1998,1990,3
16017,SOMETHING GOIN' ON,TODD TERRY,95,LW:RE,5,25,1998-03-08,1998,1990,3
14200,DISCO'S VENGE,GUSTO,100,LW:RE,9,6,1998-03-08,1998,1990,3
16827,NO NO NO,DESTINY'S CHILD,81,LW:RE,81,3,1998-03-15,1998,1990,3
16618,LUCKY MAN,VERVE,82,LW:RE,7,14,1998-03-15,1998,1990,3
16535,TELL HIM,BARBRA STREISAND & CELINE DION,86,LW:RE,3,16,1998-03-15,1998,1990,3
16678,HISTORY PEATING,PROPELLERHEADS/SHIRLEY BASSEY,92,LW:RE,19,8,1998-03-15,1998,1990,3
16620,SING UP FOR THE CHAMPIONS!,REDS UNITED,93,LW:RE,12,11,1998-03-15,1998,1990,3
16652,SLAM DUNK (DA FUNK),FIVE,94,LW:RE,10,12,1998-03-15,1998,1990,3
15681,SONG 2,BLUR,98,LW:RE,2,6,1998-03-15,1998,1990,3
16292,SOMETHING ABOUT THE WAY YOU LOOK/CANDLE,ELTON JOHN,78,LW:RE,1,26,1998-03-22,1998,1990,3
16829,NO SURPRISES,RADIOHEAD,82,LW:RE,4,7,1998-03-22,1998,1990,3
16820,THAT'S THE WAY (I LIKE IT),CLOCK,90,LW:RE,11,6,1998-03-22,1998,1990,3
16830,MY STAR,IAN BROWN,91,LW:RE,5,5,1998-03-22,1998,1990,3
16821,STAY,BERNARD BUTLER,92,LW:RE,12,5,1998-03-22,1998,1990,3
15089,MY MATE PAUL,DAVID HOLMES,39,LW:RE,39,3,1998-03-29,1998,1990,3
16828,ALL AROUND THE WORLD,OASIS,79,LW:RE,1,8,1998-03-29,1998,1990,3
16892,MEET HER AT THE LOVE PARADE,DA HOOL,81,LW:RE,15,5,1998-03-29,1998,1990,3
14725,VALLEY OF THE SHADOWS,ORIGIN UNKNOWN,86,LW:RE,60,3,1998-03-29,1998,1990,3
16894,IT STARTED WITH A KISS,HOT CHOCOLATE FT ERROL BROWN,92,LW:RE,18,4,1998-03-29,1998,1990,3
16847,YOU MAKE ME FEEL (MIGHTY AL),BYRON STINGILY,98,LW:RE,13,5,1998-03-29,1998,1990,3
16353,STAND BY ME,OASIS,99,LW:RE,2,19,1998-03-29,1998,1990,3
15229,AIN'T GOIN' TO GOA,ALABAMA 3,40,LW:RE,40,2,1998-04-05,1998,1990,4
16589,WIND BENEATH MY WINGS,STEVEN HOUGHTON,81,LW:RE,3,17,1998-04-05,1998,1990,4
16922,A NANNY IN MANHATTAN,LILYS,88,LW:RE,16,5,1998-04-05,1998,1990,4
15969,BITTER SWEET SYMPHONY,VERVE,91,LW:RE,2,36,1998-04-05,1998,1990,4
16617,BABY CAN I HOLD YOU/SHOOTING STAR,BOYZONE,98,LW:RE,2,15,1998-04-05,1998,1990,4
12306,R U SLEEPING,INDO,31,LW:RE,31,2,1998-04-12,1998,1990,4
16440,BARBIE GIRL,AQUA,83,LW:RE,1,25,1998-04-12,1998,1990,4
16891,WISHING ON A STAR,JAY-Z FEAT GWEN DICKEY,87,LW:RE,13,5,1998-04-12,1998,1990,4
16950,TELEFUNKIN',N-TYCE,88,LW:RE,16,6,1998-04-12,1998,1990,4
16893,COVER YOUR SOUL,ELTON JOHN,91,LW:RE,16,4,1998-04-12,1998,1990,4
16819,NEGADE MASTER 98,WILDCHILD,92,LW:RE,3,11,1998-04-12,1998,1990,4
16919,SOLOMON BITES THE WORM,BLUETONES,97,LW:RE,10,4,1998-04-12,1998,1990,4
16567,"5,6,7,8",STEPS,100,LW:RE,14,18,1998-04-12,1998,1990,4
16923,MUCH LOVE,SHOLA AMA,94,LW:RE,17,4,1998-04-19,1998,1990,4
16842,YOU MAKE ME WANNA...,USHER,72,LW:RE,1,13,1998-04-26,1998,1990,4
16975,TRULY,STEVEN HOUGHTON,74,LW:RE,23,8,1998-04-26,1998,1990,4
17024,MY HEART WILL GO ON,CLUELESS,93,LW:RE,87,6,1998-04-26,1998,1990,4
16843,MULDER AND SCULLY,CATATONIA,94,LW:RE,3,11,1998-04-26,1998,1990,4
16590,AIN'T THAT JUST THE WAY,LUTRICIA MCNEAL,95,LW:RE,6,19,1998-04-26,1998,1990,4
15616,LOCAL BOY IN THE PHOTOGRAPH,STEREOPHONICS,96,LW:RE,14,7,1998-04-26,1998,1990,4
16606,JUNGLE BROTHER,JUNGLE BROTHERS,18,LW:RE,18,3,1998-05-03,1998,1990,5
17048,WHE A YOU,IMAANI,60,LW:RE,60,7,1998-05-03,1998,1990,5
9391,UNDER THE BRIDGE,RED HOT CHILI PEPPERS,85,LW:RE,13,12,1998-05-03,1998,1990,5
17101,IT'S TRICKY,RUN-D.M.C. VS JASON NEVINS,88,LW:RE,74,5,1998-05-03,1998,1990,5
16971,WHO AM I,BEENIE MAN,91,LW:RE,10,6,1998-05-03,1998,1990,5
16806,HIGH,LIGHTHOUSE FAMILY,96,LW:RE,4,15,1998-05-03,1998,1990,5
17002,SHE LEFT ME ON FRIDAY,SHED SEVEN,98,LW:RE,11,5,1998-05-03,1998,1990,5
16111,GET UP STAND UP,PHUNKY PHANTOM,27,LW:RE,27,2,1998-05-10,1998,1990,5
17001,EVERLASTING LOVE,CAST FROM CASUALTY,92,LW:RE,5,8,1998-05-10,1998,1990,5
16946,BE ALONE NO MO,ANOTHER LEVEL,92,LW:RE,6,10,1998-05-17,1998,1990,5
17033,I'M ADY,BRYAN ADAMS,100,LW:RE,20,5,1998-05-17,1998,1990,5
11580,MY WAY,FRANK SINATRA,76,LW:RE,45,3,1998-05-24,1998,1990,5
16947,YOU' STILL THE ONE,SHANIA TWAIN,85,LW:RE,10,12,1998-05-24,1998,1990,5
16651,ANGELS,ROBBIE WILLIAMS,86,LW:RE,4,21,1998-05-24,1998,1990,5
17055,WEIRD,HANSON,88,LW:RE,19,6,1998-05-24,1998,1990,5
16560,NEVER EVER,ALL SAINTS,89,LW:RE,1,25,1998-05-24,1998,1990,5
17086,NO SWEAT '98,NORTH AND SOUTH,93,LW:RE,29,5,1998-05-24,1998,1990,5
17054,THIS IS HARDCO,PULP,95,LW:RE,12,5,1998-05-24,1998,1990,5
17056,DISMEMBRANCE,DANNII,96,LW:RE,21,4,1998-05-24,1998,1990,5
17024,MY HEART WILL GO ON,CLUELESS,98,LW:RE,87,9,1998-05-24,1998,1990,5
15969,BITTER SWEET SYMPHONY,VERVE,99,LW:RE,2,41,1998-05-24,1998,1990,5
17105,AD MY MIND,CONNER REEVES,100,LW:RE,19,5,1998-05-24,1998,1990,5
17080,ALL I WANT IS YOU,911,90,LW:RE,4,7,1998-05-31,1998,1990,5
16859,DOCTOR JONES,AQUA,92,LW:RE,1,16,1998-05-31,1998,1990,5
17000,WHEN THE LIGHTS GO OUT,FIVE,95,LW:RE,4,10,1998-05-31,1998,1990,5
16999,BIG MISTAKE,NATALIE IMBRUGLIA,87,LW:RE,2,11,1998-06-07,1998,1990,6
17027,SAY WHAT YOU WANT/INSANE,TEXAS FT THE WU TANG CLAN,89,LW:RE,4,8,1998-06-07,1998,1990,6
17082,ALL THAT MATTERS,LOUISE,90,LW:RE,11,6,1998-06-07,1998,1990,6
17130,I WANT YOU TO WANT ME,SOLID HARMONIE,96,LW:RE,16,4,1998-06-07,1998,1990,6
17106,ADY FOR A NEW DAY,TODD TERRY,98,LW:RE,20,3,1998-06-07,1998,1990,6
17085,WHINE AND GRINE,PRINCE BUSTER,99,LW:RE,21,4,1998-06-07,1998,1990,6
17081,I GET LONELY,JANET JACKSON,85,LW:RE,5,8,1998-06-14,1998,1990,6
17186,SUPERSTAR,NOVY VS ENIAC,87,LW:RE,32,4,1998-06-14,1998,1990,6
16859,DOCTOR JONES,AQUA,90,LW:RE,1,17,1998-06-14,1998,1990,6
16827,NO NO NO,DESTINY'S CHILD,92,LW:RE,5,12,1998-06-14,1998,1990,6
17105,AD MY MIND,CONNER REEVES,93,LW:RE,19,6,1998-06-14,1998,1990,6
17053,BEAT GOES ON,ALL SEEING I,95,LW:RE,11,8,1998-06-14,1998,1990,6
16226,BRIMFUL OF ASHA,CORNERSHOP,97,LW:RE,1,15,1998-06-14,1998,1990,6
17051,ANGEL ST,M PEOPLE,98,LW:RE,8,7,1998-06-14,1998,1990,6
17103,GIVE A LITTLE LOVE,DANIEL O'DONNELL,88,LW:RE,7,6,1998-06-21,1998,1990,6
17049,LET ME ENTERTAIN YOU,ROBBIE WILLIAMS,86,LW:RE,3,13,1998-06-28,1998,1990,6
17182,NICE & SLOW,USHER,91,LW:RE,24,7,1998-06-28,1998,1990,6
16606,JUNGLE BROTHER,JUNGLE BROTHERS,97,LW:RE,18,7,1998-06-28,1998,1990,6
17179,SPARK,TORI AMOS,99,LW:RE,16,4,1998-06-28,1998,1990,6
17079,LA PRIMAVERA,SASH!,92,LW:RE,3,13,1998-07-05,1998,1990,7
17128,SAY YOU DO,ULTRA,93,LW:RE,11,9,1998-07-05,1998,1990,7
17214,UNITED CALYPSO '98,REDS UNITED,96,LW:RE,33,7,1998-07-05,1998,1990,7
17173,SOUND OF DRUMS,KULA SHAKER,97,LW:RE,3,7,1998-07-05,1998,1990,7
17174,ROAD RAGE,CATATONIA,100,LW:RE,5,9,1998-07-05,1998,1990,7
1948,THE BOYS OF SUMMER,DON HENLEY,12,LW:RE,12,14,1998-07-12,1998,1990,7
17205,RAY OF LIGHT,MADONNA,75,LW:RE,2,10,1998-07-12,1998,1990,7
17206,PUSH IT,GARBAGE,87,LW:RE,9,6,1998-07-12,1998,1990,7
17210,A ROSE IS STILL A ROSE,ARETHA FRANKLIN,90,LW:RE,22,5,1998-07-12,1998,1990,7
17125,TURN IT UP/FI IT UP,BUSTA RHYMES,93,LW:RE,2,11,1998-07-12,1998,1990,7
17461,COME WITH ME,PUFF DADDY & JIMMY PAGE,95,LW:RE,94,2,1998-07-12,1998,1990,7
17207,TEARDROP,MASSIVE ATTACK,98,LW:RE,10,7,1998-07-12,1998,1990,7
16651,ANGELS,ROBBIE WILLIAMS,100,LW:RE,4,27,1998-07-12,1998,1990,7
11580,MY WAY,FRANK SINATRA,78,LW:RE,45,9,1998-07-19,1998,1990,7
17304,SUNNY CAME HOME,SHAWN COLVIN,90,LW:RE,29,4,1998-07-19,1998,1990,7
17238,YOU THINK YOU OWN ME,HINDA HICKS,92,LW:RE,19,5,1998-07-19,1998,1990,7
17209,IF...,BLUETONES,93,LW:RE,13,6,1998-07-19,1998,1990,7
17174,ROAD RAGE,CATATONIA,95,LW:RE,5,10,1998-07-19,1998,1990,7
17300,DEEPER LOVE (SYMPHONIC PARADISE),B.B.E.,96,LW:RE,19,4,1998-07-19,1998,1990,7
16947,YOU' STILL THE ONE,SHANIA TWAIN,99,LW:RE,10,13,1998-07-19,1998,1990,7
17263,DEEPER LOVE,RUFF DRIVERZ,100,LW:RE,19,4,1998-07-19,1998,1990,7
16583,TURN AROUND,FAB!,59,LW:RE,59,2,1998-07-26,1998,1990,7
17233,LIFE AIN'T EASY,CLEOPATRA,80,LW:RE,4,8,1998-07-26,1998,1990,7
17260,HOT STUFF,ARSENAL F.C.,88,LW:RE,9,6,1998-07-26,1998,1990,7
17362,IF THE RIVER CAN BEND,ELTON JOHN,90,LW:RE,32,3,1998-07-26,1998,1990,7
17048,WHE A YOU,IMAANI,91,LW:RE,15,14,1998-07-26,1998,1990,7
17235,SAY YOU LOVE ME,SIMPLY RED,92,LW:RE,7,8,1998-07-26,1998,1990,7
17319,ICE HOCKEY HAIR,SUPER FURRY ANIMALS,95,LW:RE,12,4,1998-07-26,1998,1990,7
17296,AVA ADO,SMASHING PUMPKINS,96,LW:RE,11,5,1998-07-26,1998,1990,7
17323,WISHING I WAS THE,NATALIE IMBRUGLIA,86,LW:RE,19,6,1998-08-02,1998,1990,8
16915,IT'S LIKE THAT,RUN-D.M.C. VS JASON NEVINS,89,LW:RE,1,26,1998-08-02,1998,1990,8
17404,NO MATTER WHAT I DO,WILL MELLOR,90,LW:RE,23,4,1998-08-02,1998,1990,8
17355,DON'T COME HOME TOO SOON,DEL AMITRI,92,LW:RE,15,5,1998-08-02,1998,1990,8
17353,DO FOR LOVE,2 PAC,96,LW:RE,12,5,1998-08-02,1998,1990,8
16672,I WANNA BE YOUR LADY,HINDA HICKS,14,LW:RE,14,2,1998-08-09,1998,1990,8
16947,YOU' STILL THE ONE,SHANIA TWAIN,86,LW:RE,10,15,1998-08-09,1998,1990,8
17321,HEAVEN'S WHAT I FEEL,GLORIA ESTEFAN,87,LW:RE,17,5,1998-08-09,1998,1990,8
17358,"TOP OF THE WORLD (OLE, OLE, OLE)",CHUMBAWAMBA,92,LW:RE,21,4,1998-08-09,1998,1990,8
17382,CAN'T SEE ME,IAN BROWN,93,LW:RE,21,4,1998-08-09,1998,1990,8
17383,A LITTLE SOUL,PULP,97,LW:RE,22,3,1998-08-09,1998,1990,8
17304,SUNNY CAME HOME,SHAWN COLVIN,100,LW:RE,29,6,1998-08-09,1998,1990,8
17406,CLOSEST THING TO HEAVEN,LIONEL RICHIE,92,LW:RE,26,3,1998-08-16,1998,1990,8
17381,"TOO MUCH, TOO LITTLE, TOO LATE",SILVER SUN,95,LW:RE,20,5,1998-08-16,1998,1990,8
16292,SOMETHING ABOUT THE WAY YOU LOOK/CANDLE,ELTON JOHN,96,LW:RE,1,29,1998-08-16,1998,1990,8
17529,TAKE CONTROL,STATE OF MIND,97,LW:RE,46,3,1998-08-16,1998,1990,8
17445,HAPPENIN' ALL OVER AGAIN,TRACY SHAW,99,LW:RE,46,3,1998-08-16,1998,1990,8
15969,BITTER SWEET SYMPHONY,VERVE,100,LW:RE,2,42,1998-08-16,1998,1990,8
17432,HOW DO YOU WANT ME TO LOVE YOU?,911,67,LW:RE,10,8,1998-08-23,1998,1990,8
17437,THINKING OF YOU,HANSON,83,LW:RE,23,7,1998-08-23,1998,1990,8
17204,UNDER THE BRIDGE/LADY MARMALADE,ALL SAINTS,84,LW:RE,1,15,1998-08-23,1998,1990,8
17400,DIVA,DANA INTERNATIONAL,89,LW:RE,11,5,1998-08-23,1998,1990,8
17401,GO DEEP,JANET JACKSON,91,LW:RE,13,6,1998-08-23,1998,1990,8
17205,RAY OF LIGHT,MADONNA,96,LW:RE,2,14,1998-08-23,1998,1990,8
16944,TRULY MADLY DEEPLY,SAVAGE GARDEN,99,LW:RE,4,24,1998-08-23,1998,1990,8
17500,BE CAFUL,SPARKLE FEATURING R KELLY,75,LW:RE,7,7,1998-08-30,1998,1990,8
17570,YOU MAKE ME FEEL LIKE DANCING,GROOVE GENERATION FT LEO SAYER,76,LW:RE,32,4,1998-08-30,1998,1990,8
16649,TELETUBBIES SAY EH-OH!,TELETUBBIES,80,LW:RE,1,38,1998-08-30,1998,1990,8
17470,I'LL HOUSE YOU '98,JUNGLE BROTHERS,88,LW:RE,26,6,1998-08-30,1998,1990,8
17146,FEEL IT,TAMPERER FEAT MAYA,82,LW:RE,1,18,1998-09-06,1998,1990,9
17472,ROCK YOUR BODY,CLOCK,96,LW:RE,30,4,1998-09-06,1998,1990,9
17468,SEVEN DAYS,MARY J BLIGE FT GEORGE BENSON,99,LW:RE,22,4,1998-09-06,1998,1990,9
17527,YOU'LL NEVER WALK ALONE,CARRERAS/DOMINGO/PAVAROTTI,78,LW:RE,35,8,1998-09-13,1998,1990,9
17378,CARNAVAL DE PARIS,DARIO G,86,LW:RE,5,10,1998-09-13,1998,1990,9
16944,TRULY MADLY DEEPLY,SAVAGE GARDEN,95,LW:RE,4,26,1998-09-13,1998,1990,9
17466,ZOOM,DR DRE & LL COOL J,98,LW:RE,15,4,1998-09-13,1998,1990,9
17526,ANGEL,MASSIVE ATTACK,100,LW:RE,30,3,1998-09-13,1998,1990,9
17500,BE CAFUL,SPARKLE FEATURING R KELLY,80,LW:RE,7,8,1998-09-20,1998,1990,9
17543,MONEY,CHARLI BALTIMORE,89,LW:RE,12,5,1998-09-20,1998,1990,9
17548,OH ROMEO,MINDY MCCREADY,93,LW:RE,41,4,1998-09-20,1998,1990,9
1948,THE BOYS OF SUMMER,DON HENLEY,96,LW:RE,12,20,1998-09-20,1998,1990,9
17375,3 LIONS '98,BADDIEL/SKINNER/LIGHTNING SEED,81,LW:RE,1,14,1998-09-27,1998,1990,9
17570,YOU MAKE ME FEEL LIKE DANCING,GROOVE GENERATION FT LEO SAYER,82,LW:RE,32,6,1998-09-27,1998,1990,9
13287,FRIENDLY PSSU,JHELISA,84,LW:RE,75,3,1998-09-27,1998,1990,9
17542,STRANGE GLUE,CATATONIA,88,LW:RE,11,7,1998-09-27,1998,1990,9
17379,THE ROCKAFELLER SKANK,FATBOY SLIM,89,LW:RE,6,12,1998-09-27,1998,1990,9
17520,KISS THE GIRL,PETER ANDRE,92,LW:RE,9,6,1998-09-27,1998,1990,9
6395,FOVER TOGETHER,RAVEN MAIZE,94,LW:RE,67,3,1998-09-27,1998,1990,9
17465,THE HEART'S LONE DESI,MATTHEW MARSDEN,99,LW:RE,13,8,1998-09-27,1998,1990,9
17659,BEING A GIRL (PART ONE) EP,MANSUN,93,LW:RE,13,4,1998-10-04,1998,1990,10
17523,NEW KIND OF MEDICINE,ULTRA NATE,94,LW:RE,14,6,1998-10-04,1998,1990,10
17588,LOVE UNLIMITED,FUN LOVIN' CRIMINALS,100,LW:RE,18,5,1998-10-04,1998,1990,10
17541,MY OH MY,AQUA,72,LW:RE,6,10,1998-10-11,1998,1990,10
17499,IMMORTALITY,CELINE DION WITH THE BEE GEES,80,LW:RE,5,13,1998-10-11,1998,1990,10
17518,YOU' THE ONE THAT I WANT,J. TRAVOLTA & O. NEWTON-JOHN,90,LW:RE,4,10,1998-10-11,1998,1990,10
17376,VINDALOO,FAT LES,94,LW:RE,2,14,1998-10-11,1998,1990,10
17606,THE AIR THAT I BATHE,SIMPLY RED,78,LW:RE,6,9,1998-10-18,1998,1990,10
16649,TELETUBBIES SAY EH-OH!,TELETUBBIES,85,LW:RE,1,40,1998-10-18,1998,1990,10
17638,STORM,STORM,93,LW:RE,32,3,1998-10-18,1998,1990,10
16672,I WANNA BE YOUR LADY,HINDA HICKS,95,LW:RE,14,7,1998-10-18,1998,1990,10
17635,MY WEAKNESS IS NONE OF YOUR BUSINESS,EMBRACE,99,LW:RE,9,7,1998-10-18,1998,1990,10
16796,HOW DO I LIVE,LEANN RIMES,72,LW:RE,7,34,1998-10-25,1998,1990,10
17787,THE RIGHT TIME,ULTRA,74,LW:RE,28,3,1998-10-25,1998,1990,10
17462,BECAUSE WE WANT TO,BILLIE,93,LW:RE,1,13,1998-10-25,1998,1990,10
17640,LET THE MUSIC HEAL YOUR SOUL,BRAVO ALL STARS,97,LW:RE,36,3,1998-10-25,1998,1990,10
16651,ANGELS,ROBBIE WILLIAMS,98,LW:RE,4,38,1998-10-25,1998,1990,10
16797,THE BOY IS MINE,BRANDY & MONICA,76,LW:RE,2,21,1998-11-01,1998,1990,11
17752,JESUS SAYS,ASH,79,LW:RE,15,5,1998-11-01,1998,1990,11
17658,DROWNED WORLD (SUBSTITUTE FOR LOVE),MADONNA,81,LW:RE,10,7,1998-11-01,1998,1990,11
17682,A YOU THAT SOMEBODY?,AALIYAH,87,LW:RE,11,5,1998-11-01,1998,1990,11
17605,I WANT YOU BACK,CLEOPATRA,88,LW:RE,4,9,1998-11-01,1998,1990,11
17659,BEING A GIRL (PART ONE) EP,MANSUN,90,LW:RE,13,5,1998-11-01,1998,1990,11
17517,DEEPER UNDERGROUND,JAMIROQUAI,92,LW:RE,1,12,1998-11-01,1998,1990,11
17634,AL GOOD TIME,ALDA,94,LW:RE,7,8,1998-11-01,1998,1990,11
17683,SUNMACHINE,DARIO G,100,LW:RE,17,5,1998-11-01,1998,1990,11
6290,SIT DOWN,JAMES,7,LW:RE,7,3,1998-11-15,1998,1990,11
17784,QUESTION OF FAITH,LIGHTHOUSE FAMILY,80,LW:RE,21,6,1998-11-15,1998,1990,11
17499,IMMORTALITY,CELINE DION WITH THE BEE GEES,81,LW:RE,5,15,1998-11-15,1998,1990,11
17539,VIVA FOVER,SPICE GIRLS,82,LW:RE,1,14,1998-11-15,1998,1990,11
17681,MY FAVORITE MISTAKE,SHERYL CROW,84,LW:RE,9,7,1998-11-15,1998,1990,11
17498,FAK ME,ANOTHER LEVEL,86,LW:RE,1,13,1998-11-15,1998,1990,11
16651,ANGELS,ROBBIE WILLIAMS,91,LW:RE,4,40,1998-11-15,1998,1990,11
17683,SUNMACHINE,DARIO G,92,LW:RE,17,6,1998-11-15,1998,1990,11
17710,ONLY WHEN I LOSE MYSELF,DEPECHE MODE,95,LW:RE,17,4,1998-11-15,1998,1990,11
17729,HALF ON A BABY,R KELLY,97,LW:RE,16,5,1998-11-15,1998,1990,11
17544,TEARDROPS,LOVESTATION,99,LW:RE,95,2,1998-11-15,1998,1990,11
17944,BECAUSE I GOT IT LIKE THAT,JUNGLE BROTHERS,32,LW:RE,32,2,1998-11-22,1998,1990,11
16800,IF YOU TOLERATE THIS YOUR CHILDN...,MANIC STREET PREACHERS,80,LW:RE,1,11,1998-11-22,1998,1990,11
16787,CAN'T KEEP THIS FEELING IN,CLIFF RICHARD,81,LW:RE,10,5,1998-11-22,1998,1990,11
17830,POWER OF GOODBYE,MADONNA,99,LW:RE,91,2,1998-11-22,1998,1990,11
17585,MYSTERIOUS TIMES,SASH! FT TINA COUSINS,93,LW:RE,2,13,1998-11-29,1998,1990,11
17786,1998,BINARY FINARY,95,LW:RE,24,4,1998-11-29,1998,1990,11
17587,NEEDIN' U,DAVID MORALES PTS THE FACE,97,LW:RE,8,10,1998-11-29,1998,1990,11
16803,HORNY,MOUSSE T VS HOT'N'JUICY,100,LW:RE,2,18,1998-11-29,1998,1990,11
17988,BUILD ME UP BUTTERCUP,FOUNDATIONS,71,LW:RE,2,16,1998-12-06,1998,1990,12
16799,EVERYBODY GET UP,FIVE,78,LW:RE,2,13,1998-12-06,1998,1990,12
16802,WHAT CAN I DO,CORRS,83,LW:RE,3,12,1998-12-06,1998,1990,12
16794,I WANT YOU BACK,MELANIE B FT MISSY ELLIOTT,90,LW:RE,1,10,1998-12-06,1998,1990,12
17780,YOU DON'T CA ABOUT US,PLACEBO,91,LW:RE,5,6,1998-12-06,1998,1990,12
17607,EVERYTHING'S GONNA BE ALRIGHT,SWEETBOX,93,LW:RE,5,13,1998-12-06,1998,1990,12
16743,WHITE CHRISTMAS,BING CROSBY,29,LW:RE,5,8,1998-12-13,1998,1990,12
17522,CAFE DEL MAR '98,ENERGY 52,80,LW:RE,12,7,1998-12-13,1998,1990,12
17783,ON A DAY LIKE TODAY,BRYAN ADAMS,99,LW:RE,13,6,1998-12-13,1998,1990,12
16783,DAYDAMIN',TATYANA ALI FT WILL SMITH,85,LW:RE,6,6,1998-12-20,1998,1990,12
16793,LOVE LIKE THIS,FAITH EVANS,88,LW:RE,24,5,1998-12-20,1998,1990,12
16792,GHETTO SUPASTAR [THAT IS WHAT YOU A],PRAS MICHEL FT ODB & MYA,89,LW:RE,2,19,1998-12-20,1998,1990,12
16791,DAYSLEEPER,REM,90,LW:RE,6,7,1998-12-20,1998,1990,12
16787,CAN'T KEEP THIS FEELING IN,CLIFF RICHARD,92,LW:RE,10,8,1998-12-20,1998,1990,12
16785,TOP OF THE WORLD,BRANDY FT MASE,95,LW:RE,2,9,1998-12-20,1998,1990,12
16944,TRULY MADLY DEEPLY,SAVAGE GARDEN,96,LW:RE,4,28,1998-12-20,1998,1990,12
16797,THE BOY IS MINE,BRANDY & MONICA,97,LW:RE,2,27,1998-12-20,1998,1990,12
16788,ONE FOR SORROW,STEPS,98,LW:RE,2,12,1998-12-20,1998,1990,12
16803,HORNY,MOUSSE T VS HOT'N'JUICY,99,LW:RE,2,19,1998-12-20,1998,1990,12
17781,CRUEL SUMMER,ACE OF BASE,100,LW:RE,8,6,1998-12-20,1998,1990,12
18074,AFTER THE LOVE HAS GONE,STEPS,70,LW:RE,5,10,1999-12-26,2000,2000,12
18077,DON'T STOP,ATB,74,LW:RE,3,10,1999-12-26,2000,2000,12
18082,BUG A BOO,DESTINY'S CHILD,80,LW:RE,9,8,1999-12-26,2000,2000,12
18083,SUNSHINE,GABRIELLE,81,LW:RE,9,9,1999-12-26,2000,2000,12
18090,DOV'E L'AMO,CHER,88,LW:RE,21,7,1999-12-26,2000,2000,12
18091,FIELDS OF ATHENERYE,COX CREW,89,LW:RE,89,3,1999-12-26,2000,2000,12
18093,GIVE IT TO YOU,JORDAN KNIGHT,91,LW:RE,5,9,1999-12-26,2000,2000,12
18095,TURN IT AROUND,ALENA,93,LW:RE,14,6,1999-12-26,2000,2000,12
18097,NEVER LET YOU DOWN,HONEYZ,95,LW:RE,7,7,1999-12-26,2000,2000,12
18098,HEY BOY HEY GIRL,CHEMICAL BROTHERS,96,LW:RE,3,14,1999-12-26,2000,2000,12
18099,JUMP N' SHOUT,BASEMENT JAXX,97,LW:RE,12,6,1999-12-26,2000,2000,12
18100,SING IT BACK,MOLOKO,98,LW:RE,4,12,1999-12-26,2000,2000,12
18101,BUDDY X 99,DREEM TEEM VS NENEH CHERRY,99,LW:RE,15,6,1999-12-26,2000,2000,12
18102,IN AND OUT OF MY LIFE,ONEPHATDEEVA,100,LW:RE,11,6,1999-12-26,2000,2000,12
17976,FUNKY LOVE,KAVANA,73,LW:RE,32,3,1999-01-03,1999,1990,1
17872,TESTIFY,M PEOPLE,79,LW:RE,12,7,1999-01-03,1999,1990,1
17873,BODY MOVIN',BEASTIE BOYS,87,LW:RE,15,5,1999-01-03,1999,1990,1
17786,1998,BINARY FINARY,90,LW:RE,24,8,1999-01-03,1999,1990,1
17874,WHAT'S YOUR SIGN?,DES'REE,92,LW:RE,19,5,1999-01-03,1999,1990,1
17781,CRUEL SUMMER,ACE OF BASE,93,LW:RE,8,7,1999-01-03,1999,1990,1
17943,IF YOU COULD AD MY MIND,STARS ON 54,95,LW:RE,23,4,1999-01-03,1999,1990,1
17587,NEEDIN' U,DAVID MORALES PTS THE FACE,99,LW:RE,8,11,1999-01-03,1999,1990,1
17663,FOR AN ANGEL,PAUL VAN DYK,77,LW:RE,28,11,1999-01-10,1999,1990,1
17877,TRUE COLORS,PHIL COLLINS,79,LW:RE,26,5,1999-01-10,1999,1990,1
17930,THE FLAME STILL BURNS,JIMMY NAIL WITH STRANGE FRUIT,81,LW:RE,47,3,1999-01-10,1999,1990,1
16801,STAND BY ME,4 THE CAUSE,82,LW:RE,12,11,1999-01-10,1999,1990,1
17875,SHE'S GONE,MATTHEW MARSDEN,86,LW:RE,24,4,1999-01-10,1999,1990,1
17638,STORM,STORM,89,LW:RE,32,6,1999-01-10,1999,1990,1
16491,BEACHBALL,NALIN & KANE,94,LW:RE,17,6,1999-01-10,1999,1990,1
17923,IF WE TRY,KAREN RAMIREZ,97,LW:RE,23,4,1999-01-10,1999,1990,1
17924,LA,MARC ET CLAUDE,99,LW:RE,28,4,1999-01-10,1999,1990,1
16783,DAYDAMIN',TATYANA ALI FT WILL SMITH,76,LW:RE,6,9,1999-01-17,1999,1990,1
17859,LITTLE BIT OF LOVIN',KELE LE ROC,77,LW:RE,8,8,1999-01-17,1999,1990,1
16778,THANK U,ALANIS MORISSETTE,79,LW:RE,5,11,1999-01-17,1999,1990,1
17896,ANOTHER ONE BITES THE DUST,QUEEN/WYCLEF JEAN/PRAS & FREE,81,LW:RE,5,8,1999-01-17,1999,1990,1
16779,FALLING IN LOVE AGAIN,EAGLE-EYE CHERRY,83,LW:RE,8,10,1999-01-17,1999,1990,1
16776,GIRLFRIEND,BILLIE,90,LW:RE,1,13,1999-01-17,1999,1990,1
17522,CAFE DEL MAR '98,ENERGY 52,94,LW:RE,12,9,1999-01-17,1999,1990,1
16742,MERRY XMAS EVERYBODY '98 MIX,SLADE VS. FLUSH,97,LW:RE,30,4,1999-01-17,1999,1990,1
18146,LOVE SHACK 99,B-52'S,66,LW:RE,2,14,1999-01-24,1999,1990,1
16765,TELL ME MA,SHAM ROCK,88,LW:RE,13,12,1999-01-24,1999,1990,1
16766,I JUST WANNA BE LOVED,CULTURE CLUB,91,LW:RE,4,11,1999-01-24,1999,1990,1
6290,SIT DOWN,JAMES,94,LW:RE,7,10,1999-01-24,1999,1990,1
16774,BLUE ANGELS,PRAS,96,LW:RE,6,11,1999-01-24,1999,1990,1
16757,HOLLY HOLY,UB40,98,LW:RE,31,4,1999-01-24,1999,1990,1
16764,ROLLERCOASTER,B'WITCHED,99,LW:RE,1,16,1999-01-24,1999,1990,1
16751,EACH TIME,E-17,92,LW:RE,2,11,1999-01-31,1999,1990,1
16771,DAMING,RUFF DRIVERZ PTS ARROLA,98,LW:RE,10,9,1999-01-31,1999,1990,1
16731,I DON'T WANT TO MISS A THING,AEROSMITH,84,LW:RE,4,21,1999-02-07,1999,1990,2
18152,OUT THE BLUE,SYSTEM F,86,LW:RE,86,2,1999-02-07,1999,1990,2
17663,FOR AN ANGEL,PAUL VAN DYK,93,LW:RE,28,13,1999-02-07,1999,1990,2
16770,TAKE THE LONG WAY HOME,FAITHLESS,98,LW:RE,15,7,1999-02-07,1999,1990,2
16753,MILLENNIUM,ROBBIE WILLIAMS,84,LW:RE,1,21,1999-02-14,1999,1990,2
17932,GODSPEED,BT,95,LW:RE,54,3,1999-02-14,1999,1990,2
16767,THE GOES THE NEIGHBORHOOD,SHERYL CROW,96,LW:RE,19,8,1999-02-14,1999,1990,2
16756,FROM THIS MOMENT ON,SHANIA TWAIN,97,LW:RE,9,9,1999-02-14,1999,1990,2
16748,SEARCHIN' MY SOUL,VONDA SHEPARD,79,LW:RE,10,11,1999-02-21,1999,1990,2
16746,THE EVERLASTING,MANIC STREET PREACHERS,83,LW:RE,11,9,1999-02-21,1999,1990,2
18105,WISH I WE YOU,ALISHA'S ATTIC,90,LW:RE,29,6,1999-02-21,1999,1990,2
16739,MOVE MANIA,SASH FT SHANNON,92,LW:RE,8,11,1999-02-21,1999,1990,2
16771,DAMING,RUFF DRIVERZ PTS ARROLA,93,LW:RE,10,11,1999-02-21,1999,1990,2
16751,EACH TIME,E-17,98,LW:RE,2,13,1999-02-21,1999,1990,2
16757,HOLLY HOLY,UB40,99,LW:RE,31,5,1999-02-21,1999,1990,2
16768,SENSUALITY,LOVESTATION,100,LW:RE,16,8,1999-02-21,1999,1990,2
16736,DUMB,BEAUTIFUL SOUTH,87,LW:RE,16,9,1999-02-28,1999,1990,2
16744,THE GATEST LOVE YOU'LL NEVER KNOW,LUTRICIA MCNEAL,98,LW:RE,17,9,1999-02-28,1999,1990,2
16740,IF YOU BUY THIS CORD YOUR LIFE WILL BE,TAMPERER FEAT MAYA,100,LW:RE,3,16,1999-02-28,1999,1990,2
16724,WHEN YOU BELIEVE,MARIAH CAREY & WHITNEY HOUSTON,76,LW:RE,4,12,1999-03-07,1999,1990,3
16733,I WANT YOU '98,SAVAGE GARDEN,80,LW:RE,12,11,1999-03-07,1999,1990,3
16722,CRUISE INTO CHRISTMAS,JANE MCDONALD,88,LW:RE,10,8,1999-03-07,1999,1990,3
16737,THE POWER OF GOOD-BYE/LITTLE STAR,MADONNA,92,LW:RE,6,10,1999-03-07,1999,1990,3
16730,WAR OF NERVES,ALL SAINTS,94,LW:RE,7,12,1999-03-07,1999,1990,3
10173,SONG OF LIFE,LEFTFIELD,96,LW:RE,59,2,1999-03-07,1999,1990,3
18298,OPEN UP,LEFTFIELD/LYDON,97,LW:RE,13,6,1999-03-07,1999,1990,3
16651,ANGELS,ROBBIE WILLIAMS,75,LW:RE,4,56,1999-03-14,1999,1990,3
18183,DAMING,M PEOPLE,78,LW:RE,13,5,1999-03-14,1999,1990,3
16738,SO YOUNG,CORRS,82,LW:RE,6,16,1999-03-14,1999,1990,3
16726,I'M YOUR ANGEL,CELINE DION & R KELLY,85,LW:RE,3,14,1999-03-14,1999,1990,3
16739,MOVE MANIA,SASH FT SHANNON,87,LW:RE,8,12,1999-03-14,1999,1990,3
16720,HARD KNOCK LIFE (GHETTO ANTHEM),JAY-Z,88,LW:RE,2,13,1999-03-14,1999,1990,3
16753,MILLENNIUM,ROBBIE WILLIAMS,89,LW:RE,1,24,1999-03-14,1999,1990,3
18103,POSTCARD FROM HEAVEN,LIGHTHOUSE FAMILY,97,LW:RE,24,8,1999-03-14,1999,1990,3
15960,KILLIN' TIME,TINA COUSINS,15,LW:RE,15,2,1999-03-21,1999,1990,3
18128,CHILDN,TILT,51,LW:RE,51,2,1999-03-21,1999,1990,3
16713,TO YOU I BELONG,B'WITCHED,64,LW:RE,1,13,1999-03-21,1999,1990,3
18154,THESE A THE TIMES,DRU HILL,76,LW:RE,4,7,1999-03-21,1999,1990,3
16725,NO GTS/ANTMUSIC,ROBBIE WILLIAMS,79,LW:RE,4,14,1999-03-21,1999,1990,3
18211,RUSH,KLESHAY,91,LW:RE,19,4,1999-03-21,1999,1990,3
16723,"ALWAYS HAVE, ALWAYS WILL",ACE OF BASE,98,LW:RE,12,11,1999-03-21,1999,1990,3
16728,TAKE ME THE,BLACKSTREET/MYA FT MASE,100,LW:RE,7,10,1999-03-21,1999,1990,3
18350,FLAT BEAT,MR. OIZO,1,LW:RE,1,2,1999-03-28,1999,1990,3
16715,I LOVE THE WAY YOU LOVE ME,BOYZONE,86,LW:RE,2,14,1999-03-28,1999,1990,3
18208,24 HOURS FROM YOU,NEXT OF KIN,91,LW:RE,13,5,1999-03-28,1999,1990,3
16721,UP AND DOWN,VENGABOYS,93,LW:RE,4,16,1999-03-28,1999,1990,3
18118,CASSIUS 1999,CASSIUS,94,LW:RE,7,8,1999-03-28,1999,1990,3
18116,I WANT YOU FOR MYSELF,ANOTHER LEVEL/GHOSTFACE KILLAH,95,LW:RE,2,9,1999-03-28,1999,1990,3
18210,CRAZY,MOFFATTS,96,LW:RE,16,4,1999-03-28,1999,1990,3
16712,ESPECIALLY FOR YOU,DENISE AND JOHNNY,66,LW:RE,3,12,1999-04-04,1999,1990,4
16708,CHOCOLATE SALTY BALLS (P.S. I LOVE YOU),CHEF,76,LW:RE,1,14,1999-04-04,1999,1990,4
18258,MYSTICAL MACHINE GUN,KULA SHAKER,77,LW:RE,14,4,1999-04-04,1999,1990,4
16717,END OF THE LINE,HONEYZ,86,LW:RE,5,13,1999-04-04,1999,1990,4
18156,WHEN I GROW UP,GARBAGE,90,LW:RE,9,8,1999-04-04,1999,1990,4
18158,EVERY YOU EVERY ME,PLACEBO,96,LW:RE,11,7,1999-04-04,1999,1990,4
18281,PARTY ALL NIGHT,MYTOWN,100,LW:RE,22,3,1999-04-04,1999,1990,4
18183,DAMING,M PEOPLE,82,LW:RE,13,6,1999-04-11,1999,1990,4
18119,WALK LIKE A PANTHER,ALL SEEING I FT TONY CHRISTIE,94,LW:RE,10,8,1999-04-11,1999,1990,4
18134,GIMME SOME MO,BUSTA RHYMES,96,LW:RE,5,8,1999-04-11,1999,1990,4
18107,YOU SHOULD BE...,BLOCKSTER,97,LW:RE,3,10,1999-04-11,1999,1990,4
18117,MO THAN THIS,EMMIE,98,LW:RE,5,9,1999-04-11,1999,1990,4
16804,CHEAP THRILLS,FRANK ZAPPA,99,LW:RE,83,5,1999-04-11,1999,1990,4
18115,A LITTLE BIT MO,911,80,LW:RE,1,10,1999-04-18,1999,1990,4
18154,THESE A THE TIMES,DRU HILL,81,LW:RE,4,8,1999-04-18,1999,1990,4
18132,TEQUILA,TERRORVISION,82,LW:RE,2,12,1999-04-18,1999,1990,4
18211,RUSH,KLESHAY,84,LW:RE,19,5,1999-04-18,1999,1990,4
18182,GIVEN UP,MIRRORBALL,87,LW:RE,12,5,1999-04-18,1999,1990,4
18208,24 HOURS FROM YOU,NEXT OF KIN,89,LW:RE,13,6,1999-04-18,1999,1990,4
18209,(YOU GOT ME) BURNING UP,CEVIN FISHER/LOLEATTA HOLLOWAY,92,LW:RE,14,5,1999-04-18,1999,1990,4
17663,FOR AN ANGEL,PAUL VAN DYK,93,LW:RE,28,21,1999-04-18,1999,1990,4
18184,TONITE,SUPERCAR,95,LW:RE,15,6,1999-04-18,1999,1990,4
18212,HAZEL,LOOP DA LOOP,97,LW:RE,20,4,1999-04-18,1999,1990,4
16718,BIG BIG WORLD,EMILIA,98,LW:RE,5,14,1999-04-18,1999,1990,4
18210,CRAZY,MOFFATTS,100,LW:RE,16,5,1999-04-18,1999,1990,4
18233,BORN TO BE WILD,STEPPENWOLF,83,LW:RE,18,6,1999-04-25,1999,1990,4
18106,PRAISE YOU,FATBOY SLIM,88,LW:RE,1,14,1999-04-25,1999,1990,4
18259,ANYTHING BUT DOWN,SHERYL CROW,91,LW:RE,19,7,1999-04-25,1999,1990,4
18258,MYSTICAL MACHINE GUN,KULA SHAKER,94,LW:RE,14,6,1999-04-25,1999,1990,4
18155,NATIONAL EXPSS,DIVINE COMEDY,98,LW:RE,8,8,1999-04-25,1999,1990,4
18157,GOOD LIFE (BUENA VIDA),INNER CITY,100,LW:RE,10,7,1999-04-25,1999,1990,4
18205,PROTECT YOUR MIND (FOR THE LOVE OF A..),DJ SAKIN & FRIENDS,71,LW:RE,4,11,1999-05-02,1999,1990,5
18231,I WANT YOU BACK,NSYNC,72,LW:RE,5,9,1999-05-02,1999,1990,5
18179,BOY YOU KNOCK ME OUT,TATYANA ALI FT WILL SMITH,76,LW:RE,3,9,1999-05-02,1999,1990,5
18178,YOU DON'T KNOW ME,ARMAND VAN HELDEN/DUANE HARDEN,77,LW:RE,2,11,1999-05-02,1999,1990,5
18180,ENJOY YOURSELF,A+,93,LW:RE,5,10,1999-05-02,1999,1990,5
18281,PARTY ALL NIGHT,MYTOWN,94,LW:RE,22,5,1999-05-02,1999,1990,5
18133,WESTSIDE,TQ,97,LW:RE,4,10,1999-05-02,1999,1990,5
18496,CARTE BLANCHE,VERACOCHA,22,LW:RE,22,2,1999-05-09,1999,1990,5
18257,WRITTEN IN THE STARS,ELTON JOHN & LEANN RIMES,77,LW:RE,10,8,1999-05-09,1999,1990,5
18177,MARIA,BLONDIE,81,LW:RE,1,13,1999-05-09,1999,1990,5
17522,CAFE DEL MAR '98,ENERGY 52,82,LW:RE,12,11,1999-05-09,1999,1990,5
18510,WONDROUS PLACE,BILLY FURY,83,LW:RE,25,11,1999-05-09,1999,1990,5
16714,WHEN YOU' GONE,BRYAN ADAMS FT MELANIE C.,84,LW:RE,3,20,1999-05-09,1999,1990,5
18253,JUST LOOKING,STEREOPHONICS,86,LW:RE,4,9,1999-05-09,1999,1990,5
18206,ONE WEEK,BARENAKED LADIES,91,LW:RE,5,9,1999-05-09,1999,1990,5
18279,BETCHA CAN'T WAIT,E-17,92,LW:RE,12,6,1999-05-09,1999,1990,5
18232,CRAZY,LUCID,94,LW:RE,14,6,1999-05-09,1999,1990,5
18280,CHARLIE BIG POTATO,SKUNK ANANSIE,97,LW:RE,17,4,1999-05-09,1999,1990,5
18277,NOTHING ALLY MATTERS,MADONNA,85,LW:RE,7,9,1999-05-16,1999,1990,5
18303,AT MY MOST BEAUTIFUL,REM,94,LW:RE,10,5,1999-05-16,1999,1990,5
18278,WHAT'S SO DIFFENT?,GINUWINE,96,LW:RE,10,5,1999-05-16,1999,1990,5
18306,STYLE,ORBITAL,99,LW:RE,13,5,1999-05-16,1999,1990,5
18307,WRITING TO ACH YOU,TRAVIS,90,LW:RE,14,6,1999-05-23,1999,1990,5
18308,THE WAY DAMS A,DANIEL O'DONNELL,94,LW:RE,18,4,1999-05-23,1999,1990,5
17663,FOR AN ANGEL,PAUL VAN DYK,97,LW:RE,28,23,1999-05-23,1999,1990,5
17856,AYLA,AYLA,100,LW:RE,83,2,1999-05-23,1999,1990,5
18276,AS,GEORGE MICHAEL & MARY J.BLIGE,77,LW:RE,4,12,1999-05-30,1999,1990,5
18203,FLY AWAY,LENNY KRAVITZ,81,LW:RE,1,11,1999-05-30,1999,1990,5
18329,MY LOVE,KELE LE ROC,84,LW:RE,8,8,1999-05-30,1999,1990,5
18302,YOU STOLE THE SUN FROM MY HEART,MANIC STREET PREACHERS,86,LW:RE,5,11,1999-05-30,1999,1990,5
18256,LULLABY,SHAWN MULLINS,87,LW:RE,9,11,1999-05-30,1999,1990,5
18425,WALK THIS LAND,E-Z ROLLERS,88,LW:RE,18,4,1999-05-30,1999,1990,5
18330,MUSIC TO WATCH THE GIRLS GO BY,ANDY WILLIAMS,90,LW:RE,9,7,1999-05-30,1999,1990,5
18178,YOU DON'T KNOW ME,ARMAND VAN HELDEN/DUANE HARDEN,91,LW:RE,2,14,1999-05-30,1999,1990,5
18331,PUSH UPSTAIRS,UNDERWORLD,98,LW:RE,12,5,1999-05-30,1999,1990,5
18352,HONEY TO THE BEE,BILLIE,85,LW:RE,3,10,1999-06-06,1999,1990,6
18379,DEAD FROM THE WAIST DOWN,CATATONIA,88,LW:RE,7,9,1999-06-06,1999,1990,6
16753,MILLENNIUM,ROBBIE WILLIAMS,95,LW:RE,1,25,1999-06-06,1999,1990,6
16749,OUTSIDE,GEORGE MICHAEL,96,LW:RE,2,19,1999-06-06,1999,1990,6
16725,NO GTS/ANTMUSIC,ROBBIE WILLIAMS,82,LW:RE,4,16,1999-06-13,1999,1990,6
16708,CHOCOLATE SALTY BALLS (P.S. I LOVE YOU),CHEF,83,LW:RE,1,16,1999-06-13,1999,1990,6
18356,COLOUR THE WORLD,SASH!,84,LW:RE,15,7,1999-06-13,1999,1990,6
18177,MARIA,BLONDIE,87,LW:RE,1,16,1999-06-13,1999,1990,6
18355,OUT OF THE BLUE,SYSTEM F,88,LW:RE,14,7,1999-06-13,1999,1990,6
16713,TO YOU I BELONG,B'WITCHED,89,LW:RE,1,15,1999-06-13,1999,1990,6
18381,I STILL BELIEVE,MARIAH CAREY,90,LW:RE,16,8,1999-06-13,1999,1990,6
16719,SHE WANTS YOU,BILLIE,91,LW:RE,3,16,1999-06-13,1999,1990,6
16712,ESPECIALLY FOR YOU,DENISE AND JOHNNY,96,LW:RE,3,15,1999-06-13,1999,1990,6
18251,TENDER,BLUR,84,LW:RE,2,11,1999-06-20,1999,1990,6
18328,STRONG,ROBBIE WILLIAMS,85,LW:RE,4,10,1999-06-20,1999,1990,6
16710,BELIEVE,CHER,100,LW:RE,1,30,1999-06-20,1999,1990,6
18668,DEAR MAMA,2 PAC,27,LW:RE,27,2,1999-06-27,1999,1990,6
16946,BE ALONE NO MO,ANOTHER LEVEL,80,LW:RE,11,11,1999-06-27,1999,1990,6
18327,BLAME IT ON THE WEATHERMAN,B'WITCHED,82,LW:RE,1,11,1999-06-27,1999,1990,6
18421,ELECTRICITY,SUEDE,87,LW:RE,5,6,1999-06-27,1999,1990,6
18402,GIRLFRIEND/BOYFRIEND,BLACKSTREET WITH JANET,88,LW:RE,11,8,1999-06-27,1999,1990,6
11553,YOU GOTTA BE,DES'REE,90,LW:RE,10,9,1999-06-27,1999,1990,6
18403,PROMISES,CRANBERRIES,95,LW:RE,13,5,1999-06-27,1999,1990,6
16753,MILLENNIUM,ROBBIE WILLIAMS,100,LW:RE,1,26,1999-06-27,1999,1990,6
18296,GOURYELLA,GOURYELLA,15,LW:RE,15,3,1999-07-04,1999,1990,7
18541,DRIFTWOOD,TRAVIS,77,LW:RE,13,6,1999-07-04,1999,1990,7
18350,FLAT BEAT,MR. OIZO,83,LW:RE,1,15,1999-07-04,1999,1990,7
18422,LOVE OF A LIFETIME,HONEYZ,91,LW:RE,9,10,1999-07-04,1999,1990,7
18467,KOAN BODEGA,FUN LOVIN' CRIMINALS,94,LW:RE,15,4,1999-07-04,1999,1990,7
18489,PRIVATE NUMBER,911,95,LW:RE,3,8,1999-07-04,1999,1990,7
17552,IRIS,GOO GOO DOLLS,26,LW:RE,26,3,1999-07-11,1999,1990,7
18274,WHEN THE GOING GETS TOUGH,BOYZONE,72,LW:RE,1,15,1999-07-11,1999,1990,7
18376,MY NAME IS,EMINEM,77,LW:RE,2,12,1999-07-11,1999,1990,7
18443,IN OUR LIFETIME,TEXAS,79,LW:RE,4,10,1999-07-11,1999,1990,7
18466,BEAT MAMA,CAST,85,LW:RE,9,7,1999-07-11,1999,1990,7
18445,WHAT'S IT GONNA BE?!,BUSTA RHYMES FT JANET,91,LW:RE,6,8,1999-07-11,1999,1990,7
18252,IT'S NOT RIGHT BUT IT'S OKAY,WHITNEY HOUSTON,93,LW:RE,3,16,1999-07-11,1999,1990,7
18446,BYE BYE BABY,TQ,97,LW:RE,7,8,1999-07-11,1999,1990,7
18490,PICK A PART THAT'S NEW,STEREOPHONICS,83,LW:RE,4,9,1999-07-18,1999,1990,7
18542,HATE ME NOW,NAS FT PUFF DADDY,86,LW:RE,14,7,1999-07-18,1999,1990,7
18492,DAYZ LIKE THAT,FIERCE,95,LW:RE,11,6,1999-07-18,1999,1990,7
18515,NORTHERN LITES,SUPER FURRY ANIMALS,96,LW:RE,11,5,1999-07-18,1999,1990,7
13943,INSOMNIA,FAITHLESS,99,LW:RE,3,19,1999-07-18,1999,1990,7
18517,SECTLY,SKUNK ANANSIE,100,LW:RE,16,5,1999-07-18,1999,1990,7
18767,SEPTEMBER 99,EARTH WIND & FIRE,25,LW:RE,3,14,1999-07-25,1999,1990,7
18442,RIGHT HE RIGHT NOW,FATBOY SLIM,82,LW:RE,2,12,1999-07-25,1999,1990,7
18493,BIG LOVE,PETE HELLER,86,LW:RE,12,8,1999-07-25,1999,1990,7
18565,NOMANSLAND (DAVID'S SONG),DJ SAKIN & FRIENDS,94,LW:RE,14,8,1999-07-25,1999,1990,7
18465,WHY DON'T YOU GET A JOB?,OFFSPRING,96,LW:RE,2,9,1999-07-25,1999,1990,7
18491,CLOUD NUMBER 9,BRYAN ADAMS,80,LW:RE,6,10,1999-08-01,1999,1990,8
18701,TAT HER LIKE A LADY,CELINE DION,81,LW:RE,31,4,1999-08-01,1999,1990,8
14060,LOST IN LOVE,LEGEND B,83,LW:RE,45,4,1999-08-01,1999,1990,8
18489,PRIVATE NUMBER,911,85,LW:RE,3,11,1999-08-01,1999,1990,8
18441,SWEAR IT AGAIN,WESTLIFE,92,LW:RE,1,13,1999-08-01,1999,1990,8
17950,WHAT YA GOT 4 ME,SIGNUM,93,LW:RE,70,5,1999-08-01,1999,1990,8
18563,PUMPING ON YOUR STEO,SUPERGRASS,77,LW:RE,11,7,1999-08-08,1999,1990,8
18540,LIFT IT HIGH (ALL ABOUT BELIEF),1999 MANCHESTER UNITED SQUAD,78,LW:RE,11,9,1999-08-08,1999,1990,8
18539,EVERY MORNING,SUGAR RAY,81,LW:RE,10,10,1999-08-08,1999,1990,8
18538,I QUIT,HEPBURN,86,LW:RE,8,8,1999-08-08,1999,1990,8
18564,DISCO DOWN,SHED SEVEN,88,LW:RE,13,7,1999-08-08,1999,1990,8
18772,LOST IN THE TRANSLATION,PACIFICA,90,LW:RE,54,2,1999-08-08,1999,1990,8
18822,LAUNCH,DJ JEAN,92,LW:RE,92,2,1999-08-08,1999,1990,8
18591,NOTHING IS AL BUT THE GIRL,BLONDIE,93,LW:RE,26,4,1999-08-08,1999,1990,8
18490,PICK A PART THAT'S NEW,STEREOPHONICS,94,LW:RE,4,11,1999-08-08,1999,1990,8
18783,STEP DANCE MEDLEY,MEDLEY MANIACS,96,LW:RE,92,2,1999-08-08,1999,1990,8
18589,21ST CENTURY GIRLS,21ST CENTURY GIRLS,100,LW:RE,16,6,1999-08-08,1999,1990,8
18780,ONE MO CHANCE,JULIO IGLESIAS JR.,93,LW:RE,78,2,1999-08-15,1999,1990,8
18618,EVERYTIME,TATYANA ALI,94,LW:RE,20,5,1999-08-15,1999,1990,8
18620,MO LOVE,NEXT OF KIN,96,LW:RE,33,3,1999-08-15,1999,1990,8
18514,LOOK AT ME,GERI HALLIWELL,60,LW:RE,2,13,1999-08-22,1999,1990,8
18513,YOU NEEDED ME,BOYZONE,70,LW:RE,1,13,1999-08-22,1999,1990,8
18617,ALMOST DOESN'T COUNT,BRANDY,80,LW:RE,15,6,1999-08-22,1999,1990,8
18742,UNO MAS,DANIEL O'DONNELL,91,LW:RE,25,4,1999-08-22,1999,1990,8
18864,SEVEN DAYS & ONE WEEK,B.B.E.,94,LW:RE,3,14,1999-08-22,1999,1990,8
18353,YOU GET WHAT YOU GIVE,NEW RADICALS,98,LW:RE,5,19,1999-08-22,1999,1990,8
18588,SCAR TISSUE,RED HOT CHILI PEPPERS,99,LW:RE,15,7,1999-08-22,1999,1990,8
18100,SING IT BACK,MOLOKO,4,LW:RE,4,3,1999-08-29,1999,1990,8
17856,AYLA,AYLA,22,LW:RE,22,3,1999-08-29,1999,1990,8
18874,ONLY YOU,YAZOO,38,LW:RE,2,15,1999-08-29,1999,1990,8
18561,CANNED HEAT,JAMIROQUAI,82,LW:RE,4,11,1999-08-29,1999,1990,8
18441,SWEAR IT AGAIN,WESTLIFE,85,LW:RE,1,16,1999-08-29,1999,1990,8
18616,ALL OR NOTHING,CHER,86,LW:RE,12,9,1999-08-29,1999,1990,8
18701,TAT HER LIKE A LADY,CELINE DION,88,LW:RE,31,6,1999-08-29,1999,1990,8
17337,OOH LA LA,WISEGUYS,91,LW:RE,2,11,1999-08-29,1999,1990,8
18664,SHE'S IN FASHION,SUEDE,93,LW:RE,13,6,1999-08-29,1999,1990,8
18562,SALTWATER,CHICANE FT MAIRE BRENNAN,94,LW:RE,6,11,1999-08-29,1999,1990,8
18698,BRING IT ON,GOMEZ,98,LW:RE,21,4,1999-08-29,1999,1990,8
16704,PINK,AEROSMITH,100,LW:RE,13,8,1999-08-29,1999,1990,8
18638,TEARIN' UP MY HEART,NSYNC,74,LW:RE,9,9,1999-09-05,1999,1990,9
18098,HEY BOY HEY GIRL,CHEMICAL BROTHERS,80,LW:RE,3,11,1999-09-05,1999,1990,9
18692,COFFEE + TV,BLUR,83,LW:RE,11,8,1999-09-05,1999,1990,9
18717,TSUNAMI,MANIC STREET PREACHERS,87,LW:RE,11,7,1999-09-05,1999,1990,9
18277,NOTHING ALLY MATTERS,MADONNA,93,LW:RE,7,12,1999-09-05,1999,1990,9
18274,WHEN THE GOING GETS TOUGH,BOYZONE,94,LW:RE,1,17,1999-09-05,1999,1990,9
18480,DON'T STOP (IMPORT),ATB,95,LW:RE,81,12,1999-09-05,1999,1990,9
11553,YOU GOTTA BE,DES'REE,96,LW:RE,10,11,1999-09-05,1999,1990,9
14977,SEVEN DAYS AND ONE WEEK,B.B.E.,78,LW:RE,3,15,1999-09-12,1999,1990,9
18928,GET GET DOWN,PAUL JOHNSON,83,LW:RE,83,2,1999-09-12,1999,1990,9
18694,WORD UP,MELANIE G,86,LW:RE,13,8,1999-09-12,1999,1990,9
18719,STRONGER,GARY BARLOW,91,LW:RE,16,5,1999-09-12,1999,1990,9
18697,EVERYTHING IS EVERYTHING,LAURYN HILL,92,LW:RE,20,8,1999-09-12,1999,1990,9
18666,TAKE ME TO YOUR HEAVEN,CHARLOTTE NILSSON,93,LW:RE,20,5,1999-09-12,1999,1990,9
18667,THE'S YOUR TROUBLE,DIXIE CHICKS,96,LW:RE,26,6,1999-09-12,1999,1990,9
18178,YOU DON'T KNOW ME,ARMAND VAN HELDEN/DUANE HARDEN,97,LW:RE,2,15,1999-09-12,1999,1990,9
18721,IT'S ALL ABOUT YOU,JUSTIN,100,LW:RE,34,4,1999-09-12,1999,1990,9
18535,SWEET LIKE CHOCOLATE,SHANKS & BIGFOOT,77,LW:RE,1,16,1999-09-19,1999,1990,9
8539,ANOTHER SLEEPLESS NIGHT,SHAWN CHRISTOPHER,84,LW:RE,50,5,1999-09-19,1999,1990,9
18587,FROM THE HEART,ANOTHER LEVEL,91,LW:RE,6,15,1999-09-19,1999,1990,9
18764,I KNOW WHAT I'M HE FOR,JAMES,92,LW:RE,22,6,1999-09-19,1999,1990,9
18696,THE ANIMAL SONG,SAVAGE GARDEN,93,LW:RE,18,7,1999-09-19,1999,1990,9
18760,I DON'T KNOW WHAT YOU WANT BUT I CAN'T..,PET SHOP BOYS,95,LW:RE,15,4,1999-09-19,1999,1990,9
18741,LONDINIUM,CATATONIA,97,LW:RE,20,4,1999-09-19,1999,1990,9
17663,FOR AN ANGEL,PAUL VAN DYK,98,LW:RE,28,25,1999-09-19,1999,1990,9
18739,HANGING AROUND,CARDIGANS,99,LW:RE,17,5,1999-09-19,1999,1990,9
18742,UNO MAS,DANIEL O'DONNELL,100,LW:RE,25,5,1999-09-19,1999,1990,9
18663,BE THE FIRST TO BELIEVE,A1,87,LW:RE,6,11,1999-09-26,1999,1990,9
17198,TOUGH AT THE TOP,E-Z ROLLERS,88,LW:RE,81,2,1999-09-26,1999,1990,9
18789,THE MIRACLE,CLIFF RICHARD,96,LW:RE,23,3,1999-09-26,1999,1990,9
18718,GATEST DAY,BEVERLEY KNIGHT,97,LW:RE,14,6,1999-09-26,1999,1990,9
18766,ALL STAR,SMASH MOUTH,98,LW:RE,24,6,1999-09-26,1999,1990,9
18762,SHE,ELVIS COSTELLO,72,LW:RE,19,10,1999-10-03,1999,1990,10
18737,SYNTH & STRINGS,YOMANDA,79,LW:RE,8,11,1999-10-03,1999,1990,10
18809,LET FOVER BE,CHEMICAL BROTHERS,84,LW:RE,9,8,1999-10-03,1999,1990,10
18615,DOODAH!,CARTOONS,85,LW:RE,7,12,1999-10-03,1999,1990,10
18056,2 TIMES,ANN LEE,86,LW:RE,57,5,1999-10-03,1999,1990,10
18736,"BILLS,BILLS,BILLS",DESTINY'S CHILD,90,LW:RE,6,10,1999-10-03,1999,1990,10
16775,STRAIGHT FROM THE HEART,DOOLALLY,91,LW:RE,9,7,1999-10-03,1999,1990,10
18785,GROOVE MACHINE,MARVIN AND TAMARA,92,LW:RE,11,6,1999-10-03,1999,1990,10
18759,LOVESTRUCK,MADNESS,94,LW:RE,10,8,1999-10-03,1999,1990,10
18637,I BATHE AGAIN,ADAM RICKITT,99,LW:RE,5,11,1999-10-03,1999,1990,10
18790,YOUR KISSES A CHARITY,CULTURE CLUB,100,LW:RE,25,5,1999-10-03,1999,1990,10
18738,WITHOUT LOVE,DINA CARROLL,87,LW:RE,13,8,1999-10-10,1999,1990,10
18814,SO MANY WAYS,ELLIE CAMPBELL,96,LW:RE,26,4,1999-10-10,1999,1990,10
18829,BETTER DAYS,TQ,97,LW:RE,32,3,1999-10-10,1999,1990,10
18786,DOUBLE DOUBLE DUTCH,DOPE SMUGGLAZ,98,LW:RE,15,5,1999-10-10,1999,1990,10
17990,DIVING FACES,LIQUID CHILD,25,LW:RE,25,2,1999-10-17,1999,1990,10
18867,I WOULDN'T BELIEVE YOUR RADIO,STEREOPHONICS,76,LW:RE,11,7,1999-10-17,1999,1990,10
18806,NDEZ-VU,BASEMENT JAXX,82,LW:RE,4,9,1999-10-17,1999,1990,10
18828,ALL THAT I CAN SAY,MARY J BLIGE,84,LW:RE,29,4,1999-10-17,1999,1990,10
18871,BEST FRIEND,MARK MORRISON & CONNOR REEVES,95,LW:RE,23,4,1999-10-17,1999,1990,10
18761,FEELING IT TOO,3 JAYS,96,LW:RE,17,6,1999-10-17,1999,1990,10
18691,VIVA LA RADIO,LOLLY,97,LW:RE,7,10,1999-10-17,1999,1990,10
18826,YESTERDAY WENT TOO SOON,FEEDER,98,LW:RE,20,4,1999-10-17,1999,1990,10
18827,FI IN MY HEART,SUPER FURRY ANIMALS,100,LW:RE,25,4,1999-10-17,1999,1990,10
18870,AISY WAISY,CARTOONS,78,LW:RE,16,8,1999-10-24,1999,1990,10
18808,FEEL GOOD,PHATS & SMALL,84,LW:RE,7,9,1999-10-24,1999,1990,10
18852,BUGS,HEPBURN,96,LW:RE,14,6,1999-10-24,1999,1990,10
18899,SATURDAY NITE,BRAND NEW HEAVIES,97,LW:RE,35,3,1999-10-24,1999,1990,10
18613,BRING IT ALL BACK,S CLUB 7,99,LW:RE,1,16,1999-10-24,1999,1990,10
19078,LEARNING TO FLY,MOTHER'S PRIDE,54,LW:RE,54,2,1999-10-31,1999,1990,10
19079,WHITE NO SUGAR,CLINT BOON EXPERIENCE,61,LW:RE,61,2,1999-10-31,1999,1990,10
18866,SUMMERTIME,ANOTHER LEVEL FT TQ,79,LW:RE,7,9,1999-10-31,1999,1990,10
18891,SUMMERTIME OF OUR LIVES,A1,80,LW:RE,5,7,1999-10-31,1999,1990,10
18848,SUMMER SON,TEXAS,85,LW:RE,5,10,1999-10-31,1999,1990,10
18868,MAMMA MIA,A TEENS,91,LW:RE,12,8,1999-10-31,1999,1990,10
18293,9PM (TILL I COME),ATB,93,LW:RE,1,16,1999-10-31,1999,1990,10
18757,IF YA GETTIN' DOWN,FIVE,97,LW:RE,2,13,1999-10-31,1999,1990,10
18635,"BOOM,BOOM,BOOM,BOOM!!",VENGABOYS,98,LW:RE,1,17,1999-10-31,1999,1990,10
18690,WILD WILD WEST,WILL SMITH,99,LW:RE,2,17,1999-10-31,1999,1990,10
18974,GOIN' DOWN,MELANIE C,64,LW:RE,4,5,1999-11-07,1999,1990,11
18850,STOP THE ROCK,APOLLO FOUR FORTY,91,LW:RE,10,7,1999-11-07,1999,1990,11
18269,SECT WISH,BOCCACCIO LIFE,98,LW:RE,78,3,1999-11-07,1999,1990,11
18608,SPIRITUALISED,OLMEC HEADS,99,LW:RE,89,3,1999-11-07,1999,1990,11
18937,SUPERSONIC,JAMIROQUAI,78,LW:RE,22,5,1999-11-14,1999,1990,11
18893,THE KIDS AN'T ALRIGHT,OFFSPRING,83,LW:RE,11,7,1999-11-14,1999,1990,11
18913,AFRIKA SHOX,LEFTFIELD/BAMBAATAA,84,LW:RE,7,6,1999-11-14,1999,1990,11
18957,THURSDAY'S CHILD,DAVID BOWIE,87,LW:RE,16,4,1999-11-14,1999,1990,11
17663,FOR AN ANGEL,PAUL VAN DYK,92,LW:RE,28,26,1999-11-14,1999,1990,11
19138,MISS PARKER,MORGAN,74,LW:RE,74,2,1999-11-21,1999,1990,11
19015,WONDERLAND,911,77,LW:RE,13,4,1999-11-21,1999,1990,11
18848,SUMMER SON,TEXAS,80,LW:RE,5,12,1999-11-21,1999,1990,11
18716,LIVIN' LA VIDA LOCA,RICKY MARTIN,83,LW:RE,1,18,1999-11-21,1999,1990,11
18842,TOCA ME,FRAGMA,84,LW:RE,11,8,1999-11-21,1999,1990,11
18916,SUMMER GIRLS,LYTE FUNKIE ONES,86,LW:RE,16,9,1999-11-21,1999,1990,11
17327,DRINKING IN L.A.,BRAN VAN 3000,90,LW:RE,3,13,1999-11-21,1999,1990,11
17961,IT FEELS SO GOOD,SONIQUE,91,LW:RE,24,4,1999-11-21,1999,1990,11
18976,NEW YORK CITY BOY,PET SHOP BOYS,94,LW:RE,14,6,1999-11-21,1999,1990,11
18914,MOVING,SUPERGRASS,97,LW:RE,9,6,1999-11-21,1999,1990,11
18935,BRAND NEW DAY,STING,98,LW:RE,13,6,1999-11-21,1999,1990,11
16651,ANGELS,ROBBIE WILLIAMS,99,LW:RE,4,60,1999-11-21,1999,1990,11
18912,FRIENDS FOVER,THUNDERBUGS,78,LW:RE,5,10,1999-11-28,1999,1990,11
18847,MI CHICO LATINO,GERI HALLIWELL,80,LW:RE,1,14,1999-11-28,1999,1990,11
18892,I'VE GOT YOU,MARTINE MCCUTCHEON,82,LW:RE,6,11,1999-11-28,1999,1990,11
18090,DOV'E L'AMO,CHER,85,LW:RE,21,4,1999-11-28,1999,1990,11
19017,OUT OF CONTROL,CHEMICAL BROTHERS,94,LW:RE,21,5,1999-11-28,1999,1990,11
18974,GOIN' DOWN,MELANIE C,82,LW:RE,4,7,1999-12-05,1999,1990,12
18999,EVERYTHING MY HEART DESIS,ADAM RICKITT,83,LW:RE,15,7,1999-12-05,1999,1990,12
18997,I SAVED THE WORLD TODAY,EURYTHMICS,86,LW:RE,11,7,1999-12-05,1999,1990,12
18998,FOVER,CHARLATANS,87,LW:RE,12,4,1999-12-05,1999,1990,12
18928,GET GET DOWN,PAUL JOHNSON,88,LW:RE,5,11,1999-12-05,1999,1990,12
18758,BETTER OFF ALONE,ALICE DEEJAY,89,LW:RE,2,17,1999-12-05,1999,1990,12
19000,JUST LIKE FD ASTAI,JAMES,91,LW:RE,17,4,1999-12-05,1999,1990,12
18862,BAILAMOS,ENRIQUE IGLESIAS,93,LW:RE,4,12,1999-12-05,1999,1990,12
18975,THE AWAKENING,YORK,98,LW:RE,11,6,1999-12-05,1999,1990,12
16651,ANGELS,ROBBIE WILLIAMS,99,LW:RE,4,61,1999-12-05,1999,1990,12
16753,MILLENNIUM,ROBBIE WILLIAMS,100,LW:RE,1,27,1999-12-05,1999,1990,12
143,1999,PRINCE,63,LW:RE,10,5,1999-12-12,1999,1990,12
18070,WHEN YOU SAY NOTHING AT ALL,RONAN KEATING,78,LW:RE,1,19,1999-12-12,1999,1990,12
18087,SUN IS SHINING,BOB MARLEY,81,LW:RE,3,11,1999-12-12,1999,1990,12
17509,THE GROOVY THANG,MINIMAL FUNK,86,LW:RE,65,2,1999-12-12,1999,1990,12
19015,WONDERLAND,911,88,LW:RE,13,6,1999-12-12,1999,1990,12
18865,(MUCHO MAMBO) SWAY,SHAFT,89,LW:RE,2,13,1999-12-12,1999,1990,12
18091,FIELDS OF ATHENERYE,COX CREW,94,LW:RE,94,2,1999-12-12,1999,1990,12
18098,HEY BOY HEY GIRL,CHEMICAL BROTHERS,96,LW:RE,3,13,1999-12-12,1999,1990,12
18911,MICKEY,LOLLY,100,LW:RE,4,11,1999-12-12,1999,1990,12
18008,IMAGINE,JOHN LENNON,3,LW:RE,1,25,1999-12-19,1999,1990,12
18037,HORNY HORNS,PERFECT PHASE,21,LW:RE,21,2,1999-12-19,1999,1990,12
18045,THE FINAL COUNTDOWN 2000,EUROPE,39,LW:RE,1,17,1999-12-19,1999,1990,12
18080,MAMBO NO.5 (A LITTLE BIT OF...),LOU BEGA,80,LW:RE,1,16,1999-12-19,1999,1990,12
18081,WE' GOING TO IBIZA!,VENGABOYS,88,LW:RE,1,13,1999-12-19,1999,1990,12
18089,THAT DON'T IMPSS ME MUCH,SHANIA TWAIN,95,LW:RE,3,22,1999-12-19,1999,1990,12
18096,DON'T CALL ME BABY,MADISON AVENUE,96,LW:RE,30,5,1999-12-19,1999,1990,12
18092,CLOSING TIME,SEMISONIC,97,LW:RE,25,6,1999-12-19,1999,1990,12
18085,AIN'T THAT A LOT OF LOVE,SIMPLY RED,98,LW:RE,14,7,1999-12-19,1999,1990,12
18954,S CLUB PARTY,S CLUB 7,68,LW:RE,2,13,2000-01-02,2000,2000,1
19106,ANOTHER WAY/AVENUE,PAUL VAN DYK,72,LW:RE,13,6,2000-01-02,2000,2000,1
19178,ENOUGH IS ENOUGH,Y-TRIBE FT ELISABETH TROY,75,LW:RE,49,3,2000-01-02,2000,2000,1
18293,9PM (TILL I COME),ATB,86,LW:RE,1,18,2000-01-02,2000,2000,1
18400,PERFECT MOMENT,MARTINE MCCUTCHEON,87,LW:RE,1,23,2000-01-02,2000,2000,1
19090,HOOLIGAN,EMBRACE,89,LW:RE,18,4,2000-01-02,2000,2000,1
19144,WALHALLA,GOURYELLA,90,LW:RE,27,3,2000-01-02,2000,2000,1
19129,YMCA,VILLAGE PEOPLE,91,LW:RE,35,4,2000-01-02,2000,2000,1
18758,BETTER OFF ALONE,ALICE DEEJAY,92,LW:RE,2,19,2000-01-02,2000,2000,1
13936,DISCO 2000,PULP,95,LW:RE,7,17,2000-01-02,2000,2000,1
18842,TOCA ME,FRAGMA,96,LW:RE,11,9,2000-01-02,2000,2000,1
18975,THE AWAKENING,YORK,98,LW:RE,11,7,2000-01-02,2000,2000,1
19110,SEXX LAWS,BECK,99,LW:RE,27,4,2000-01-02,2000,2000,1
18851,1999,BINARY FINARY,100,LW:RE,11,7,2000-01-02,2000,2000,1
18088,NOT OVER YOU YET,DIANA ROSS,58,LW:RE,9,10,2000-01-09,2000,2000,1
19126,I SEE YOU BABY,GROOVE ARMADA FT GRAM'MA FUNK,75,LW:RE,17,5,2000-01-09,2000,2000,1
19125,NO DISTANCE LEFT TO RUN,BLUR,81,LW:RE,14,4,2000-01-09,2000,2000,1
19034,SANCTUARY,DEJURE,83,LW:RE,81,3,2000-01-09,2000,2000,1
18777,COMING ON STRONG,SIGNUM FT SCOTT MAC,86,LW:RE,66,3,2000-01-09,2000,2000,1
18092,CLOSING TIME,SEMISONIC,90,LW:RE,25,8,2000-01-09,2000,2000,1
19089,BULLET IN THE GUN,PLANET PERFECTO,92,LW:RE,15,5,2000-01-09,2000,2000,1
19067,YOU'LL BE IN MY HEART,PHIL COLLINS,93,LW:RE,17,7,2000-01-09,2000,2000,1
18605,HEAVEN,AGENDA,94,LW:RE,80,3,2000-01-09,2000,2000,1
19127,LIFE'S TOO SHORT,LIGHTNING SEEDS,95,LW:RE,27,4,2000-01-09,2000,2000,1
18460,ENDLESS WAVE,KAMAYA PAINTERS,96,LW:RE,78,3,2000-01-09,2000,2000,1
18100,SING IT BACK,MOLOKO,99,LW:RE,4,13,2000-01-09,2000,2000,1
19177,THE BEST OF ME,BRYAN ADAMS,63,LW:RE,47,3,2000-01-16,2000,2000,1
19147,MARY,SUPERGRASS,72,LW:RE,36,4,2000-01-16,2000,2000,1
19164,DUSTED,LEFTFIELD/ROOTS MANUVA,75,LW:RE,28,3,2000-01-16,2000,2000,1
17627,HEADS HIGH,MR. VEGAS,83,LW:RE,16,7,2000-01-16,2000,2000,1
19193,MS. FAT BOOTY,MOS DEF,85,LW:RE,85,2,2000-01-16,2000,2000,1
19133,COLD SHOULDER/STARMAN,CULTURE CLUB,89,LW:RE,43,3,2000-01-16,2000,2000,1
18098,HEY BOY HEY GIRL,CHEMICAL BROTHERS,92,LW:RE,3,16,2000-01-16,2000,2000,1
18083,SUNSHINE,GABRIELLE,95,LW:RE,9,10,2000-01-16,2000,2000,1
17663,FOR AN ANGEL,PAUL VAN DYK,97,LW:RE,28,29,2000-01-16,2000,2000,1
18983,UNIVERSAL NATION '99,PUSH,98,LW:RE,35,3,2000-01-16,2000,2000,1
18068,SUPER TROUPER,A TEENS,77,LW:RE,21,6,2000-01-23,2000,2000,1
18036,JUST WAVE HELLO,CHARLOTTE CHURCH,80,LW:RE,31,5,2000-01-23,2000,2000,1
18075,TONITE,PHATS & SMALL,81,LW:RE,11,7,2000-01-23,2000,2000,1
18042,A CHRISTMAS KISS,DANIEL O'DONNELL,89,LW:RE,20,5,2000-01-23,2000,2000,1
18049,"NORTH, SOUTH, EAST, WEST",MARVIN AND TAMARA,91,LW:RE,38,5,2000-01-23,2000,2000,1
18948,APACHE,STARFIGHTER,31,LW:RE,31,2,2000-01-30,2000,2000,1
18070,WHEN YOU SAY NOTHING AT ALL,RONAN KEATING,94,LW:RE,1,22,2000-01-30,2000,2000,1
18050,FLYING WITHOUT WINGS,WESTLIFE,96,LW:RE,1,14,2000-01-30,2000,2000,1
18095,TURN IT AROUND,ALENA,98,LW:RE,14,10,2000-01-30,2000,2000,1
18842,TOCA ME,FRAGMA,100,LW:RE,11,12,2000-01-30,2000,2000,1
18054,TURN,TRAVIS,87,LW:RE,8,12,2000-02-06,2000,2000,2
19231,SHOW ME THE MEANING OF BEING LONELY,BACKSTREET BOYS,94,LW:RE,94,3,2000-02-13,2000,2000,2
18070,WHEN YOU SAY NOTHING AT ALL,RONAN KEATING,97,LW:RE,1,23,2000-02-13,2000,2000,2
18041,UNDER PSSU,QUEEN & DAVID BOWIE,98,LW:RE,14,8,2000-02-13,2000,2000,2
18052,EVERYTIME/ADY OR NOT,A1,80,LW:RE,3,12,2000-02-20,2000,2000,2
18073,IT'S ABOUT TIME YOU WE MINE,THUNDERBUGS,81,LW:RE,43,8,2000-02-20,2000,2000,2
18068,SUPER TROUPER,A TEENS,87,LW:RE,21,8,2000-02-20,2000,2000,2
18036,JUST WAVE HELLO,CHARLOTTE CHURCH,88,LW:RE,31,8,2000-02-20,2000,2000,2
18074,AFTER THE LOVE HAS GONE,STEPS,94,LW:RE,5,12,2000-02-20,2000,2000,2
18042,A CHRISTMAS KISS,DANIEL O'DONNELL,95,LW:RE,20,7,2000-02-20,2000,2000,2
18034,"BABY, IT'S COLD OUTSIDE",TOM JONES & CERYS,99,LW:RE,17,8,2000-02-20,2000,2000,2
18044,LIFT ME UP,GERI HALLIWELL,61,LW:RE,1,16,2000-02-27,2000,2000,2
18028,I SHALL BE THE,B'WITCHED,78,LW:RE,13,11,2000-02-27,2000,2000,2
18043,GENIE IN A BOTTLE,CHRISTINA AGUILERA,80,LW:RE,1,20,2000-02-27,2000,2000,2
19206,MO THAN I NEEDED TO KNOW,SCOOCH,83,LW:RE,5,6,2000-02-27,2000,2000,2
19207,STAND TOUGH,POINT BREAK,84,LW:RE,7,6,2000-02-27,2000,2000,2
19240,BEST THING,ADAM RICKITT,88,LW:RE,25,4,2000-02-27,2000,2000,2
18033,BLUE (DA BA DEE),EIFFEL 65,91,LW:RE,1,23,2000-02-27,2000,2000,2
18048,RADIO,CORRS,92,LW:RE,18,11,2000-02-27,2000,2000,2
18055,WHEN WE A TOGETHER,TEXAS,94,LW:RE,12,10,2000-02-27,2000,2000,2
18026,WILL 2K,WILL SMITH,95,LW:RE,2,12,2000-02-27,2000,2000,2
18051,MAN! I FEEL LIKE A WOMAN!,SHANIA TWAIN,97,LW:RE,3,22,2000-02-27,2000,2000,2
18049,"NORTH, SOUTH, EAST, WEST",MARVIN AND TAMARA,98,LW:RE,38,6,2000-02-27,2000,2000,2
18029,NORTHERN STAR,MELANIE C,81,LW:RE,4,13,2000-03-05,2000,2000,3
18038,I LEARNED FROM THE BEST,WHITNEY HOUSTON,83,LW:RE,19,12,2000-03-05,2000,2000,3
18046,WAITING FOR TONIGHT,JENNIFER LOPEZ,90,LW:RE,5,16,2000-03-05,2000,2000,3
18031,BIG BOYS DON'T CRY/ROCKIN' ROBIN,LOLLY,99,LW:RE,10,10,2000-03-05,2000,2000,3
18037,HORNY HORNS,PERFECT PHASE,100,LW:RE,21,9,2000-03-05,2000,2000,3
18008,IMAGINE,JOHN LENNON,58,LW:RE,1,36,2000-03-12,2000,2000,3
18024,SHE'S THE ONE/IT'S ONLY US,ROBBIE WILLIAMS,69,LW:RE,1,17,2000-03-12,2000,2000,3
18021,KING OF MY CASTLE,WAMDUE PROJECT,77,LW:RE,1,16,2000-03-12,2000,2000,3
18012,COGNOSCENTI VS INTELLIGENTSIA,CUBAN BOYS,78,LW:RE,4,12,2000-03-12,2000,2000,3
18040,RIGHT NOW,ATOMIC KITTEN,87,LW:RE,10,10,2000-03-12,2000,2000,3
18047,DEAR LIE,TLC,90,LW:RE,31,10,2000-03-12,2000,2000,3
18016,BARBER'S ADAGIO FOR STRINGS,WILLIAM ORBIT,69,LW:RE,4,14,2000-03-19,2000,2000,3
19259,HAMMER TO THE HEART,TAMPERER FT MAYA,72,LW:RE,6,6,2000-03-19,2000,2000,3
19208,RAINBOW COUNTRY,BOB MARLEY VS FUNKSTAR DE LUXE,80,LW:RE,11,7,2000-03-19,2000,2000,3
19241,17 AGAIN,EURYTHMICS,82,LW:RE,27,5,2000-03-19,2000,2000,3
18019,EVERY DAY I LOVE YOU,BOYZONE,83,LW:RE,3,14,2000-03-19,2000,2000,3
19207,STAND TOUGH,POINT BREAK,84,LW:RE,7,8,2000-03-19,2000,2000,3
18030,THAT'S THE WAY IT IS,CELINE DION,88,LW:RE,12,12,2000-03-19,2000,2000,3
19324,SUBRAUMSTIMULATION,OLIVER LIEB,92,LW:RE,79,2,2000-03-19,2000,2000,3
19037,IGUANA,MAURO PICOTTO,93,LW:RE,87,2,2000-03-19,2000,2000,3
19240,BEST THING,ADAM RICKITT,94,LW:RE,25,6,2000-03-19,2000,2000,3
19206,MO THAN I NEEDED TO KNOW,SCOOCH,95,LW:RE,5,8,2000-03-19,2000,2000,3
19204,THE MASSES AGAINST THE CLASSES,MANIC STREET PREACHERS,96,LW:RE,1,8,2000-03-19,2000,2000,3
18023,EVERYBODY,PROGRESS PTS THE BOY WUNDA,100,LW:RE,7,11,2000-03-19,2000,2000,3
19030,SMOOTH,SANTANA FT ROB THOMAS,3,LW:RE,3,2,2000-03-26,2000,2000,3
19432,RIGHT BEFO MY EYES,N'N'G FT KALLAGHAN,12,LW:RE,12,4,2000-03-26,2000,2000,3
19238,NOTORIOUS B.I.G.,NOTORIOUS B.I.G. FT PUFF DADDY,85,LW:RE,16,6,2000-03-26,2000,2000,3
19265,WHATEVER YOU NEED,TINA TURNER,86,LW:RE,27,4,2000-03-26,2000,2000,3
19217,(WELCOME) TO THE DANCE,DES MITCHELL,87,LW:RE,5,6,2000-03-26,2000,2000,3
18025,KEEP ON MOVIN',FIVE,89,LW:RE,1,18,2000-03-26,2000,2000,3
19342,LUCKY STAR,SUPERFUNK FT RON CARROLL,92,LW:RE,42,3,2000-03-26,2000,2000,3
19237,DON'T FALTER,MINT ROYALE FT LAUREN LAVERNE,93,LW:RE,15,5,2000-03-26,2000,2000,3
18017,IF I COULD TURN BACK THE HANDS OF TIME,R KELLY,85,LW:RE,2,24,2000-04-02,2000,2000,4
19262,GOT TO GET IT,SISQO,89,LW:RE,14,5,2000-04-02,2000,2000,4
19216,BECAUSE OF YOU,SCANTY SANDWICH,94,LW:RE,3,9,2000-04-02,2000,2000,4
19309,MR E'S BEAUTIFUL BLUES,EELS,95,LW:RE,11,5,2000-04-02,2000,2000,4
19287,MUST BE THE MUSIC,JOEY NEGRO FT TAKA BOOM,96,LW:RE,8,6,2000-04-02,2000,2000,4
19218,PITCHIN' (IN EVERY DICTION),HI-GATE,98,LW:RE,6,7,2000-04-02,2000,2000,4
18015,BACK IN MY LIFE,ALICE DEEJAY,99,LW:RE,4,16,2000-04-02,2000,2000,4
19405,BLOW YA MIND,LOCK 'N' LOAD,6,LW:RE,6,2,2000-04-09,2000,2000,4
19214,AIRWAVE,RANK 1,10,LW:RE,10,5,2000-04-09,2000,2000,4
19310,I FEEL LOVE,CRW,84,LW:RE,15,5,2000-04-09,2000,2000,4
19260,AISHA,DEATH IN VEGAS,88,LW:RE,9,5,2000-04-09,2000,2000,4
19219,IN YOUR ARMS (SCUE ME),NU GENERATION,89,LW:RE,8,9,2000-04-09,2000,2000,4
19313,PLAYGROUND LOVE,AIR/GORDON TRACKS,91,LW:RE,25,3,2000-04-09,2000,2000,4
18020,STEAL MY SUNSHINE,LEN,96,LW:RE,8,14,2000-04-09,2000,2000,4
19288,DEEP DEEP DOWN,HEPBURN,97,LW:RE,16,4,2000-04-09,2000,2000,4
19290,YOUR EYES,SIMPLY RED,98,LW:RE,26,3,2000-04-09,2000,2000,4
19258,SWEET LOVE 2K,FIERCE,76,LW:RE,3,9,2000-04-16,2000,2000,4
18010,-WIND THE CROWD SAY BO SELECTA,ARTFUL DODGER FT CRAIG DAVID,78,LW:RE,2,19,2000-04-16,2000,2000,4
19259,HAMMER TO THE HEART,TAMPERER FT MAYA,80,LW:RE,6,9,2000-04-16,2000,2000,4
18859,NIGHT SKOOL,MECCAHEADZ,83,LW:RE,79,2,2000-04-16,2000,2000,4
19286,DOLPHINS WE MONKEYS,IAN BROWN,84,LW:RE,5,5,2000-04-16,2000,2000,4
19261,BATHE AND STOP,Q-TIP,86,LW:RE,12,8,2000-04-16,2000,2000,4
19338,SUNBURN,MUSE,88,LW:RE,22,3,2000-04-16,2000,2000,4
14725,VALLEY OF THE SHADOWS,ORIGIN UNKNOWN,89,LW:RE,60,4,2000-04-16,2000,2000,4
19340,VOICES,ANN LEE,90,LW:RE,27,4,2000-04-16,2000,2000,4
19311,ANYTHING,JAY-Z,93,LW:RE,18,5,2000-04-16,2000,2000,4
19335,KEEP THE HOME FIS BURNING,BLUETONES,97,LW:RE,13,4,2000-04-16,2000,2000,4
19234,GLORIOUS,ANDREAS JOHNSON,83,LW:RE,4,12,2000-04-23,2000,2000,4
19215,BORN TO MAKE YOU HAPPY,BRITNEY SPEARS,84,LW:RE,1,13,2000-04-23,2000,2000,4
19205,U KNOW WHAT'S UP,DONELL JONES,87,LW:RE,2,13,2000-04-23,2000,2000,4
18006,I HAVE A DAM/SEASONS IN THE SUN,WESTLIFE,88,LW:RE,1,18,2000-04-23,2000,2000,4
19257,ADELANTE,SASH!,89,LW:RE,2,11,2000-04-23,2000,2000,4
19235,GIRL ON TV,LYTE FUNKIE ONES,90,LW:RE,6,11,2000-04-23,2000,2000,4
19233,THE GAT BEYOND,REM,93,LW:RE,3,11,2000-04-23,2000,2000,4
19389,STOP PLAYING WITH MY MIND,BARBARA TUCKER,95,LW:RE,17,5,2000-04-23,2000,2000,4
18022,A LITTLE BIT OF LUCK,DJ LUCK & MC NEAT,98,LW:RE,9,16,2000-04-23,2000,2000,4
19383,CRY,SYSTEM F,19,LW:RE,19,3,2000-04-30,2000,2000,4
19308,STAY WITH ME (BABY),REBECCA WHEATLEY,84,LW:RE,10,9,2000-04-30,2000,2000,4
19361,LOVE ON THE NORTHERN LINE,NORTHERN LINE,88,LW:RE,15,7,2000-04-30,2000,2000,4
19362,SUNSHINE,YOMANDA,90,LW:RE,16,7,2000-04-30,2000,2000,4
19503,YOU SEE THE TROUBLE WITH,BLACK LEGEND,48,LW:RE,48,2,2000-05-07,2000,2000,5
19358,WON'T TAKE IT LYING DOWN,HONEYZ,74,LW:RE,7,8,2000-05-07,2000,2000,5
19307,CARTOON HEROES,AQUA,77,LW:RE,7,11,2000-05-07,2000,2000,5
19231,SHOW ME THE MEANING OF BEING LONELY,BACKSTREET BOYS,79,LW:RE,3,14,2000-05-07,2000,2000,5
19391,TAKE A PICTU,FILTER,87,LW:RE,25,5,2000-05-07,2000,2000,5
19415,IT MUST BE LOVE,MERO,94,LW:RE,33,3,2000-05-07,2000,2000,5
19411,YOU' NOT ALONE,EMBRACE,99,LW:RE,14,4,2000-05-07,2000,2000,5
19413,STILL,MACY GRAY,69,LW:RE,18,8,2000-05-14,2000,2000,5
19280,CAUGHT OUT THE,KELIS,75,LW:RE,4,11,2000-05-14,2000,2000,5
19412,FAKIN' IT,WILL SMITH,76,LW:RE,15,8,2000-05-14,2000,2000,5
19332,MONEY,JAMELIA,79,LW:RE,5,10,2000-05-14,2000,2000,5
19474,LIGHT A CANDLE,DANIEL O'DONNELL,82,LW:RE,23,5,2000-05-14,2000,2000,5
19285,MOVE YOUR BODY,EIFFEL 65,85,LW:RE,3,13,2000-05-14,2000,2000,5
19363,EVERYTHING,DUM DUMS,97,LW:RE,21,6,2000-05-14,2000,2000,5
18016,BARBER'S ADAGIO FOR STRINGS,WILLIAM ORBIT,100,LW:RE,4,17,2000-05-14,2000,2000,5
18728,LUVSTRUCK,SOUTHSIDE SPINNERS,9,LW:RE,9,2,2000-05-21,2000,2000,5
19449,JUMP DOWN,B'WITCHED,74,LW:RE,16,6,2000-05-21,2000,2000,5
19434,FEELIN' SO GOOD,JENNIFER LOPEZ,82,LW:RE,15,7,2000-05-21,2000,2000,5
19215,BORN TO MAKE YOU HAPPY,BRITNEY SPEARS,85,LW:RE,1,15,2000-05-21,2000,2000,5
19236,OOH STICK YOU!,DAPHNE & CELESTE,92,LW:RE,8,13,2000-05-21,2000,2000,5
19360,DON'T YOU WORRY,MADASUN,98,LW:RE,14,7,2000-05-21,2000,2000,5
19485,PUMPIN,NOVY VS ENIAC,19,LW:RE,19,2,2000-05-28,2000,2000,5
19331,MOVIN TOO FAST,ARTFUL DODGER & ROMINA JOHNSON,77,LW:RE,2,12,2000-05-28,2000,2000,5
19450,THE FIRST TIME EVER I SAW YOUR FACE,CELINE DION,81,LW:RE,19,7,2000-05-28,2000,2000,5
19232,RISE,GABRIELLE,88,LW:RE,1,16,2000-05-28,2000,2000,5
19356,BYE BYE BYE,NSYNC,92,LW:RE,3,9,2000-05-28,2000,2000,5
19536,VIVRANT THING,Q-TIP,93,LW:RE,39,3,2000-05-28,2000,2000,5
19386,MAMA TOLD ME NOT TO COME,TOM JONES & STEREOPHONICS,99,LW:RE,4,8,2000-05-28,2000,2000,5
19357,SITTING DOWN HE,LENE MARLIN,85,LW:RE,5,12,2000-06-04,2000,2000,6
19409,KILLER,ATB,87,LW:RE,4,9,2000-06-04,2000,2000,6
19496,AFTER THE RAIN HAS FALLEN,STING,90,LW:RE,31,5,2000-06-04,2000,2000,6
19447,SEE YA,ATOMIC KITTEN,91,LW:RE,6,7,2000-06-04,2000,2000,6
19474,LIGHT A CANDLE,DANIEL O'DONNELL,93,LW:RE,23,7,2000-06-04,2000,2000,6
19433,CRASH AND BURN,SAVAGE GARDEN,95,LW:RE,14,7,2000-06-04,2000,2000,6
19472,BINGO BANGO,BASEMENT JAXX,97,LW:RE,13,5,2000-06-04,2000,2000,6
19494,ONLY THE LOOT CAN MAKE ME HAPPY,R KELLY,89,LW:RE,24,4,2000-06-11,2000,2000,6
19602,THE GAMES WE PLAY,ANDREAS JOHNSON,93,LW:RE,41,3,2000-06-11,2000,2000,6
19538,HOW TO WIN YOUR LOVE,ENGELBERT HUMPERDINCK,94,LW:RE,59,5,2000-06-11,2000,2000,6
19348,DOOMS NIGHT,AZZIDO DA BASS,46,LW:RE,46,3,2000-06-18,2000,2000,6
19407,BAG IT UP,GERI HALLIWELL,71,LW:RE,1,13,2000-06-18,2000,2000,6
19512,IF ONLY,HANSON,86,LW:RE,15,6,2000-06-18,2000,2000,6
19387,DON'T WANNA LET YOU GO,FIVE,90,LW:RE,9,14,2000-06-18,2000,2000,6
19514,A YOU STILL HAVING FUN?,EAGLE-EYE CHERRY,91,LW:RE,21,5,2000-06-18,2000,2000,6
19410,STILL D,DR DRE FT SNOOP DOGG,93,LW:RE,6,11,2000-06-18,2000,2000,6
19412,FAKIN' IT,WILL SMITH,94,LW:RE,15,10,2000-06-18,2000,2000,6
19513,GIVE ME YOU,MARY J BLIGE,95,LW:RE,19,5,2000-06-18,2000,2000,6
19536,VIVRANT THING,Q-TIP,96,LW:RE,39,5,2000-06-18,2000,2000,6
19598,BLUE TOMORROW,CHELSEA FOOTBALL CLUB,97,LW:RE,22,3,2000-06-18,2000,2000,6
19435,DON'T SAY YOU LOVE ME,M2M,98,LW:RE,16,7,2000-06-18,2000,2000,6
18043,GENIE IN A BOTTLE,CHRISTINA AGUILERA,99,LW:RE,1,24,2000-06-18,2000,2000,6
19533,DIRGE,DEATH IN VEGAS,100,LW:RE,24,3,2000-06-18,2000,2000,6
1845,THE POWER OF LOVE,FRANKIE GOES TO HOLLYWOOD,6,LW:RE,1,26,2000-06-25,2000,2000,6
18938,CANTO DELLA TERRA,ANDREA BOCELLI,24,LW:RE,24,5,2000-06-25,2000,2000,6
19591,OVERDRIVE,DJ SANDY VS HOUSETRAP,32,LW:RE,32,3,2000-06-25,2000,2000,6
19405,BLOW YA MIND,LOCK 'N' LOAD,69,LW:RE,6,12,2000-06-25,2000,2000,6
19506,WHO FEELS LOVE?,OASIS,70,LW:RE,4,8,2000-06-25,2000,2000,6
19651,SAVE ME,EMBRACE,76,LW:RE,29,3,2000-06-25,2000,2000,6
19531,THE BEST IS YET TO COME,SCOOCH,82,LW:RE,12,8,2000-06-25,2000,2000,6
19510,SUPERSTAR,CYPRESS HILL,91,LW:RE,13,6,2000-06-25,2000,2000,6
19408,ALL THE SMALL THINGS,BLINK 182,94,LW:RE,2,11,2000-06-25,2000,2000,6
17376,VINDALOO,FAT LES,99,LW:RE,2,15,2000-06-25,2000,2000,6
19689,UNCLE JOHN FROM JAMAICA,VENGABOYS,6,LW:RE,6,2,2000-07-02,2000,2000,7
19489,I WANNA LOVE YOU FOVER,JESSICA SIMPSON,69,LW:RE,7,10,2000-07-02,2000,2000,7
19648,WE' ALLY SAYING SOMETHING,BUFFALO G,74,LW:RE,17,4,2000-07-02,2000,2000,7
19446,SAY MY NAME,DESTINY'S CHILD,80,LW:RE,3,12,2000-07-02,2000,2000,7
19491,FAKYTIME,POINT BREAK,83,LW:RE,13,7,2000-07-02,2000,2000,7
19490,JUST AROUND THE HILL,SASH!,88,LW:RE,8,8,2000-07-02,2000,2000,7
19576,AUTOPHILIA,BLUETONES,90,LW:RE,18,4,2000-07-02,2000,2000,7
19529,CRAZY LOVE,MJ COLE,95,LW:RE,10,8,2000-07-02,2000,2000,7
19307,CARTOON HEROES,AQUA,97,LW:RE,7,13,2000-07-02,2000,2000,7
18044,LIFT ME UP,GERI HALLIWELL,98,LW:RE,1,18,2000-07-02,2000,2000,7
18038,I LEARNED FROM THE BEST,WHITNEY HOUSTON,99,LW:RE,19,14,2000-07-02,2000,2000,7
19037,IGUANA,MAURO PICOTTO,33,LW:RE,33,4,2000-07-09,2000,2000,7
19614,TAKEN FOR GRANTED,SIA,78,LW:RE,10,6,2000-07-09,2000,2000,7
19508,BUGGIN' ME,TRUE STEPPERS FT DANE BOWERS,82,LW:RE,6,9,2000-07-09,2000,2000,7
19470,DEEPER SHADE OF BLUE,STEPS,89,LW:RE,4,10,2000-07-09,2000,2000,7
19577,SHORTY (GOT HER EYES ON ME),DONELL JONES,91,LW:RE,19,4,2000-07-09,2000,2000,7
19429,NEVER BE THE SAME AGAIN,MELANIE C/LISA LEFT EYE LOPES,70,LW:RE,1,15,2000-07-16,2000,2000,7
19405,BLOW YA MIND,LOCK 'N' LOAD,81,LW:RE,6,14,2000-07-16,2000,2000,7
19571,KOOCHY,ARMAND VAN HELDEN,84,LW:RE,4,8,2000-07-16,2000,2000,7
19572,TELL ME WHY (THE RIDDLE),PAUL VAN DYK FT SAINT ETIENNE,93,LW:RE,7,6,2000-07-16,2000,2000,7
19485,PUMPIN,NOVY VS ENIAC,95,LW:RE,19,5,2000-07-16,2000,2000,7
19597,IMPOSSIBLE,CHARLATANS,96,LW:RE,15,4,2000-07-16,2000,2000,7
19672,JERUSALEM,FAT LES 2000,97,LW:RE,10,4,2000-07-16,2000,2000,7
19694,MONEY TO BURN,RICHARD ASHCROFT,82,LW:RE,17,5,2000-07-23,2000,2000,7
19615,I DON'T SMOKE,DJ DEE KLINE,91,LW:RE,11,7,2000-07-23,2000,2000,7
17376,VINDALOO,FAT LES,92,LW:RE,2,16,2000-07-23,2000,2000,7
19649,AROUND THE WORLD,AQUA,94,LW:RE,26,7,2000-07-23,2000,2000,7
19509,PRIVATE EMOTION,RICKY MARTIN FT MEJA,97,LW:RE,9,10,2000-07-23,2000,2000,7
19650,CRYPTIK SOULS CW,LEN,99,LW:RE,28,3,2000-07-23,2000,2000,7
19648,WE' ALLY SAYING SOMETHING,BUFFALO G,100,LW:RE,17,5,2000-07-23,2000,2000,7
19737,SANDWICHES,DETROIT GRAND PU BAHS,81,LW:RE,29,4,2000-07-30,2000,2000,7
19647,YOU' MY ANGEL,MIKEY GRAHAM,85,LW:RE,13,6,2000-07-30,2000,2000,7
19595,MASTERBLASTER 2000,DJ LUCK & MC NEAT,86,LW:RE,5,10,2000-07-30,2000,2000,7
19527,BOUND 4 DA LOAD (CASUALTY),OXIDE & NEUTRINO,91,LW:RE,1,13,2000-07-30,2000,2000,7
19646,HANDS UP,TREVOR & SIMON,95,LW:RE,12,6,2000-07-30,2000,2000,7
19412,FAKIN' IT,WILL SMITH,96,LW:RE,15,15,2000-07-30,2000,2000,7
19507,HE WASN'T MAN ENOUGH,TONI BRAXTON,97,LW:RE,5,12,2000-07-30,2000,2000,7
19548,HEART OF ASIA,WATERGATE,98,LW:RE,3,11,2000-07-30,2000,2000,7
19424,MO & MO,SPOILED & ZIGO,31,LW:RE,31,2,2000-08-06,2000,2000,8
19675,GOOD STUFF,KELIS,88,LW:RE,19,6,2000-08-06,2000,2000,8
19697,THESE WOODEN IDEAS,IDLEWILD,94,LW:RE,32,4,2000-08-06,2000,2000,8
19676,UNINTENDED,MUSE,95,LW:RE,20,5,2000-08-06,2000,2000,8
19677,ALL AROUND THE WORLD,NORTHERN LINE,96,LW:RE,27,4,2000-08-06,2000,2000,8
19694,MONEY TO BURN,RICHARD ASHCROFT,97,LW:RE,17,6,2000-08-06,2000,2000,8
19670,GIRLS LIKE US,B-15 PROJECT FT CHRISSY D,69,LW:RE,7,9,2000-08-13,2000,2000,8
19594,DAY & NIGHT,BILLIE PIPER,73,LW:RE,1,12,2000-08-13,2000,2000,8
19695,THE GAT ESCAPE 2000,ENGLAND SUPPORTERS BAND,96,LW:RE,26,3,2000-08-13,2000,2000,8
18996,VELATION,ELECTRIQUE BOUTIQUE,37,LW:RE,37,2,2000-08-20,2000,2000,8
19671,IF I TOLD YOU THAT,WHITNEY HOUSTON/GEORGE MICHAEL,62,LW:RE,9,10,2000-08-20,2000,2000,8
19823,WHY DIDN'T YOU CALL ME,MACY GRAY,74,LW:RE,38,3,2000-08-20,2000,2000,8
19691,PORCELAIN,MOBY,76,LW:RE,5,7,2000-08-20,2000,2000,8
19645,FORGOT ABOUT D,DR DRE FT EMINEM,79,LW:RE,7,10,2000-08-20,2000,2000,8
19488,THONG SONG,SISQO,83,LW:RE,3,15,2000-08-20,2000,2000,8
19644,THE YOU GO,PINK,86,LW:RE,6,10,2000-08-20,2000,2000,8
19693,CALL ME,JAMELIA,88,LW:RE,11,6,2000-08-20,2000,2000,8
17638,STORM,STORM,94,LW:RE,32,7,2000-08-20,2000,2000,8
19548,HEART OF ASIA,WATERGATE,96,LW:RE,3,13,2000-08-20,2000,2000,8
19737,SANDWICHES,DETROIT GRAND PU BAHS,99,LW:RE,29,6,2000-08-20,2000,2000,8
19506,WHO FEELS LOVE?,OASIS,100,LW:RE,4,9,2000-08-20,2000,2000,8
19785,PEAKIN',BLEACHIN',70,LW:RE,32,5,2000-08-27,2000,2000,8
19783,NO ORDINARY MORNING/HALCYON,CHICANE,76,LW:RE,28,4,2000-08-27,2000,2000,8
19692,THE ONE,BACKSTREET BOYS,80,LW:RE,8,8,2000-08-27,2000,2000,8
19642,ON THE BEACH,YORK,84,LW:RE,4,11,2000-08-27,2000,2000,8
19806,COME AND GET ME,CLEOPATRA,85,LW:RE,29,4,2000-08-27,2000,2000,8
19735,WHAT'S MY AGE AGAIN,BLINK 182,88,LW:RE,17,7,2000-08-27,2000,2000,8
19718,GHETTO ROMANCE,DAMAGE,89,LW:RE,7,8,2000-08-27,2000,2000,8
1845,THE POWER OF LOVE,FRANKIE GOES TO HOLLYWOOD,90,LW:RE,1,32,2000-08-27,2000,2000,8
19667,MAMA WHO DA MAN,RICHARD BLACKWOOD,91,LW:RE,3,8,2000-08-27,2000,2000,8
19669,WHEN A WOMAN,GABRIELLE,95,LW:RE,6,9,2000-08-27,2000,2000,8
19736,CAN'T GET YOU OUT OF MY THOUGHTS,DUM DUMS,98,LW:RE,18,6,2000-08-27,2000,2000,8
1428,TWO TRIBES,FRANKIE GOES TO HOLLYWOOD,17,LW:RE,1,31,2000-09-03,2000,2000,9
19755,SUNDAY MORNING CALL,OASIS,79,LW:RE,4,7,2000-09-03,2000,2000,9
19821,WHEN THE WORLD IS RUNNING DOWN,DIFFERENT GEAR VS THE POLICE,83,LW:RE,28,4,2000-09-03,2000,2000,9
19822,ROME WASN'T BUILT IN A DAY,MORCHEEBA,93,LW:RE,34,4,2000-09-03,2000,2000,9
19763,IT'S GONNA BE MY WAY,PRECIOUS,95,LW:RE,27,4,2000-09-03,2000,2000,9
19689,UNCLE JOHN FROM JAMAICA,VENGABOYS,100,LW:RE,6,9,2000-09-03,2000,2000,9
19941,BULLET IN THE GUN 2000,PLANET PERFECTO,7,LW:RE,7,9,2000-09-10,2000,2000,9
19894,DEAR JESSIE,ROLLERGIRL,22,LW:RE,22,2,2000-09-10,2000,2000,9
19838,CALL IT FATE,RICHIE DAN,82,LW:RE,34,4,2000-09-10,2000,2000,9
19734,GOOD THING GOING,SID OWEN,86,LW:RE,14,6,2000-09-10,2000,2000,9
16180,A THOUSAND TES,STEREOPHONICS,87,LW:RE,22,4,2000-09-10,2000,2000,9
19806,COME AND GET ME,CLEOPATRA,94,LW:RE,29,5,2000-09-10,2000,2000,9
19645,FORGOT ABOUT D,DR DRE FT EMINEM,98,LW:RE,7,12,2000-09-10,2000,2000,9
16760,THE BARTENDER AND THE THIEF,STEREOPHONICS,100,LW:RE,3,14,2000-09-10,2000,2000,9
19804,SING-A-LONG,SHANKS & BIGFOOT,52,LW:RE,12,8,2000-09-17,2000,2000,9
19823,WHY DIDN'T YOU CALL ME,MACY GRAY,80,LW:RE,38,5,2000-09-17,2000,2000,9
17522,CAFE DEL MAR '98,ENERGY 52,81,LW:RE,12,13,2000-09-17,2000,2000,9
19820,PU PLEASU SEEKER,MOLOKO,83,LW:RE,21,6,2000-09-17,2000,2000,9
19732,SUMMER OF LOVE,LONYO,87,LW:RE,8,8,2000-09-17,2000,2000,9
19346,ROACHES,TRANCESETTERS,90,LW:RE,55,3,2000-09-17,2000,2000,9
18896,GAMEMASTER,LOST TRIBE,93,LW:RE,24,4,2000-09-17,2000,2000,9
18366,MOVIN' THRU YOUR SYSTEM,JARK PRONGO,96,LW:RE,58,3,2000-09-17,2000,2000,9
18468,INVISIBLE,TILT,98,LW:RE,20,3,2000-09-17,2000,2000,9
19782,SSSST (LISTEN),JONAH,99,LW:RE,25,5,2000-09-17,2000,2000,9
19655,SACD CYCLES,PETER LAZONBY,100,LW:RE,49,3,2000-09-17,2000,2000,9
14083,STET SPIRIT (FADE OUT),RADIOHEAD,81,LW:RE,5,5,2000-09-24,2000,2000,9
19882,LANDSLIDE,SPIN CITY,85,LW:RE,30,4,2000-09-24,2000,2000,9
19779,I NEED YOUR LOVIN' (LIKE THE SUNSHINE),MARC ET CLAUDE,86,LW:RE,12,8,2000-09-24,2000,2000,9
19884,EVERYTHING YOU WANT,VERTICAL HORIZON,87,LW:RE,42,3,2000-09-24,2000,2000,9
19475,AMAZED,LONESTAR,92,LW:RE,21,23,2000-09-24,2000,2000,9
19760,I THINK I'M IN LOVE WITH YOU,JESSICA SIMPSON,95,LW:RE,15,8,2000-09-24,2000,2000,9
13139,FAKE PLASTIC TES,RADIOHEAD,96,LW:RE,20,5,2000-09-24,2000,2000,9
19781,I TURN TO YOU,CHRISTINA AGUILERA,97,LW:RE,19,7,2000-09-24,2000,2000,9
16240,KARMA POLICE,RADIOHEAD,99,LW:RE,8,9,2000-09-24,2000,2000,9
19757,WOMAN TROUBLE,ARTFUL DODGER/R CRAIG/C DAVID,82,LW:RE,6,11,2000-10-01,2000,2000,10
19836,SET THE CORD STRAIGHT,REEF,88,LW:RE,19,6,2000-10-01,2000,2000,10
19880,MAKE IT RIGHT,CHRISTIAN FALK,94,LW:RE,22,4,2000-10-01,2000,2000,10
19923,COOCHY COO,EN-CORE/ESKA/STEPHEN EMMANUEL,98,LW:RE,32,3,2000-10-01,2000,2000,10
19818,YOU,POINT BREAK,99,LW:RE,14,6,2000-10-01,2000,2000,10
19778,TRY AGAIN,AALIYAH,76,LW:RE,5,12,2000-10-08,2000,2000,10
17270,SINCE,MJ COLE,90,LW:RE,13,6,2000-10-08,2000,2000,10
19834,I CAN ONLY DISAPPOINT U,MANSUN,92,LW:RE,8,7,2000-10-08,2000,2000,10
19804,SING-A-LONG,SHANKS & BIGFOOT,94,LW:RE,12,10,2000-10-08,2000,2000,10
18086,THE LAUNCH,DJ JEAN,95,LW:RE,2,19,2000-10-08,2000,2000,10
19716,SPINNING AROUND,KYLIE MINOGUE,98,LW:RE,1,12,2000-10-08,2000,2000,10
19731,YELLOW,COLDPLAY,100,LW:RE,4,12,2000-10-08,2000,2000,10
19948,I WANT CANDY,AARON CARTER,80,LW:RE,31,4,2000-10-15,2000,2000,10
19756,WHEN I SAID GOODBYE/SUMMER OF LOVE,STEPS,81,LW:RE,5,13,2000-10-15,2000,2000,10
19515,IMAGINE,SHOLA AMA,82,LW:RE,24,5,2000-10-15,2000,2000,10
19758,WILL I EVER,ALICE DEEJAY,89,LW:RE,7,11,2000-10-15,2000,2000,10
19901,JUST HOLD ON,TOPLOADER,92,LW:RE,20,5,2000-10-15,2000,2000,10
19717,BABYLON,DAVID GRAY,98,LW:RE,5,13,2000-10-15,2000,2000,10
19016,WHY DOES MY HEART FEEL SO BAD,MOBY,17,LW:RE,16,5,2000-10-22,2000,2000,10
20028,SMILE,LONESTAR,78,LW:RE,55,3,2000-10-22,2000,2000,10
19800,WE WILL ROCK YOU,FIVE & QUEEN,79,LW:RE,1,13,2000-10-22,2000,2000,10
19802,JUMPIN' JUMPIN',DESTINY'S CHILD,81,LW:RE,5,12,2000-10-22,2000,2000,10
17450,MASQUERADE,GERIDEAU,82,LW:RE,63,2,2000-10-22,2000,2000,10
19753,BATHLESS,CORRS,83,LW:RE,1,14,2000-10-22,2000,2000,10
19897,SCHOOL'S OUT,DAPHNE & CELESTE,84,LW:RE,12,6,2000-10-22,2000,2000,10
19920,GIRLS JUST WANNA HAVE FUN,LOLLY,90,LW:RE,14,7,2000-10-22,2000,2000,10
19899,THE BALLAD OF CHASEY LAIN,BLOODHOUND GANG,92,LW:RE,15,7,2000-10-22,2000,2000,10
19685,SANDSTORM,DARUDE,95,LW:RE,3,17,2000-10-22,2000,2000,10
19801,2 FACED,LOUISE,98,LW:RE,3,9,2000-10-22,2000,2000,10
19944,UNFORGIVABLE SINNER,LENE MARLIN,87,LW:RE,13,7,2000-10-29,2000,2000,10
19948,I WANT CANDY,AARON CARTER,95,LW:RE,31,5,2000-10-29,2000,2000,10
20024,FOLLOW YOU FOLLOW ME,SONNY JONES FT TARA CHASE,77,LW:RE,42,3,2000-11-05,2000,2000,11
20019,CLOSER THAN MOST,BEAUTIFUL SOUTH,79,LW:RE,22,5,2000-11-05,2000,2000,11
19918,SAY IT ISN'T SO,BON JOVI,83,LW:RE,10,7,2000-11-05,2000,2000,11
20054,CRAZY,TOMCAT,91,LW:RE,48,3,2000-11-05,2000,2000,11
19879,I CAN HEAR VOICES/CANED AND UNABLE,HI-GATE,98,LW:RE,12,6,2000-11-05,2000,2000,11
19815,7 DAYS,CRAIG DAVID,74,LW:RE,1,15,2000-11-12,2000,2000,11
19942,IT'S GONNA BE ME,NSYNC,81,LW:RE,9,9,2000-11-12,2000,2000,11
19777,LIFE IS A ROLLERCOASTER,RONAN KEATING,84,LW:RE,1,15,2000-11-12,2000,2000,11
19813,TIME TO BURN,STORM,96,LW:RE,3,13,2000-11-12,2000,2000,11
19969,C'MON PEOPLE (WE' MAKING IT NOW),RICHARD ASHCROFT,100,LW:RE,21,4,2000-11-12,2000,2000,11
19337,DANCING IN THE MOONLIGHT,TOPLOADER,11,LW:RE,11,8,2000-11-19,2000,2000,11
20203,LOVIN',CRW,49,LW:RE,49,2,2000-11-19,2000,2000,11
20098,NOT EVEN GONNA TRIP,HONEYZ,68,LW:RE,24,4,2000-11-19,2000,2000,11
19852,I TURN TO YOU,MELANIE C,78,LW:RE,1,13,2000-11-19,2000,2000,11
19940,IT DOESN'T MATTER,WYCLEF JEAN,85,LW:RE,3,9,2000-11-19,2000,2000,11
19917,BIG BROTHER UK TV THEME,ELEMENT FOUR,87,LW:RE,4,10,2000-11-19,2000,2000,11
19941,BULLET IN THE GUN 2000,PLANET PERFECTO,88,LW:RE,7,15,2000-11-19,2000,2000,11
20028,SMILE,LONESTAR,89,LW:RE,55,6,2000-11-19,2000,2000,11
19816,FESTYLER,BOMFUNK MC'S,90,LW:RE,2,13,2000-11-19,2000,2000,11
20018,SLAVE TO THE WAGE,PLACEBO,93,LW:RE,19,4,2000-11-19,2000,2000,11
19731,YELLOW,COLDPLAY,95,LW:RE,4,14,2000-11-19,2000,2000,11
9325,TATY,YOTHU YINDI,96,LW:RE,72,2,2000-11-19,2000,2000,11
19916,TAKE ON ME,A1,69,LW:RE,1,11,2000-11-26,2000,2000,11
20049,COFFEE,SUPERSISTER,98,LW:RE,16,6,2000-11-26,2000,2000,11
19515,IMAGINE,SHOLA AMA,99,LW:RE,24,6,2000-11-26,2000,2000,11
20126,GETTIN' IN THE WAY,JILL SCOTT,81,LW:RE,30,4,2000-12-03,2000,2000,12
19963,ON A NIGHT LIKE THIS,KYLIE MINOGUE,86,LW:RE,2,8,2000-12-03,2000,2000,12
19989,SOMETHING DEEP INSIDE,BILLIE PIPER,87,LW:RE,4,9,2000-12-03,2000,2000,12
19731,YELLOW,COLDPLAY,91,LW:RE,4,15,2000-12-03,2000,2000,12
19754,TAKE A LOOK AROUND (THEME FROM MI 2),LIMP BIZKIT,95,LW:RE,3,14,2000-12-03,2000,2000,12
20028,SMILE,LONESTAR,97,LW:RE,55,7,2000-12-03,2000,2000,12
20047,I BELIEVE,STEPHEN GATELY,98,LW:RE,11,5,2000-12-03,2000,2000,12
19874,INCOMPLETE,SISQO,13,LW:RE,13,3,2000-12-10,2000,2000,12
19170,MY FEELING,JUNIOR JACK,31,LW:RE,31,2,2000-12-10,2000,2000,12
17961,IT FEELS SO GOOD,SONIQUE,94,LW:RE,1,18,2000-12-10,2000,2000,12
20159,SUNDIAL,SCARLET DIVISION,99,LW:RE,78,2,2000-12-10,2000,2000,12
20050,CHEEKAH BOW BOW (THAT COMPUTER SONG),VENGABOYS,100,LW:RE,19,6,2000-12-10,2000,2000,12
19153,PLEASE FORGIVE ME,DAVID GRAY,92,LW:RE,18,7,2000-12-17,2000,2000,12
19813,TIME TO BURN,STORM,96,LW:RE,3,15,2000-12-17,2000,2000,12
19754,TAKE A LOOK AROUND (THEME FROM MI 2),LIMP BIZKIT,99,LW:RE,3,15,2000-12-17,2000,2000,12
19877,OUT OF YOUR MIND,TRUE STEPPERS/BOWERS/BECKHAM,79,LW:RE,2,17,2000-12-24,2000,2000,12
20044,IN DEMAND,TEXAS,82,LW:RE,6,9,2000-12-24,2000,2000,12
19987,AGAINST ALL ODDS,MARIAH CAREY FT WESTLIFE,84,LW:RE,1,12,2000-12-24,2000,2000,12
19685,SANDSTORM,DARUDE,86,LW:RE,3,19,2000-12-24,2000,2000,12
20148,IRSISTIBLE,CORRS,91,LW:RE,20,6,2000-12-24,2000,2000,12
19916,TAKE ON ME,A1,94,LW:RE,1,14,2000-12-24,2000,2000,12
20198,DON'T MESS WITH MY MAN,LUCY PEARL,95,LW:RE,20,5,2000-12-24,2000,2000,12
19645,FORGOT ABOUT D,DR DRE FT EMINEM,97,LW:RE,7,13,2000-12-24,2000,2000,12
20201,INTRO,ALAN BRAXE & FRED FALKE,99,LW:RE,35,4,2000-12-24,2000,2000,12
19964,NATURAL,S CLUB 7,73,LW:RE,3,14,2000-12-31,2001,2000,12
20098,NOT EVEN GONNA TRIP,HONEYZ,81,LW:RE,24,7,2000-12-31,2001,2000,12
20096,MUSIC IS MY RADAR,BLUR,82,LW:RE,10,9,2000-12-31,2001,2000,12
20014,TELL ME,MELANIE B,84,LW:RE,4,8,2000-12-31,2001,2000,12
19016,WHY DOES MY HEART FEEL SO BAD,MOBY,92,LW:RE,16,10,2000-12-31,2001,2000,12
19967,ABSOLUTELY EVERYBODY,VANESSA AMOROSI,95,LW:RE,7,11,2000-12-31,2001,2000,12
20257,BANGKOK,LADY BOY,97,LW:RE,97,2,2000-12-31,2001,2000,12
20073,THE LONELY ONE,ALICE DEEJAY,99,LW:RE,16,6,2000-12-31,2001,2000,12
20050,CHEEKAH BOW BOW (THAT COMPUTER SONG),VENGABOYS,100,LW:RE,19,7,2000-12-31,2001,2000,12
19989,SOMETHING DEEP INSIDE,BILLIE PIPER,67,LW:RE,4,13,2001-01-07,2001,2000,1
19963,ON A NIGHT LIKE THIS,KYLIE MINOGUE,75,LW:RE,2,11,2001-01-07,2001,2000,1
19815,7 DAYS,CRAIG DAVID,84,LW:RE,1,17,2001-01-07,2001,2000,1
20071,WHO THE HELL A YOU,MADISON AVENUE,88,LW:RE,10,6,2001-01-07,2001,2000,1
19918,SAY IT ISN'T SO,BON JOVI,90,LW:RE,10,11,2001-01-07,2001,2000,1
19991,UNLEASH THE DRAGON,SISQO,92,LW:RE,6,8,2001-01-07,2001,2000,1
19852,I TURN TO YOU,MELANIE C,93,LW:RE,1,15,2001-01-07,2001,2000,1
19777,LIFE IS A ROLLERCOASTER,RONAN KEATING,95,LW:RE,1,22,2001-01-07,2001,2000,1
19917,BIG BROTHER UK TV THEME,ELEMENT FOUR,96,LW:RE,4,13,2001-01-07,2001,2000,1
20047,I BELIEVE,STEPHEN GATELY,97,LW:RE,11,7,2001-01-07,2001,2000,1
20179,I SINGS,MARY MARY,98,LW:RE,32,3,2001-01-07,2001,2000,1
19942,IT'S GONNA BE ME,NSYNC,99,LW:RE,9,12,2001-01-07,2001,2000,1
20015,AIN'T NO STOPPIN US,DJ LUCK & MC NEAT FT JJ,100,LW:RE,8,7,2001-01-07,2001,2000,1
20196,HOLD ME,SAVAGE GARDEN,74,LW:RE,16,6,2001-01-14,2001,2000,1
19744,UNBELIEVABLE,LISA LASHES,76,LW:RE,63,3,2001-01-14,2001,2000,1
20122,SHOULD I STAY,GABRIELLE,90,LW:RE,13,8,2001-01-14,2001,2000,1
20301,WE WILL SURVIVE,WARP BROTHERS,94,LW:RE,89,4,2001-01-14,2001,2000,1
20040,PUSHING TOO HARD,SAINTS & SINNERS,99,LW:RE,90,2,2001-01-14,2001,2000,1
20144,COME ON OVER BABY (ALL I WANT IS YOU),CHRISTINA AGUILERA,76,LW:RE,8,10,2001-01-21,2001,2000,1
20242,CHARLIE'S ANGELS 2000,APOLLO FOUR FORTY,89,LW:RE,29,7,2001-01-21,2001,2000,1
20221,WHAT ABOUT US,POINT BREAK,94,LW:RE,24,4,2001-01-21,2001,2000,1
19815,7 DAYS,CRAIG DAVID,96,LW:RE,1,18,2001-01-21,2001,2000,1
20171,ORIGINAL PRANKSTER,OFFSPRING,98,LW:RE,6,9,2001-01-21,2001,2000,1
19917,BIG BROTHER UK TV THEME,ELEMENT FOUR,100,LW:RE,4,14,2001-01-21,2001,2000,1
20013,BODY GROOVE,ARCHITECHS FT NANA,90,LW:RE,3,15,2001-01-28,2001,2000,1
20094,BODY II BODY,SAMANTHA MUMBA,97,LW:RE,5,13,2001-01-28,2001,2000,1
20093,STOMP,STEPS,100,LW:RE,1,12,2001-01-28,2001,2000,1
19350,SNOW,JJ72,21,LW:RE,21,2,2001-02-04,2001,2000,2
19663,THE CRYSTAL LAKE,GRANDADDY,38,LW:RE,38,2,2001-02-04,2001,2000,2
20282,AT THIS TIME OF YEAR,CRAIG,56,LW:RE,14,6,2001-02-04,2001,2000,2
20070,KIDS,ROBBIE WILLIAMS/KYLIE MINOGUE,73,LW:RE,2,16,2001-02-04,2001,2000,2
20287,GIRL YOU KNOW IT'S TRUE,KEITH 'N' SHANE,76,LW:RE,36,4,2001-02-04,2001,2000,2
20307,HEARTBAK HOTEL,WHITNEY HOUSTON/EVANS/PRICE,79,LW:RE,25,6,2001-02-04,2001,2000,2
20241,IF THAT WE ME,MELANIE C,81,LW:RE,18,9,2001-02-04,2001,2000,2
20238,PHATT BASS,WARP BROTHERS VS AQUAGEN,82,LW:RE,9,9,2001-02-04,2001,2000,2
20168,FEEL THE BEAT,DARUDE,86,LW:RE,5,13,2001-02-04,2001,2000,2
20308,ROBOT WARS (ANDROID LOVE),SIR KILLALOT VS ROBO BABE,87,LW:RE,51,4,2001-02-04,2001,2000,2
20169,SAME OLD BRAND NEW YOU,A1,88,LW:RE,1,11,2001-02-04,2001,2000,2
20170,SHAPE OF MY HEART,BACKSTREET BOYS,89,LW:RE,4,10,2001-02-04,2001,2000,2
20284,WALK OF LIFE,BILLIE PIPER,94,LW:RE,25,6,2001-02-04,2001,2000,2
19099,26 BASS/SNAPSHOT,RONI SIZE,95,LW:RE,80,3,2001-02-04,2001,2000,2
20217,UP ROCKING BEATS,BOMFUNK MC'S,97,LW:RE,11,10,2001-02-04,2001,2000,2
19685,SANDSTORM,DARUDE,83,LW:RE,3,21,2001-02-11,2001,2000,2
20069,BEAUTIFUL DAY,U2,86,LW:RE,1,17,2001-02-11,2001,2000,2
19845,INJECTED WITH A POISON,PRAGA KHAN,94,LW:RE,78,2,2001-02-11,2001,2000,2
20090,FEDOM,NICK SENTIENCE,96,LW:RE,87,2,2001-02-11,2001,2000,2
20206,HOOVERS & HORNS,FERGIE & BK,99,LW:RE,57,3,2001-02-11,2001,2000,2
19611,999,FRANCHINO,100,LW:RE,95,2,2001-02-11,2001,2000,2
20042,BLACK COFFEE,ALL SAINTS,71,LW:RE,1,17,2001-02-18,2001,2000,2
20094,BODY II BODY,SAMANTHA MUMBA,81,LW:RE,5,14,2001-02-18,2001,2000,2
20095,SUNSET (BIRD OF PY),FATBOY SLIM,85,LW:RE,9,17,2001-02-18,2001,2000,2
20287,GIRL YOU KNOW IT'S TRUE,KEITH 'N' SHANE,88,LW:RE,36,5,2001-02-18,2001,2000,2
20264,MORNING HAS BROKEN,DANIEL O'DONNELL,90,LW:RE,32,5,2001-02-18,2001,2000,2
20378,SHIT ON YOU,D12,94,LW:RE,92,2,2001-02-18,2001,2000,2
20013,BODY GROOVE,ARCHITECHS FT NANA,96,LW:RE,3,16,2001-02-18,2001,2000,2
20076,FOLLOW ME,ATOMIC KITTEN,97,LW:RE,20,6,2001-02-18,2001,2000,2
20319,WHE I'M HEADED,LENE MARLIN,98,LW:RE,31,3,2001-02-18,2001,2000,2
20044,IN DEMAND,TEXAS,99,LW:RE,6,13,2001-02-18,2001,2000,2
20242,CHARLIE'S ANGELS 2000,APOLLO FOUR FORTY,100,LW:RE,29,9,2001-02-18,2001,2000,2
20329,DEMONS,FATBOY SLIM FT MACY GRAY,87,LW:RE,16,6,2001-02-25,2001,2000,2
20193,ONE MO TIME,DAFT PUNK,88,LW:RE,2,13,2001-02-25,2001,2000,2
20260,STRONGER,BRITNEY SPEARS,89,LW:RE,7,11,2001-02-25,2001,2000,2
20347,ONE STEP CLOSER,LINKIN PARK,94,LW:RE,24,5,2001-02-25,2001,2000,2
20039,THE VISION,MARIO PIU PTS DJ ARABESQUE,16,LW:RE,16,2,2001-03-04,2001,2000,3
20069,BEAUTIFUL DAY,U2,76,LW:RE,1,19,2001-03-04,2001,2000,3
17363,I PUT A SPELL ON YOU,SONIQUE,93,LW:RE,8,11,2001-03-04,2001,2000,3
20307,HEARTBAK HOTEL,WHITNEY HOUSTON/EVANS/PRICE,94,LW:RE,25,8,2001-03-04,2001,2000,3
20095,SUNSET (BIRD OF PY),FATBOY SLIM,96,LW:RE,9,18,2001-03-04,2001,2000,3
20168,FEEL THE BEAT,DARUDE,98,LW:RE,5,14,2001-03-04,2001,2000,3
20342,ALL HOOKED UP,ALL SAINTS,59,LW:RE,7,7,2001-03-11,2001,2000,3
20305,NEW YEAR,SUGABABES,80,LW:RE,12,10,2001-03-11,2001,2000,3
20365,BLOOD IS PUMPIN',VOODOO & SERANO,88,LW:RE,19,5,2001-03-11,2001,2000,3
20329,DEMONS,FATBOY SLIM FT MACY GRAY,94,LW:RE,16,7,2001-03-11,2001,2000,3
20239,WASSUUP,DA MUTTZ,95,LW:RE,11,11,2001-03-11,2001,2000,3
20237,DON'T TELL ME,MADONNA,97,LW:RE,4,11,2001-03-11,2001,2000,3
20286,DON'T STOP THE MUSIC,LIONEL RICHIE,100,LW:RE,34,6,2001-03-11,2001,2000,3
20360,DAM TO ME,DARIO G,77,LW:RE,9,7,2001-03-18,2001,2000,3
20280,SUPME,ROBBIE WILLIAMS,81,LW:RE,4,12,2001-03-18,2001,2000,3
20385,SHINING LIGHT,ASH,88,LW:RE,8,5,2001-03-18,2001,2000,3
20304,NO GOOD 4 ME,OXIDE & NEUTRINO FT MEGAMAN,91,LW:RE,6,9,2001-03-18,2001,2000,3
20215,OPERATION BLADE (BASS IN THE PLACE),PUBLIC DOMAIN,93,LW:RE,5,15,2001-03-18,2001,2000,3
20260,STRONGER,BRITNEY SPEARS,95,LW:RE,7,12,2001-03-18,2001,2000,3
16666,MY DESI,AMIRA,99,LW:RE,20,5,2001-03-18,2001,2000,3
20361,NOT THAT KIND,ANASTACIA,62,LW:RE,11,8,2001-03-25,2001,2000,3
20384,CHASE THE SUN,PLANET FUNK,63,LW:RE,5,7,2001-03-25,2001,2000,3
20413,OVER THE RAINBOW,EVA CASSIDY,85,LW:RE,85,3,2001-03-25,2001,2000,3
20444,PLAYA NO MO',LINA,91,LW:RE,46,3,2001-03-25,2001,2000,3
20263,7 COLOURS,LOST WITNESS,95,LW:RE,28,4,2001-03-25,2001,2000,3
20324,INNER SMILE,TEXAS,98,LW:RE,6,9,2001-03-25,2001,2000,3
20365,BLOOD IS PUMPIN',VOODOO & SERANO,99,LW:RE,19,6,2001-03-25,2001,2000,3
19985,FLY AWAY,VINCENT DE MOOR,30,LW:RE,30,2,2001-04-01,2001,2000,4
20421,CAN'T KEEP ME SILENT,ANGELIC,77,LW:RE,12,6,2001-04-01,2001,2000,4
20363,YOU ALL DAT,BAHA MEN,82,LW:RE,14,6,2001-04-01,2001,2000,4
20048,WHO LET THE DOGS OUT,BAHA MEN,84,LW:RE,2,24,2001-04-01,2001,2000,4
20364,BOYS,BON,100,LW:RE,15,6,2001-04-01,2001,2000,4
20578,SUSPICIOUS MINDS,ELVIS PRESLEY,15,LW:RE,2,15,2001-04-08,2001,2000,4
20322,LOVE DON'T COST A THING,JENNIFER LOPEZ,76,LW:RE,1,11,2001-04-08,2001,2000,4
20459,FOUND THAT SOUL,MANIC STREET PREACHERS,77,LW:RE,9,4,2001-04-08,2001,2000,4
20039,THE VISION,MARIO PIU PTS DJ ARABESQUE,80,LW:RE,16,6,2001-04-08,2001,2000,4
20461,HE DON'T LOVE YOU,HUMAN NATURE,87,LW:RE,18,5,2001-04-08,2001,2000,4
20463,LOVE WHAT YOU DO,DIVINE COMEDY,92,LW:RE,26,3,2001-04-08,2001,2000,4
20385,SHINING LIGHT,ASH,94,LW:RE,8,7,2001-04-08,2001,2000,4
20360,DAM TO ME,DARIO G,98,LW:RE,9,9,2001-04-08,2001,2000,4
20258,STAN,EMINEM,74,LW:RE,1,17,2001-04-15,2001,2000,4
20236,NEVER HAD A DAM COME TRUE,S CLUB 7,81,LW:RE,1,17,2001-04-15,2001,2000,4
20357,THE NEXT EPISODE,DR DRE FT SNOOP DOGG,83,LW:RE,3,11,2001-04-15,2001,2000,4
20303,WHAT MAKES A MAN,WESTLIFE,84,LW:RE,2,14,2001-04-15,2001,2000,4
20401,FEVER,STARSAILOR,93,LW:RE,18,4,2001-04-15,2001,2000,4
20118,HOLLER/LET LOVE LEAD THE WAY,SPICE GIRLS,96,LW:RE,1,19,2001-04-15,2001,2000,4
20421,CAN'T KEEP ME SILENT,ANGELIC,98,LW:RE,12,7,2001-04-15,2001,2000,4
20132,DAS GLOCKENSPIEL,SCHILLER,17,LW:RE,17,3,2001-04-22,2001,2000,4
20359,ON THE RADIO,MARTINE MCCUTCHEON,97,LW:RE,7,9,2001-04-22,2001,2000,4
20418,THE CALL,BACKSTREET BOYS,100,LW:RE,8,6,2001-04-22,2001,2000,4
20536,THE BEST THING,SAVAGE GARDEN,74,LW:RE,35,3,2001-04-29,2001,2000,4
20502,PLUG IN BABY,MUSE,77,LW:RE,11,6,2001-04-29,2001,2000,4
20503,GIRLS DEM SUGAR,BEENIE MAN FT MYA,83,LW:RE,13,6,2001-04-29,2001,2000,4
20534,WACK ASS M.F.,RHYTHMKILLAZ,88,LW:RE,32,3,2001-04-29,2001,2000,4
20419,DANCE WITH ME,DEBELAH MORGAN,92,LW:RE,10,10,2001-04-29,2001,2000,4
20383,STUCK IN A MOMENT YOU CAN'T GET OUT OF,U2,94,LW:RE,2,9,2001-04-29,2001,2000,4
20556,GONNA WORK IT OUT,HI-GATE,95,LW:RE,25,4,2001-04-29,2001,2000,4
20531,WANT YOU BAD,OFFSPRING,78,LW:RE,15,6,2001-05-06,2001,2000,5
683,IT'S RAINING MEN,WEATHER GIRLS,81,LW:RE,73,6,2001-05-06,2001,2000,5
20458,SO WHY SO SAD,MANIC STREET PREACHERS,83,LW:RE,8,9,2001-05-06,2001,2000,5
20398,LAST SORT,PAPA ROACH,84,LW:RE,3,12,2001-05-06,2001,2000,5
20435,SHUT UP AND FORGET ABOUT IT,DANE,88,LW:RE,9,6,2001-05-06,2001,2000,5
18854,BACK HE,BBMAK,97,LW:RE,5,11,2001-05-06,2001,2000,5
20577,SEVEN DAYS IN THE SUN,FEEDER,66,LW:RE,14,5,2001-05-13,2001,2000,5
20528,STILL BE LOVIN' YOU,DAMAGE,74,LW:RE,11,7,2001-05-13,2001,2000,5
20530,I NEED YOU,LEANN RIMES,75,LW:RE,13,7,2001-05-13,2001,2000,5
20505,I CAN'T DENY IT,ROD STEWART,89,LW:RE,26,3,2001-05-13,2001,2000,5
20459,FOUND THAT SOUL,MANIC STREET PREACHERS,92,LW:RE,9,6,2001-05-13,2001,2000,5
20461,HE DON'T LOVE YOU,HUMAN NATURE,96,LW:RE,18,7,2001-05-13,2001,2000,5
20118,HOLLER/LET LOVE LEAD THE WAY,SPICE GIRLS,97,LW:RE,1,21,2001-05-13,2001,2000,5
20193,ONE MO TIME,DAFT PUNK,98,LW:RE,2,22,2001-05-13,2001,2000,5
20381,CASE OF THE EX,MYA,99,LW:RE,3,14,2001-05-13,2001,2000,5
19896,MUSIC,MADONNA,100,LW:RE,1,24,2001-05-13,2001,2000,5
20529,BEST FRIENDS FOVER,TWEENIES,64,LW:RE,12,8,2001-05-20,2001,2000,5
20501,I WANNA BE U,CHOCOLATE PUMA,76,LW:RE,6,9,2001-05-20,2001,2000,5
20550,STRAIGHT UP,CHANTE MOORE,81,LW:RE,11,7,2001-05-20,2001,2000,5
20259,CAN WE FIX IT,BOB THE BUILDER,82,LW:RE,1,22,2001-05-20,2001,2000,5
20600,ONLY FOR A WHILE,TOPLOADER,83,LW:RE,19,5,2001-05-20,2001,2000,5
11395,LOVE AND HAPPINESS,RIVER OCEAN,84,LW:RE,50,4,2001-05-20,2001,2000,5
20482,JADED,AEROSMITH,88,LW:RE,13,9,2001-05-20,2001,2000,5
20579,HAPPINESS,SOUND DE-ZIGN,90,LW:RE,19,6,2001-05-20,2001,2000,5
20553,THIS IS WHE I CAME IN,BEE GEES,92,LW:RE,18,6,2001-05-20,2001,2000,5
20480,THINK ABOUT ME,ARTFUL DODGER FT M ESCOFFERY,98,LW:RE,11,10,2001-05-20,2001,2000,5
20416,AMERICAN DAM,JAKATTA,73,LW:RE,3,14,2001-05-27,2001,2000,5
20502,PLUG IN BABY,MUSE,89,LW:RE,11,9,2001-05-27,2001,2000,5
20555,SHOW ME THE MONEY,ARCHITECHS,93,LW:RE,20,5,2001-05-27,2001,2000,5
101,ELECTRIC AVENUE,EDDY GRANT,5,LW:RE,2,10,2001-06-03,2001,2000,6
20236,NEVER HAD A DAM COME TRUE,S CLUB 7,82,LW:RE,1,21,2001-06-03,2001,2000,6
20758,WEE ANDY WEBBER'S SCOTTISH MEDLEY,DEAN PARK,87,LW:RE,79,4,2001-06-03,2001,2000,6
20530,I NEED YOU,LEANN RIMES,89,LW:RE,13,9,2001-06-03,2001,2000,6
20373,MS JACKSON,OUTKAST,93,LW:RE,2,11,2001-06-03,2001,2000,6
20631,DAM ON,DEPECHE MODE,95,LW:RE,6,5,2001-06-03,2001,2000,6
20765,ANOTHER DAY IN PARADISE,BRANDY & RAY J,5,LW:RE,5,2,2001-06-10,2001,2000,6
20551,DON'T LET ME BE THE LAST TO KNOW,BRITNEY SPEARS,89,LW:RE,12,9,2001-06-10,2001,2000,6
20433,FEELS SO GOOD,MELANIE B,90,LW:RE,5,9,2001-06-10,2001,2000,6
20552,SINCE I LEFT YOU,AVALANCHES,95,LW:RE,16,9,2001-06-10,2001,2000,6
20577,SEVEN DAYS IN THE SUN,FEEDER,100,LW:RE,14,8,2001-06-10,2001,2000,6
20657,STAY,STEPHEN GATELY,78,LW:RE,13,6,2001-06-17,2001,2000,6
20633,GOOD SOULS,STARSAILOR,83,LW:RE,12,7,2001-06-17,2001,2000,6
20658,WHITE BOY WITH A FEATHER,JASON DOWNS FT MILK,86,LW:RE,19,6,2001-06-17,2001,2000,6
20611,SNOOP DOGG,SNOOP DOGG,90,LW:RE,13,6,2001-06-17,2001,2000,6
20663,NO DAM IMPOSSIBLE,LINDSAY,97,LW:RE,32,5,2001-06-17,2001,2000,6
20575,CHILLIN',MODJO,84,LW:RE,12,10,2001-06-24,2001,2000,6
20393,MODERN AGE,STROKES,86,LW:RE,78,2,2001-06-24,2001,2000,6
20373,MS JACKSON,OUTKAST,88,LW:RE,2,12,2001-06-24,2001,2000,6
20527,NDEZVOUS,CRAIG DAVID,93,LW:RE,8,13,2001-06-24,2001,2000,6
20236,NEVER HAD A DAM COME TRUE,S CLUB 7,97,LW:RE,1,23,2001-06-24,2001,2000,6
16035,BITS & PIECES,ARTEMESIA,100,LW:RE,51,3,2001-06-24,2001,2000,6
20723,NEW YEARS DUB,MUSIQUE VS U2,78,LW:RE,15,5,2001-07-01,2001,2000,7
20610,WHAT IT FEELS LIKE FOR A GIRL,MADONNA,79,LW:RE,7,10,2001-07-01,2001,2000,7
20699,STILL ON YOUR SIDE,BBMAK,87,LW:RE,8,5,2001-07-01,2001,2000,7
20595,LET LOVE BE YOUR ENERGY,ROBBIE WILLIAMS,93,LW:RE,10,10,2001-07-01,2001,2000,7
20744,NO FLOW,LISA ROXANNE,94,LW:RE,18,3,2001-07-01,2001,2000,7
20574,BOW WOW (THAT'S MY NAME),LIL BOW WOW,96,LW:RE,6,10,2001-07-01,2001,2000,7
20631,DAM ON,DEPECHE MODE,100,LW:RE,6,8,2001-07-01,2001,2000,7
20746,LAPDANCE,NERD FT LEE HARVEY & VITA,76,LW:RE,33,3,2001-07-08,2001,2000,7
20608,LIQUID DAMS,O-TOWN,84,LW:RE,3,11,2001-07-08,2001,2000,7
20596,RUN FOR COVER,SUGABABES,95,LW:RE,13,8,2001-07-08,2001,2000,7
19337,DANCING IN THE MOONLIGHT,TOPLOADER,96,LW:RE,7,33,2001-07-08,2001,2000,7
20382,WHOLE AGAIN,ATOMIC KITTEN,73,LW:RE,1,23,2001-07-15,2001,2000,7
19815,7 DAYS,CRAIG DAVID,89,LW:RE,1,19,2001-07-15,2001,2000,7
20416,AMERICAN DAM,JAKATTA,96,LW:RE,3,18,2001-07-15,2001,2000,7
20434,NO MO,A1,97,LW:RE,6,19,2001-07-15,2001,2000,7
20654,PLAY,JENNIFER LOPEZ,75,LW:RE,3,11,2001-07-22,2001,2000,7
20768,NEW BORN,MUSE,79,LW:RE,12,5,2001-07-22,2001,2000,7
20593,ALL FOR YOU,JANET JACKSON,80,LW:RE,3,12,2001-07-22,2001,2000,7
20413,OVER THE RAINBOW,EVA CASSIDY,81,LW:RE,42,18,2001-07-22,2001,2000,7
20770,OCEAN SPRAY,MANIC STREET PREACHERS,82,LW:RE,15,5,2001-07-22,2001,2000,7
20609,GET UR FAK ON,MISSY ELLIOTT,85,LW:RE,4,12,2001-07-22,2001,2000,7
20553,THIS IS WHE I CAME IN,BEE GEES,86,LW:RE,18,12,2001-07-22,2001,2000,7
20820,VIDEO,INDIA ARIE,88,LW:RE,32,4,2001-07-22,2001,2000,7
20680,ONE WILD NIGHT,BON JOVI,89,LW:RE,10,8,2001-07-22,2001,2000,7
20719,PYRAMID SONG,RADIOHEAD,90,LW:RE,5,7,2001-07-22,2001,2000,7
20457,I'M LIKE A BIRD,NELLY FURTADO,92,LW:RE,5,17,2001-07-22,2001,2000,7
20803,LET'S JUST CALL IT LOVE,LISA STANSFIELD,97,LW:RE,48,3,2001-07-22,2001,2000,7
20698,UP MIDDLE FINGER,OXIDE & NEUTRINO,98,LW:RE,7,9,2001-07-22,2001,2000,7
20724,COWBOYS & KISSES,ANASTACIA,99,LW:RE,28,7,2001-07-22,2001,2000,7
19917,BIG BROTHER UK TV THEME,ELEMENT FOUR,63,LW:RE,4,15,2001-07-29,2001,2000,7
20720,NO MO (BABY I'MA DO RIGHT),3LW,74,LW:RE,6,9,2001-07-29,2001,2000,7
20440,IT WASN'T ME,SHAGGY FT RIKROK,81,LW:RE,1,21,2001-07-29,2001,2000,7
20393,MODERN AGE,STROKES,71,LW:RE,68,6,2001-08-05,2001,2000,8
20839,MILLION MILES AWAY,OFFSPRING,81,LW:RE,21,5,2001-08-05,2001,2000,8
20606,SURVIVOR,DESTINY'S CHILD,83,LW:RE,1,14,2001-08-05,2001,2000,8
20607,LOVIN' EACH DAY,RONAN KEATING,88,LW:RE,2,15,2001-08-05,2001,2000,8
1857,WHO'S THAT GIRL,EVE,93,LW:RE,6,9,2001-08-05,2001,2000,8
20816,THIS TIME AROUND,PHATS & SMALL,94,LW:RE,15,6,2001-08-05,2001,2000,8
20236,NEVER HAD A DAM COME TRUE,S CLUB 7,95,LW:RE,1,24,2001-08-05,2001,2000,8
20573,WHAT TOOK YOU SO LONG,EMMA BUNTON,97,LW:RE,1,13,2001-08-05,2001,2000,8
20555,SHOW ME THE MONEY,ARCHITECHS,65,LW:RE,20,8,2001-08-12,2001,2000,8
20303,WHAT MAKES A MAN,WESTLIFE,96,LW:RE,2,16,2001-08-12,2001,2000,8
20553,THIS IS WHE I CAME IN,BEE GEES,100,LW:RE,18,13,2001-08-12,2001,2000,8
20837,BADDEST RUFFEST,BACKYARD DOG,69,LW:RE,15,6,2001-08-19,2001,2000,8
20858,SO WHAT IF I,DAMAGE,70,LW:RE,12,6,2001-08-19,2001,2000,8
101,ELECTRIC AVENUE,EDDY GRANT,71,LW:RE,2,20,2001-08-19,2001,2000,8
20861,ANOTHER LOVER,DANE BOWERS,79,LW:RE,20,5,2001-08-19,2001,2000,8
20860,PERFECT BLISS,BELLEFIRE,83,LW:RE,18,5,2001-08-19,2001,2000,8
20798,BEST FRIENDS,ALLSTARS,87,LW:RE,20,6,2001-08-19,2001,2000,8
17522,CAFE DEL MAR '98,ENERGY 52,88,LW:RE,12,14,2001-08-19,2001,2000,8
20771,NEVER ENOUGH,BORIS DLUGOSCH/ROISIN MURPHY,100,LW:RE,16,5,2001-08-19,2001,2000,8
20889,WE NEED A SOLUTION,AALIYAH FT TIMBALAND,65,LW:RE,20,5,2001-08-26,2001,2000,8
20887,JUXTAPOZED WITH U,SUPER FURRY ANIMALS,76,LW:RE,14,5,2001-08-26,2001,2000,8
20928,STONE BY STONE,CATATONIA,80,LW:RE,19,4,2001-08-26,2001,2000,8
20764,HE AND NOW/YOU'LL BE SORRY,STEPS,83,LW:RE,4,11,2001-08-26,2001,2000,8
20908,TU AMOR,KACI,86,LW:RE,24,4,2001-08-26,2001,2000,8
20767,CLOSE TO YOU,MARTI PELLOW,88,LW:RE,9,7,2001-08-26,2001,2000,8
20720,NO MO (BABY I'MA DO RIGHT),3LW,90,LW:RE,6,10,2001-08-26,2001,2000,8
20815,PAPERCUT,LINKIN PARK,92,LW:RE,14,7,2001-08-26,2001,2000,8
20801,I FORGOT,LIONEL RICHIE,94,LW:RE,34,3,2001-08-26,2001,2000,8
20796,DIGITAL LOVE,DAFT PUNK,97,LW:RE,14,9,2001-08-26,2001,2000,8
20863,TURN,FEEDER,98,LW:RE,27,3,2001-08-26,2001,2000,8
20679,YOU A ALIVE,FRAGMA,99,LW:RE,4,10,2001-08-26,2001,2000,8
20904,LOVERBOY,MARIAH CAREY,79,LW:RE,12,5,2001-09-02,2001,2000,9
20929,ALL THE WAY TO NO,REM,80,LW:RE,24,4,2001-09-02,2001,2000,9
20906,LOADED,RICKY MARTIN,86,LW:RE,19,5,2001-09-02,2001,2000,9
20857,IRSISTIBLE,JESSICA SIMPSON,87,LW:RE,11,7,2001-09-02,2001,2000,9
20793,HAVE A NICE DAY,STEREOPHONICS,90,LW:RE,5,10,2001-09-02,2001,2000,9
20440,IT WASN'T ME,SHAGGY FT RIKROK,92,LW:RE,1,25,2001-09-02,2001,2000,9
14060,LOST IN LOVE,LEGEND B,100,LW:RE,45,6,2001-09-02,2001,2000,9
20890,SOMETIMES,ASH,97,LW:RE,21,7,2001-09-09,2001,2000,9
20863,TURN,FEEDER,98,LW:RE,27,4,2001-09-09,2001,2000,9
20950,JUST IN CASE,JAHEIM,100,LW:RE,34,3,2001-09-09,2001,2000,9
21083,SET YOU FE,N TRANCE,4,LW:RE,2,16,2001-09-16,2001,2000,9
20991,MADE FOR LOVIN' YOU,ANASTACIA,78,LW:RE,27,4,2001-09-16,2001,2000,9
5817,I DON'T WANT A LOVER,TEXAS,94,LW:RE,16,5,2001-09-16,2001,2000,9
21025,GO BACK,EWOK,98,LW:RE,78,2,2001-09-16,2001,2000,9
20766,ROMEO,BASEMENT JAXX,99,LW:RE,6,11,2001-09-16,2001,2000,9
20968,PCIOUS HEART,TALL PAUL VS INXS,57,LW:RE,14,5,2001-09-23,2001,2000,9
20966,THE AL LIFE,RAVEN MAIZE,60,LW:RE,12,6,2001-09-23,2001,2000,9
20986,CRYSTAL,NEW ORDER,76,LW:RE,8,5,2001-09-23,2001,2000,9
20765,ANOTHER DAY IN PARADISE,BRANDY & RAY J,80,LW:RE,5,12,2001-09-23,2001,2000,9
20500,PU AND SIMPLE,HEARSAY,86,LW:RE,1,27,2001-09-23,2001,2000,9
21016,MISS CALIFORNIA,DANTE THOMAS FT PRAS,88,LW:RE,25,4,2001-09-23,2001,2000,9
20928,STONE BY STONE,CATATONIA,92,LW:RE,19,6,2001-09-23,2001,2000,9
20903,MEET HER AT THE LOVE PARADE 2001,DA HOOL,96,LW:RE,11,9,2001-09-23,2001,2000,9
20901,ELEVATION,U2,85,LW:RE,3,9,2001-09-30,2001,2000,9
21014,WONDER,EMBRACE,86,LW:RE,14,4,2001-09-30,2001,2000,9
21040,FLAVOR OF THE WEAK,AMERICAN HI-FI,76,LW:RE,31,4,2001-10-07,2001,2000,10
21034,LOVE IS THE KEY,CHARLATANS,88,LW:RE,16,4,2001-10-07,2001,2000,10
20968,PCIOUS HEART,TALL PAUL VS INXS,97,LW:RE,14,6,2001-10-07,2001,2000,10
21035,I'M ALL ABOUT YOU,DJ LUCK & MC NEAT FT ARI GOLD,71,LW:RE,18,5,2001-10-14,2001,2000,10
21119,MUHAMMAD ALI,FAITHLESS,77,LW:RE,29,3,2001-10-14,2001,2000,10
21036,PLAYAS GON' PLAY,3LW,78,LW:RE,21,4,2001-10-14,2001,2000,10
21089,LET ROBESON SING,MANIC STREET PREACHERS,81,LW:RE,19,3,2001-10-14,2001,2000,10
20535,JOY,MARK RYDER,87,LW:RE,34,3,2001-10-14,2001,2000,10
20970,I DON'T KNOW,HONEYZ,94,LW:RE,28,4,2001-10-14,2001,2000,10
20902,DANCE FOR ME,SISQO,96,LW:RE,6,11,2001-10-14,2001,2000,10
20998,VERDI,MAURO PICOTTO,97,LW:RE,74,3,2001-10-14,2001,2000,10
21061,STOP YOUR CRYING,SPIRITUALIZED,98,LW:RE,18,4,2001-10-14,2001,2000,10
20310,BAGUETTE/ULTIMAHORA IBIZA,MAURO PICOTTO,99,LW:RE,85,2,2001-10-14,2001,2000,10
21126,ATARI,SATOSHI TOMIIE FT CHARA,100,LW:RE,83,2,2001-10-14,2001,2000,10
21012,HIDE U,KOSHEEN,55,LW:RE,6,7,2001-10-21,2001,2000,10
20963,AIN'T IT FUNNY,JENNIFER LOPEZ,59,LW:RE,3,9,2001-10-21,2001,2000,10
20942,SCAM IF YOU WANNA GO FASTER,GERI HALLIWELL,69,LW:RE,8,10,2001-10-21,2001,2000,10
21059,OUT OF CONTROL (BACK FOR MO),DARUDE,77,LW:RE,13,5,2001-10-21,2001,2000,10
21085,IT BEGAN IN AFRIKA,CHEMICAL BROTHERS,80,LW:RE,8,5,2001-10-21,2001,2000,10
20856,HEAVEN IS A HALFPIPE,OPM,82,LW:RE,4,15,2001-10-21,2001,2000,10
20813,LADY MARMALADE,C AGUILERA/LIL' KIM/MYA/PINK,83,LW:RE,1,17,2001-10-21,2001,2000,10
21062,SWEET BABY,MACY GRAY FT ERYKAH BADU,85,LW:RE,23,5,2001-10-21,2001,2000,10
21013,HELP I'M A FISH,LITTLE TREES,88,LW:RE,11,8,2001-10-21,2001,2000,10
20925,ALL OR NOTHING,O-TOWN,91,LW:RE,4,11,2001-10-21,2001,2000,10
20847,PURPLE PILLS,D12,93,LW:RE,2,15,2001-10-21,2001,2000,10
20855,A LITTLE SPECT,WHEATUS,100,LW:RE,3,14,2001-10-21,2001,2000,10
21142,FIRST DATE,BLINK 182,74,LW:RE,31,4,2001-10-28,2001,2000,10
21140,ANDROGYNY,GARBAGE,78,LW:RE,24,3,2001-10-28,2001,2000,10
21114,FEAR,IAN BROWN,81,LW:RE,13,5,2001-10-28,2001,2000,10
21036,PLAYAS GON' PLAY,3LW,82,LW:RE,21,5,2001-10-28,2001,2000,10
20904,LOVERBOY,MARIAH CAREY,83,LW:RE,12,10,2001-10-28,2001,2000,10
19579,BATHE,FAITH HILL,91,LW:RE,36,3,2001-10-28,2001,2000,10
20965,ONE MINUTE MAN,MISSY ELLIOTT FT LUDACRIS,93,LW:RE,10,10,2001-10-28,2001,2000,10
20992,SHOPPING,SUPERSISTER,97,LW:RE,36,3,2001-10-28,2001,2000,10
20944,SOMEONE TO CALL MY LOVER,JANET JACKSON,99,LW:RE,11,6,2001-10-28,2001,2000,10
20902,DANCE FOR ME,SISQO,100,LW:RE,6,12,2001-10-28,2001,2000,10
19924,BOHEMIAN LIKE YOU,DANDY WARHOLS,5,LW:RE,5,3,2001-11-04,2001,2000,11
21112,NOT SUCH AN INNOCENT GIRL,VICTORIA BECKHAM,76,LW:RE,6,6,2001-11-04,2001,2000,11
21228,SO TINHA QUE SER COM VOCE,DJ MARKY/DJ PATIFE/ESOM/PORTO,94,LW:RE,87,2,2001-11-04,2001,2000,11
20881,JOYENERGIZER,JOY KITIKONTI,57,LW:RE,57,2,2001-11-11,2001,2000,11
21016,MISS CALIFORNIA,DANTE THOMAS FT PRAS,83,LW:RE,25,5,2001-11-11,2001,2000,11
21192,DRAWING RINGS AROUND THE WORLD,SUPER FURRY ANIMALS,92,LW:RE,28,3,2001-11-11,2001,2000,11
20535,JOY,MARK RYDER,97,LW:RE,34,4,2001-11-11,2001,2000,11
19845,INJECTED WITH A POISON,PRAGA KHAN,52,LW:RE,52,3,2001-11-18,2001,2000,11
20962,21 SECONDS,SO SOLID CREW,64,LW:RE,1,14,2001-11-18,2001,2000,11
21137,RIGHT ON,SILICONE SOUL,68,LW:RE,15,5,2001-11-18,2001,2000,11
21087,HUNTER,DIDO,79,LW:RE,17,9,2001-11-18,2001,2000,11
21190,HAS IT COME TO THIS,STREETS,80,LW:RE,18,5,2001-11-18,2001,2000,11
21191,SUNRISE/THE TES,PULP,84,LW:RE,23,3,2001-11-18,2001,2000,11
21088,ON THE MOVE,BARTHEZZ,97,LW:RE,18,5,2001-11-18,2001,2000,11
21109,DO WAH DIDDY,DJ OTZI,9,LW:RE,9,2,2001-11-25,2001,2000,11
20982,LET'S DANCE,FIVE,82,LW:RE,1,14,2001-11-25,2001,2000,11
20883,ETERNITY/THE ROAD TO MANDALAY,ROBBIE WILLIAMS,87,LW:RE,1,17,2001-11-25,2001,2000,11
21240,YOUNG FSH N' NEW,KELIS,89,LW:RE,32,3,2001-11-25,2001,2000,11
21032,STUCK IN THE MIDDLE,LOUISE,96,LW:RE,4,10,2001-11-25,2001,2000,11
21304,COUNTRY ROAD,HERMES HOUSE BAND,99,LW:RE,94,2,2001-11-25,2001,2000,11
21213,THE BLOCK PARTY,LISA LEFT EYE LOPES,79,LW:RE,16,5,2001-12-02,2001,2000,12
20923,ETERNAL FLAME,ATOMIC KITTEN,84,LW:RE,1,15,2001-12-02,2001,2000,12
21057,TWENTY FOUR SEVEN,ARTFUL DODGER FT MELANIE BLATT,94,LW:RE,6,10,2001-12-02,2001,2000,12
21265,FROM A LOVER TO A FRIEND,PAUL MCCARTNEY,95,LW:RE,45,3,2001-12-02,2001,2000,12
20885,CASTLES IN THE SKY,IAN VAN DAHL,96,LW:RE,3,17,2001-12-02,2001,2000,12
21237,WE FIT TOGETHER,O-TOWN,84,LW:RE,20,4,2001-12-09,2001,2000,12
20382,WHOLE AGAIN,ATOMIC KITTEN,93,LW:RE,1,28,2001-12-09,2001,2000,12
21084,BABY COME ON OVER,SAMANTHA MUMBA,96,LW:RE,5,11,2001-12-09,2001,2000,12
20630,DON'T STOP MOVIN',S CLUB 7,97,LW:RE,1,20,2001-12-09,2001,2000,12
21163,SVEN SVEN SVEN,BELL & SPURLING,99,LW:RE,7,7,2001-12-09,2001,2000,12
21253,THAT DAY,NATALIE IMBRUGLIA,77,LW:RE,11,5,2001-12-16,2001,2000,12
20718,ALL RISE,BLUE,86,LW:RE,4,14,2001-12-16,2001,2000,12
21030,TOO CLOSE,BLUE,90,LW:RE,1,14,2001-12-16,2001,2000,12
20962,21 SECONDS,SO SOLID CREW,91,LW:RE,1,16,2001-12-16,2001,2000,12
12640,SET YOU FE,N-TRANCE,92,LW:RE,2,27,2001-12-16,2001,2000,12
19072,HEAVEN SCENT,BEDROCK,97,LW:RE,35,4,2001-12-16,2001,2000,12
21047,SMOOTH CRIMINAL,ALIEN ANT FARM,73,LW:RE,3,16,2001-12-23,2001,2000,12
21233,DON'T NEED THE SUN TO SHINE,GABRIELLE,78,LW:RE,9,8,2001-12-23,2001,2000,12
21056,STARLIGHT,SUPERMEN LOVERS/MANI HOFFMAN,79,LW:RE,2,15,2001-12-23,2001,2000,12
21337,GOT YOU,PHAROAHE MONCH,83,LW:RE,27,4,2001-12-23,2001,2000,12
21112,NOT SUCH AN INNOCENT GIRL,VICTORIA BECKHAM,87,LW:RE,6,11,2001-12-23,2001,2000,12
21281,GET UP,BEVERLEY KNIGHT,90,LW:RE,17,5,2001-12-23,2001,2000,12
21338,I'VE BEEN AROUND THE WORLD,MARTI PELLOW,94,LW:RE,28,3,2001-12-23,2001,2000,12
20854,ANOTHER CHANCE,ROGER SANCHEZ,100,LW:RE,1,14,2001-12-23,2001,2000,12
21365,GONE,NSYNC,72,LW:RE,24,4,2001-12-30,2002,2000,12
21368,LOWRIDER/TROUBLE,CYPRESS HILL,73,LW:RE,33,3,2001-12-30,2002,2000,12
20655,COLD AS ICE,M.O.P.,83,LW:RE,4,11,2001-12-30,2002,2000,12
21259,LIVIN' IT UP,JA RULE FT CASE,89,LW:RE,27,5,2001-12-30,2002,2000,12
20885,CASTLES IN THE SKY,IAN VAN DAHL,90,LW:RE,3,19,2001-12-30,2002,2000,12
21217,BOUNCING FLOW,K2 FAMILY,94,LW:RE,27,4,2001-12-30,2002,2000,12
21190,HAS IT COME TO THIS,STREETS,95,LW:RE,18,8,2001-12-30,2002,2000,12
20984,LET ME BLOW YA MIND,EVE FT GWEN STEFANI,96,LW:RE,4,13,2001-12-30,2002,2000,12
20813,LADY MARMALADE,C AGUILERA/LIL' KIM/MYA/PINK,97,LW:RE,1,19,2001-12-30,2002,2000,12
20382,WHOLE AGAIN,ATOMIC KITTEN,98,LW:RE,1,30,2001-12-30,2002,2000,12
21111,LUV ME LUV ME,SHAGGY,100,LW:RE,5,11,2001-12-30,2002,2000,12
21249,DROWNING,BACKSTREET BOYS,4,LW:RE,4,2,2002-01-06,2002,2000,1
21069,BODY ROCK,SHIMON & ANDY C,28,LW:RE,28,3,2002-01-06,2002,2000,1
21281,GET UP,BEVERLEY KNIGHT,78,LW:RE,17,6,2002-01-06,2002,2000,1
21088,ON THE MOVE,BARTHEZZ,81,LW:RE,18,7,2002-01-06,2002,2000,1
20716,DO YOU ALLY LIKE IT,DJ PIED PIPER,83,LW:RE,1,15,2002-01-06,2002,2000,1
21234,CHOP SUEY,SYSTEM OF A DOWN,84,LW:RE,17,5,2002-01-06,2002,2000,1
20609,GET UR FAK ON,MISSY ELLIOTT,85,LW:RE,4,14,2002-01-06,2002,2000,1
21253,THAT DAY,NATALIE IMBRUGLIA,86,LW:RE,11,7,2002-01-06,2002,2000,1
21057,TWENTY FOUR SEVEN,ARTFUL DODGER FT MELANIE BLATT,88,LW:RE,6,13,2002-01-06,2002,2000,1
20942,SCAM IF YOU WANNA GO FASTER,GERI HALLIWELL,89,LW:RE,8,13,2002-01-06,2002,2000,1
21011,TURN OFF THE LIGHT,NELLY FURTADO,90,LW:RE,4,11,2002-01-06,2002,2000,1
21115,SIDE,TRAVIS,91,LW:RE,14,9,2002-01-06,2002,2000,1
21087,HUNTER,DIDO,92,LW:RE,17,11,2002-01-06,2002,2000,1
20832,THE WAY TO YOUR LOVE,HEARSAY,93,LW:RE,1,20,2002-01-06,2002,2000,1
20983,TAKE ME HOME,SOPHIE ELLIS BEXTOR,94,LW:RE,2,13,2002-01-06,2002,2000,1
21283,HARDER BETTER FASTER STRONGER,DAFT PUNK,95,LW:RE,25,4,2002-01-06,2002,2000,1
21137,RIGHT ON,SILICONE SOUL,96,LW:RE,15,8,2002-01-06,2002,2000,1
21194,WHEN IT'S OVER,SUGAR RAY,97,LW:RE,32,3,2002-01-06,2002,2000,1
20500,PU AND SIMPLE,HEARSAY,98,LW:RE,1,28,2002-01-06,2002,2000,1
20740,ANGEL,SHAGGY FT RAYVON,99,LW:RE,1,18,2002-01-06,2002,2000,1
20856,HEAVEN IS A HALFPIPE,OPM,100,LW:RE,4,17,2002-01-06,2002,2000,1
21447,GIRLS GIRLS GIRLS,JAY-Z,11,LW:RE,11,2,2002-01-13,2002,2000,1
21152,TILL TEARS DO US PART,HEAVENS CRY,71,LW:RE,68,3,2002-01-13,2002,2000,1
21189,IN THE END,LINKIN PARK,78,LW:RE,8,13,2002-01-13,2002,2000,1
20039,THE VISION,MARIO PIU PTS DJ ARABESQUE,83,LW:RE,16,8,2002-01-13,2002,2000,1
20512,MUSIC IS MOVING,CORTINA,84,LW:RE,42,3,2002-01-13,2002,2000,1
20622,AXEL F,SPACECORN,86,LW:RE,74,2,2002-01-13,2002,2000,1
21135,I WANT LOVE,ELTON JOHN,88,LW:RE,9,15,2002-01-13,2002,2000,1
21342,THE SPACE BETWEEN,DAVE MATTHEWS BAND,89,LW:RE,35,3,2002-01-13,2002,2000,1
20235,DON'T CROSS THE LINE,12 INCH THUMPERS,92,LW:RE,92,2,2002-01-13,2002,2000,1
20568,MUZIK X PSS,X PRESS 2,93,LW:RE,86,2,2002-01-13,2002,2000,1
21085,IT BEGAN IN AFRIKA,CHEMICAL BROTHERS,97,LW:RE,8,9,2002-01-13,2002,2000,1
21139,JUS 1 KISS,BASEMENT JAXX,98,LW:RE,23,7,2002-01-13,2002,2000,1
20521,LOVE IN TRAFFIC,SATOSHIE TOMIE FT KELLI ALI,100,LW:RE,79,2,2002-01-13,2002,2000,1
21232,CLOSER TO ME,FIVE,68,LW:RE,4,12,2002-01-20,2002,2000,1
21335,DANCE & SHOUT/HOPE,SHAGGY,79,LW:RE,19,8,2002-01-20,2002,2000,1
20982,LET'S DANCE,FIVE,88,LW:RE,1,16,2002-01-20,2002,2000,1
20609,GET UR FAK ON,MISSY ELLIOTT,89,LW:RE,4,15,2002-01-20,2002,2000,1
20440,IT WASN'T ME,SHAGGY FT RIKROK,92,LW:RE,1,26,2002-01-20,2002,2000,1
20983,TAKE ME HOME,SOPHIE ELLIS BEXTOR,94,LW:RE,2,14,2002-01-20,2002,2000,1
21115,SIDE,TRAVIS,97,LW:RE,14,10,2002-01-20,2002,2000,1
21228,SO TINHA QUE SER COM VOCE,DJ MARKY/DJ PATIFE/ESOM/PORTO,100,LW:RE,87,3,2002-01-20,2002,2000,1
21031,FOLLOW ME,UNCLE KRACKER,89,LW:RE,3,19,2002-01-27,2002,2000,1
12640,SET YOU FE,N-TRANCE,93,LW:RE,2,28,2002-01-27,2002,2000,1
21235,ROCK THE HOUSE,GORILLAZ,94,LW:RE,18,11,2002-01-27,2002,2000,1
20885,CASTLES IN THE SKY,IAN VAN DAHL,95,LW:RE,3,21,2002-01-27,2002,2000,1
21210,I'M A SLAVE 4 U,BRITNEY SPEARS,85,LW:RE,4,15,2002-02-03,2002,2000,2
21188,FLAWLESS,ONES,91,LW:RE,7,15,2002-02-03,2002,2000,2
20923,ETERNAL FLAME,ATOMIC KITTEN,96,LW:RE,1,20,2002-02-03,2002,2000,2
21276,THEY DON'T KNOW,SO SOLID CREW,97,LW:RE,3,10,2002-02-03,2002,2000,2
21367,WISH YOU WE HE,WYCLEF JEAN,98,LW:RE,28,9,2002-02-03,2002,2000,2
21515,HEY BABY,NO DOUBT,2,LW:RE,2,2,2002-02-10,2002,2000,2
21154,BECAUSE I GOT HIGH,AFROMAN,63,LW:RE,1,16,2002-02-10,2002,2000,2
21451,EL CAPITAN,OPM,77,LW:RE,20,4,2002-02-10,2002,2000,2
20885,CASTLES IN THE SKY,IAN VAN DAHL,85,LW:RE,3,22,2002-02-10,2002,2000,2
20579,HAPPINESS,SOUND DE-ZIGN,86,LW:RE,19,9,2002-02-10,2002,2000,2
21392,SOMEWHE OVER THE RAINBOW/WHAT A,CLIFF RICHARD,92,LW:RE,11,7,2002-02-10,2002,2000,2
20349,PISTOL WHIP,JOSHUA RYAN,94,LW:RE,29,4,2002-02-10,2002,2000,2
20238,PHATT BASS,WARP BROTHERS VS AQUAGEN,100,LW:RE,9,10,2002-02-10,2002,2000,2
21435,HOW WONDERFUL YOU A,GORDON HASKELL,76,LW:RE,2,7,2002-02-17,2002,2000,2
21188,FLAWLESS,ONES,93,LW:RE,7,16,2002-02-17,2002,2000,2
21334,YOU GIVE ME SOMETHING,JAMIROQUAI,95,LW:RE,16,11,2002-02-17,2002,2000,2
21233,DON'T NEED THE SUN TO SHINE,GABRIELLE,98,LW:RE,9,10,2002-02-17,2002,2000,2
21276,THEY DON'T KNOW,SO SOLID CREW,99,LW:RE,3,11,2002-02-17,2002,2000,2
21605,WHAT DO YOU WANT,DAJAE & FULL INTENTION,88,LW:RE,85,2,2002-02-24,2002,2000,2
21420,WE' NOT GONNA SLEEP TONIGHT,EMMA BUNTON,94,LW:RE,20,6,2002-02-24,2002,2000,2
21333,PAID MY DUES,ANASTACIA,97,LW:RE,14,10,2002-02-24,2002,2000,2
21571,SOMETHING,LASGO,4,LW:RE,4,2,2002-03-03,2002,2000,3
21464,ON THE RADIO (MEMBER THE DAYS),NELLY FURTADO,67,LW:RE,18,6,2002-03-03,2002,2000,3
20941,HEY BABY,DJ OTZI,69,LW:RE,1,31,2002-03-03,2002,2000,3
21447,GIRLS GIRLS GIRLS,JAY-Z,74,LW:RE,11,8,2002-03-03,2002,2000,3
21480,WANNABE GANGSTAR/LEROY,WHEATUS,76,LW:RE,22,6,2002-03-03,2002,2000,3
21463,RUNNIN',MARK PICCHIOTTI PTS BASSTOY,94,LW:RE,13,6,2002-03-03,2002,2000,3
21576,BAK YA NECK,BUSTA RHYMES,11,LW:RE,11,2,2002-03-10,2002,2000,3
20440,IT WASN'T ME,SHAGGY FT RIKROK,91,LW:RE,1,27,2002-03-10,2002,2000,3
21025,GO BACK,EWOK,93,LW:RE,78,3,2002-03-10,2002,2000,3
21232,CLOSER TO ME,FIVE,94,LW:RE,4,15,2002-03-10,2002,2000,3
21069,BODY ROCK,SHIMON & ANDY C,95,LW:RE,28,6,2002-03-10,2002,2000,3
20752,LET'S ROCK,E-TRAX,97,LW:RE,60,3,2002-03-10,2002,2000,3
21230,DEFINITELY,YODA,98,LW:RE,90,2,2002-03-10,2002,2000,3
21435,HOW WONDERFUL YOU A,GORDON HASKELL,99,LW:RE,2,9,2002-03-10,2002,2000,3
14725,VALLEY OF THE SHADOWS,ORIGIN UNKNOWN,100,LW:RE,60,5,2002-03-10,2002,2000,3
21460,IT'S LOVE (TRIPPIN'),GOLDTRIX PTS ANDREA BROWN,71,LW:RE,6,9,2002-03-17,2002,2000,3
21477,THE LAND OF MAKE BELIEVE,ALLSTARS,74,LW:RE,9,8,2002-03-17,2002,2000,3
21360,WHAT IF,KATE WINSLET,81,LW:RE,6,15,2002-03-17,2002,2000,3
21005,STUPID KID,ALKALINE TRIO,53,LW:RE,53,2,2002-03-24,2002,2000,3
21388,HANDBAGS AND GLADRAGS,STEREOPHONICS,72,LW:RE,4,15,2002-03-24,2002,2000,3
21189,IN THE END,LINKIN PARK,94,LW:RE,8,20,2002-03-24,2002,2000,3
21618,TOMORROW COMES TODAY,GORILLAZ,74,LW:RE,33,3,2002-03-31,2002,2000,3
21558,CONTROL,PUDDLE OF MUDD,76,LW:RE,15,5,2002-03-31,2002,2000,3
21617,RUN,LIGHTHOUSE FAMILY,78,LW:RE,30,4,2002-03-31,2002,2000,3
21494,CRAZY RAP,AFROMAN,85,LW:RE,10,9,2002-03-31,2002,2000,3
21110,CAN'T GET YOU OUT OF MY HEAD,KYLIE MINOGUE,90,LW:RE,1,26,2002-03-31,2002,2000,3
21559,BUT I DO LOVE YOU,LEANN RIMES,94,LW:RE,20,5,2002-03-31,2002,2000,3
21358,SUCTION,PPK,99,LW:RE,3,16,2002-03-31,2002,2000,3
20926,FI WI,COSMIC GATE,90,LW:RE,9,8,2002-04-07,2002,2000,4
20132,DAS GLOCKENSPIEL,SCHILLER,97,LW:RE,17,6,2002-04-07,2002,2000,4
21613,LOVE FOOLOSOPHY,JAMIROQUAI,75,LW:RE,14,6,2002-04-14,2002,2000,4
21615,FELL IN LOVE WITH A GIRL,WHITE STRIPES,83,LW:RE,21,3,2002-04-14,2002,2000,4
21415,WILL I,IAN VAN DAHL,99,LW:RE,5,15,2002-04-14,2002,2000,4
21250,RAPTU,IIO,100,LW:RE,2,13,2002-04-14,2002,2000,4
21515,HEY BABY,NO DOUBT,82,LW:RE,2,11,2002-04-21,2002,2000,4
21518,DANCE FOR ME,MARY J BLIGE FT COMMON,84,LW:RE,13,10,2002-04-21,2002,2000,4
21643,IF I COULD,HUNDRED REASONS,86,LW:RE,19,4,2002-04-21,2002,2000,4
21330,HAVE YOU EVER,S CLUB 7,93,LW:RE,1,15,2002-04-21,2002,2000,4
21644,SILENT TO THE DARK II,ELECTRIC SOFT PARADE,97,LW:RE,23,3,2002-04-21,2002,2000,4
21476,STAR GUITAR,CHEMICAL BROTHERS,99,LW:RE,8,11,2002-04-21,2002,2000,4
21638,I WILL ALWAYS LOVE YOU,RIK WALLER,67,LW:RE,6,7,2002-04-28,2002,2000,4
21491,CAUGHT IN THE MIDDLE,A1,80,LW:RE,2,13,2002-04-28,2002,2000,4
20659,STRANGE WORLD,PUSH,85,LW:RE,21,5,2002-04-28,2002,2000,4
18502,UNIVERSAL NATION,PUSH,94,LW:RE,36,3,2002-04-28,2002,2000,4
21238,THE LEGACY,PUSH,95,LW:RE,22,5,2002-04-28,2002,2000,4
18983,UNIVERSAL NATION '99,PUSH,96,LW:RE,35,4,2002-04-28,2002,2000,4
19535,DEADLINE,DUTCH FORCE,100,LW:RE,35,3,2002-04-28,2002,2000,4
21554,WHAT ABOUT US,BRANDY,71,LW:RE,4,11,2002-05-05,2002,2000,5
21580,B WITH ME,MIS-TEEQ,94,LW:RE,5,9,2002-05-05,2002,2000,5
21667,ON THE RUN,TILLMANN UHRMACHER,98,LW:RE,16,4,2002-05-05,2002,2000,5
21612,SHOULDA WOULDA COULDA,BEVERLEY KNIGHT,78,LW:RE,10,10,2002-05-12,2002,2000,5
21694,HOME AND DRY,PET SHOP BOYS,91,LW:RE,14,7,2002-05-12,2002,2000,5
21556,MOI LOLITA,ALIZEE,92,LW:RE,9,12,2002-05-12,2002,2000,5
21583,HANDS CLEAN,ALANIS MORISSETTE,94,LW:RE,12,8,2002-05-12,2002,2000,5
12833,FAK LIKE ME,ADINA HOWARD,98,LW:RE,33,6,2002-05-12,2002,2000,5
21474,MY SWEET LORD,GEORGE HARRISON,100,LW:RE,1,12,2002-05-12,2002,2000,5
21814,ESCAPE,ENRIQUE IGLESIAS,3,LW:RE,3,4,2002-05-19,2002,2000,5
21472,GET THE PARTY STARTED,PINK,89,LW:RE,2,16,2002-05-19,2002,2000,5
21868,ASON,IAN VAN DAHL,8,LW:RE,8,3,2002-05-26,2002,2000,5
21806,LET'S PUSH THINGS FORWARD,STREETS,97,LW:RE,30,4,2002-05-26,2002,2000,5
21822,ONE,FOO FIGHTERS,99,LW:RE,77,4,2002-05-26,2002,2000,5
21964,GOD SAVE THE QUEEN,SEX PISTOLS,15,LW:RE,2,10,2002-06-02,2002,2000,6
21777,TAKE IT EASY,3SL,88,LW:RE,11,6,2002-06-02,2002,2000,6
21664,A NEW DAY HAS COME,CELINE DION,90,LW:RE,7,11,2002-06-02,2002,2000,6
21872,BLURRY,PUDDLE OF MUDD,8,LW:RE,8,5,2002-06-09,2002,2000,6
21996,3 LIONS,BADDIEL/SKINNER/LIGHTNING SEED,16,LW:RE,1,17,2002-06-09,2002,2000,6
21885,SILVER,HUNDRED REASONS,91,LW:RE,15,4,2002-06-09,2002,2000,6
21553,POINT OF VIEW,DB BOULEVARD,97,LW:RE,3,13,2002-06-09,2002,2000,6
21726,MOTIVATION,SUM 41,98,LW:RE,21,8,2002-06-09,2002,2000,6
21802,CHAMPAGNE DANCE,PAY AS U GO,100,LW:RE,13,5,2002-06-09,2002,2000,6
22027,UP ALL NIGHT,JOHN B,58,LW:RE,58,2,2002-06-16,2002,2000,6
21489,HERO,ENRIQUE IGLESIAS,80,LW:RE,1,21,2002-06-16,2002,2000,6
21984,WHEN YOU LOOK AT ME,CHRISTINA MILIAN,92,LW:RE,80,2,2002-06-16,2002,2000,6
21748,SOAK UP THE SUN,SHERYL CROW,99,LW:RE,16,9,2002-06-16,2002,2000,6
21009,SILENCE,TAIKO,72,LW:RE,72,2,2002-06-23,2002,2000,6
21907,MAKE IT GOOD,A1,78,LW:RE,11,5,2002-06-23,2002,2000,6
21832,YOU HELD THE WORLD IN YOUR ARMS,IDLEWILD,85,LW:RE,9,5,2002-06-23,2002,2000,6
20621,MY LOVE,KLUSTER FT RON CARROLL,98,LW:RE,73,2,2002-06-23,2002,2000,6
21909,FAK MODE,REELISTS,75,LW:RE,16,6,2002-06-30,2002,2000,6
21979,FOOLISH,ASHANTI,82,LW:RE,68,3,2002-06-30,2002,2000,6
21883,SOMEONE LIKE YOU,RUSSELL WATSON & FAYE TOZER,86,LW:RE,10,5,2002-06-30,2002,2000,6
21578,IN YOUR EYES,KYLIE MINOGUE,87,LW:RE,3,18,2002-06-30,2002,2000,6
21935,STARBUCKS,A,88,LW:RE,20,4,2002-06-30,2002,2000,6
21610,ANYTHING IS POSSIBLE/EVERGEN,WILL YOUNG,93,LW:RE,1,17,2002-06-30,2002,2000,6
21721,SHAKE UR BODY,SHY FX & T POWER FT DI,95,LW:RE,7,13,2002-06-30,2002,2000,6
21963,HEY BABY (UNOFFICIAL WORLD CUP MIX),DJ OTZI,73,LW:RE,10,5,2002-07-07,2002,2000,7
21884,ROCK THE BOAT,AALIYAH,87,LW:RE,12,8,2002-07-07,2002,2000,7
22039,I NEED A GIRL,P. DIDDY FT USHER & LOON,89,LW:RE,83,3,2002-07-07,2002,2000,7
21693,INSATIABLE,DARREN HAYES,82,LW:RE,8,15,2002-07-14,2002,2000,7
21933,HE TO STAY,KORN,87,LW:RE,12,6,2002-07-14,2002,2000,7
22025,LOVE STORY,LAYO & BUSHWACKA,88,LW:RE,30,3,2002-07-14,2002,2000,7
21853,WE A ALL MADE OF STARS,MOBY,99,LW:RE,11,5,2002-07-14,2002,2000,7
22140,YOUR SONG,ELTON JOHN & ALESSANDRO SAFINA,4,LW:RE,4,13,2002-07-21,2002,2000,7
22086,WISH I DIDN'T MISS YOU,ANGIE STONE,30,LW:RE,30,2,2002-07-21,2002,2000,7
21830,FAK LIKE ME,SUGABABES,64,LW:RE,1,12,2002-07-21,2002,2000,7
21996,3 LIONS,BADDIEL/SKINNER/LIGHTNING SEED,74,LW:RE,1,22,2002-07-21,2002,2000,7
21611,WHENEVER WHEVER,SHAKIRA,81,LW:RE,2,20,2002-07-21,2002,2000,7
21990,UNDERNEATH YOUR CLOTHES,SHAKIRA,3,LW:RE,3,6,2002-07-28,2002,2000,7
22045,CAN'T TAKE MY EYES OFF YOU,ANDY WILLIAMS/DENISE VAN OUTEN,82,LW:RE,23,5,2002-07-28,2002,2000,7
21966,DAMER/GETS ME THROUGH,OZZY OSBOURNE,92,LW:RE,18,7,2002-07-28,2002,2000,7
21578,IN YOUR EYES,KYLIE MINOGUE,94,LW:RE,3,20,2002-07-28,2002,2000,7
20707,GIVE ME SOME MO,DJ GERT,89,LW:RE,50,3,2002-08-04,2002,2000,8
22043,DEAD STAR/IN YOUR WORLD,MUSE,93,LW:RE,13,4,2002-08-04,2002,2000,8
22021,SOUTHERN SUN/ADY STEADY GO,PAUL OAKENFOLD,94,LW:RE,16,5,2002-08-04,2002,2000,8
22094,FLOBBADANCE,BILL & BEN,85,LW:RE,23,5,2002-08-11,2002,2000,8
21851,AT NIGHT,SHAKEDOWN,86,LW:RE,6,10,2002-08-11,2002,2000,8
22231,ACH,LIL' MO' YIN YANG,91,LW:RE,28,3,2002-08-11,2002,2000,8
22025,LOVE STORY,LAYO & BUSHWACKA,93,LW:RE,30,6,2002-08-11,2002,2000,8
21908,COME BACK,JESSICA GARLICK,97,LW:RE,13,12,2002-08-11,2002,2000,8
21714,ALONE,LASGO,7,LW:RE,7,2,2002-08-18,2002,2000,8
21881,DJ,H & CLAIRE,81,LW:RE,3,12,2002-08-18,2002,2000,8
21907,MAKE IT GOOD,A1,94,LW:RE,11,9,2002-08-18,2002,2000,8
20736,TAKE THE LONG ROAD AND WALK IT,MUSIC,14,LW:RE,14,2,2002-08-25,2002,2000,8
14132,I GOT 5 ON IT,LUNIZ,83,LW:RE,28,3,2002-08-25,2002,2000,8
21831,ONE STEP CLOSER,S CLUB JUNIORS,88,LW:RE,2,17,2002-08-25,2002,2000,8
21931,BOP BOP BABY,WESTLIFE,89,LW:RE,5,12,2002-08-25,2002,2000,8
21546,HOW YOU MIND ME,NICKELBACK,93,LW:RE,4,27,2002-08-25,2002,2000,8
21963,HEY BABY (UNOFFICIAL WORLD CUP MIX),DJ OTZI,95,LW:RE,10,9,2002-08-25,2002,2000,8
21814,ESCAPE,ENRIQUE IGLESIAS,84,LW:RE,3,18,2002-09-01,2002,2000,9
21850,KISS KISS,HOLLY VALANCE,90,LW:RE,1,17,2002-09-01,2002,2000,9
22090,BABY'S GOT A TEMPER,PRODIGY,91,LW:RE,5,7,2002-09-01,2002,2000,9
20651,JANEIRO,SOLID SESSIONS,47,LW:RE,47,2,2002-09-08,2002,2000,9
22187,SHOOT THE DOG,GEORGE MICHAEL,73,LW:RE,12,5,2002-09-08,2002,2000,9
21880,IF TOMORROW NEVER COMES,RONAN KEATING,87,LW:RE,1,16,2002-09-08,2002,2000,9
21851,AT NIGHT,SHAKEDOWN,96,LW:RE,6,12,2002-09-15,2002,2000,9
21931,BOP BOP BABY,WESTLIFE,100,LW:RE,5,14,2002-09-15,2002,2000,9
22238,HALF A HEART,H & CLAIRE,80,LW:RE,8,5,2002-09-22,2002,2000,9
22237,LOVIN' IS EASY,HEARSAY,84,LW:RE,6,5,2002-09-22,2002,2000,9
21904,JUST A LITTLE,LIBERTY X,93,LW:RE,1,17,2002-09-22,2002,2000,9
22214,AROUND THE WORLD,ATC,100,LW:RE,15,5,2002-09-22,2002,2000,9
21689,UNCHAINED MELODY,GARETH GATES,73,LW:RE,1,27,2002-09-29,2002,2000,9
22285,HEAVEN,DJ SAMMY,76,LW:RE,76,3,2002-09-29,2002,2000,9
22343,SHINY DISCO BALLS,WHO DA FUNK FT JESSICA EVE,81,LW:RE,81,3,2002-09-29,2002,2000,9
22141,WORK IT OUT,BEYONCE,82,LW:RE,7,10,2002-09-29,2002,2000,9
22040,STOP CRYING YOUR HEART OUT,OASIS,85,LW:RE,2,12,2002-09-29,2002,2000,9
20736,TAKE THE LONG ROAD AND WALK IT,MUSIC,90,LW:RE,14,5,2002-09-29,2002,2000,9
22016,A LITTLE LESS CONVERSATION,ELVIS VS JXL,98,LW:RE,1,13,2002-09-29,2002,2000,9
22373,OBJECTION (TANGO),SHAKIRA,99,LW:RE,94,2,2002-09-29,2002,2000,9
15536,CAFE DEL MAR,ENERGY 52,24,LW:RE,24,5,2002-10-06,2002,2000,10
22263,IN AND OUT,3RD EDGE,75,LW:RE,15,5,2002-10-06,2002,2000,10
21073,GOOD GOD,JFK,76,LW:RE,71,3,2002-10-06,2002,2000,10
22293,TOUCH ME TEASE ME,3SL,88,LW:RE,16,4,2002-10-06,2002,2000,10
21987,HERO,CHAD KROEGER FT JOSEY SCOTT,99,LW:RE,4,17,2002-10-06,2002,2000,10
21921,NEBUCHAN,FRANK TRAX,82,LW:RE,77,2,2002-10-13,2002,2000,10
22373,OBJECTION (TANGO),SHAKIRA,90,LW:RE,90,3,2002-10-13,2002,2000,10
22040,STOP CRYING YOUR HEART OUT,OASIS,95,LW:RE,2,13,2002-10-13,2002,2000,10
22296,GET UP AND MOVE,HARVEY,97,LW:RE,24,3,2002-10-13,2002,2000,10
22352,WHY'D YOU LIE TO ME,ANASTACIA,73,LW:RE,25,4,2002-10-20,2002,2000,10
22318,IT'S WRITTEN IN THE STARS,PAUL WELLER,88,LW:RE,7,4,2002-10-20,2002,2000,10
22263,IN AND OUT,3RD EDGE,97,LW:RE,15,6,2002-10-20,2002,2000,10
22292,TOO BAD,NICKELBACK,67,LW:RE,9,8,2002-10-27,2002,2000,10
22377,EVERYDAY,BON JOVI,77,LW:RE,5,5,2002-10-27,2002,2000,10
22184,BLACK SUITS COMIN' (NOD YA HEAD),WILL SMITH FT TRA-KNOX,79,LW:RE,3,11,2002-10-27,2002,2000,10
22260,WHAT YOU GOT,ABS,83,LW:RE,4,9,2002-10-27,2002,2000,10
22255,LOVE TO SEE YOU CRY,ENRIQUE IGLESIAS,86,LW:RE,12,8,2002-10-27,2002,2000,10
21931,BOP BOP BABY,WESTLIFE,91,LW:RE,5,15,2002-10-27,2002,2000,10
22354,GIMME THE LIGHT,SEAN PAUL,73,LW:RE,32,6,2002-11-03,2002,2000,11
22350,WALK ON WATER,MILK INC,83,LW:RE,10,7,2002-11-03,2002,2000,11
21689,UNCHAINED MELODY,GARETH GATES,87,LW:RE,1,30,2002-11-03,2002,2000,11
22261,STARRY EYED SURPRISE,OAKENFOLD,93,LW:RE,6,9,2002-11-03,2002,2000,11
22161,AUTOMATIC HIGH,S CLUB JUNIORS,99,LW:RE,2,14,2002-11-03,2002,2000,11
22575,I LOVE ROCK 'N' ROLL,BRITNEY SPEARS,13,LW:RE,13,5,2002-11-10,2002,2000,11
22383,POSITIVITY,SUEDE,84,LW:RE,16,3,2002-11-10,2002,2000,11
22380,DEM GIRLZ (I DON'T KNOW WHY),OXIDE & NEUTRINO FT KOWDEAN,94,LW:RE,10,6,2002-11-10,2002,2000,11
16528,EPIDEMIC,EXIT EEE,99,LW:RE,76,3,2002-11-10,2002,2000,11
22505,HAPPY,ASHANTI,13,LW:RE,13,2,2002-11-17,2002,2000,11
22373,OBJECTION (TANGO),SHAKIRA,17,LW:RE,17,5,2002-11-17,2002,2000,11
22248,PAPA DON'T PACH,KELLY OSBOURNE,68,LW:RE,3,9,2002-11-17,2002,2000,11
22457,CHECK THE MEANING,RICHARD ASHCROFT,73,LW:RE,11,5,2002-11-17,2002,2000,11
22379,FEEL IT BOY,BEENIE MAN FT JANET,75,LW:RE,9,7,2002-11-17,2002,2000,11
22432,COME BACK AROUND,FEEDER,78,LW:RE,14,5,2002-11-17,2002,2000,11
22433,TRY,IAN VAN DAHL,79,LW:RE,15,6,2002-11-17,2002,2000,11
22434,UNDERNEATH IT ALL,NO DOUBT,80,LW:RE,18,6,2002-11-17,2002,2000,11
22077,BACKFID,MASTERS AT WORK FT INDIA,86,LW:RE,62,3,2002-11-17,2002,2000,11
22209,IN MY PLACE,COLDPLAY,92,LW:RE,2,11,2002-11-17,2002,2000,11
22141,WORK IT OUT,BEYONCE,94,LW:RE,7,16,2002-11-17,2002,2000,11
22484,CRY,FAITH HILL,95,LW:RE,25,3,2002-11-17,2002,2000,11
21961,LIGHT MY FI,WILL YOUNG,96,LW:RE,1,24,2002-11-17,2002,2000,11
10476,U GOT 2 KNOW,CAPPELLA,97,LW:RE,6,12,2002-11-17,2002,2000,11
22481,THE BY THE GRACE OF GOD,MANIC STREET PREACHERS,74,LW:RE,6,4,2002-11-24,2002,2000,11
22229,JOY DON'T STOP,JOY KITIKONTI,86,LW:RE,79,3,2002-11-24,2002,2000,11
22154,VOLUTION,BK,42,LW:RE,42,2,2002-12-01,2002,2000,12
10271,SHOW ME LOVE,ROBIN S,61,LW:RE,6,22,2002-12-01,2002,2000,12
22516,DON'T MUG YOURSELF,STREETS,99,LW:RE,21,4,2002-12-01,2002,2000,12
22291,DY-NA-MI-TEE,MS DYNAMITE,100,LW:RE,5,11,2002-12-01,2002,2000,12
22480,I'M RIGHT HE,SAMANTHA MUMBA,68,LW:RE,5,7,2002-12-08,2002,2000,12
18777,COMING ON STRONG,SIGNUM FT SCOTT MAC,84,LW:RE,50,3,2002-12-08,2002,2000,12
22171,BACK TO CALI,MAURO PICOTTO,91,LW:RE,42,3,2002-12-08,2002,2000,12
21918,TURN UP THE SOUND,LISA PIN-UP,95,LW:RE,60,3,2002-12-08,2002,2000,12
21689,UNCHAINED MELODY,GARETH GATES,97,LW:RE,1,32,2002-12-08,2002,2000,12
22376,CLEANIN' OUT MY CLOSET,EMINEM,75,LW:RE,4,12,2002-12-15,2002,2000,12
22377,EVERYDAY,BON JOVI,88,LW:RE,5,11,2002-12-15,2002,2000,12
21880,IF TOMORROW NEVER COMES,RONAN KEATING,89,LW:RE,1,20,2002-12-15,2002,2000,12
22183,COLOURBLIND,DARIUS,90,LW:RE,1,17,2002-12-15,2002,2000,12
22234,ROUND ROUND,SUGABABES,92,LW:RE,1,14,2002-12-15,2002,2000,12
22259,ADDICTIVE,TRUTH HURTS FT RAKIM,94,LW:RE,3,13,2002-12-15,2002,2000,12
19687,YOU' A SUPERSTAR,LOVE INC.,7,LW:RE,7,2,2002-12-22,2002,2000,12
22703,SK8ER BOI,AVRIL LAVIGNE,9,LW:RE,9,2,2002-12-22,2002,2000,12
22574,ALL OUT OF LOVE,H & CLAIRE,71,LW:RE,10,6,2002-12-22,2002,2000,12
22544,HEY SEXY LADY,SHAGGY,72,LW:RE,10,7,2002-12-22,2002,2000,12
22577,I MISS YOU,DARREN HAYES,79,LW:RE,20,5,2002-12-22,2002,2000,12
22543,IT'S ALL GRAVY,ROMEO FT CHRISTINA MILIAN,87,LW:RE,9,7,2002-12-22,2002,2000,12
22482,LUV U BETTER,LL COOL J,88,LW:RE,7,8,2002-12-22,2002,2000,12
22375,WHAT I GO TO SCHOOL FOR,BUSTED,89,LW:RE,3,13,2002-12-22,2002,2000,12
22410,LITTLE BY LITTLE/SHE IS LOVE,OASIS,92,LW:RE,2,9,2002-12-22,2002,2000,12
22584,LK (CAROLINA CAROL BELA),DJ MARKY AND XRS,94,LW:RE,45,3,2002-12-22,2002,2000,12
22343,SHINY DISCO BALLS,WHO DA FUNK FT JESSICA EVE,96,LW:RE,15,6,2002-12-22,2002,2000,12
21404,POOR LENO,ROYKSOPP,98,LW:RE,38,3,2002-12-22,2002,2000,12
22429,MY VISION,JAKATTA FT SEAL,99,LW:RE,6,9,2002-12-22,2002,2000,12
21689,UNCHAINED MELODY,GARETH GATES,69,LW:RE,1,34,2002-12-29,2003,2000,12
22248,PAPA DON'T PACH,KELLY OSBOURNE,85,LW:RE,3,11,2002-12-29,2003,2000,12
22480,I'M RIGHT HE,SAMANTHA MUMBA,87,LW:RE,5,9,2002-12-29,2003,2000,12
22258,CROSSROADS,BLAZIN' SQUAD,90,LW:RE,1,16,2002-12-29,2003,2000,12
22183,COLOURBLIND,DARIUS,92,LW:RE,1,18,2002-12-29,2003,2000,12
22255,LOVE TO SEE YOU CRY,ENRIQUE IGLESIAS,93,LW:RE,12,13,2002-12-29,2003,2000,12
22377,EVERYDAY,BON JOVI,94,LW:RE,5,12,2002-12-29,2003,2000,12
22259,ADDICTIVE,TRUTH HURTS FT RAKIM,95,LW:RE,3,14,2002-12-29,2003,2000,12
22618,BOYS OF SUMMER,DJ SAMMY,96,LW:RE,91,2,2002-12-29,2003,2000,12
22140,YOUR SONG,ELTON JOHN & ALESSANDRO SAFINA,97,LW:RE,4,22,2002-12-29,2003,2000,12
22546,BECAUSE THE NIGHT,JAN WAYNE,98,LW:RE,14,6,2002-12-29,2003,2000,12
22161,AUTOMATIC HIGH,S CLUB JUNIORS,99,LW:RE,2,15,2002-12-29,2003,2000,12
22575,I LOVE ROCK 'N' ROLL,BRITNEY SPEARS,75,LW:RE,13,12,2003-01-05,2003,2000,1
22316,FANTASY,APPLETON,92,LW:RE,2,11,2003-01-05,2003,2000,1
22343,SHINY DISCO BALLS,WHO DA FUNK FT JESSICA EVE,93,LW:RE,15,7,2003-01-05,2003,2000,1
22481,THE BY THE GRACE OF GOD,MANIC STREET PREACHERS,94,LW:RE,6,8,2003-01-05,2003,2000,1
22411,GANGSTA LOVIN',EVE FT ALICIA KEYS,95,LW:RE,6,13,2003-01-05,2003,2000,1
22294,SEXIEST MAN IN JAMAICA,MINT ROYALE,96,LW:RE,20,4,2003-01-05,2003,2000,1
22286,NESSAJA,SCOOTER,97,LW:RE,4,13,2003-01-05,2003,2000,1
21233,DON'T NEED THE SUN TO SHINE,GABRIELLE,99,LW:RE,9,14,2003-01-05,2003,2000,1
22457,CHECK THE MEANING,RICHARD ASHCROFT,100,LW:RE,11,8,2003-01-05,2003,2000,1
22767,CLOUDWALKING,PULSER,92,LW:RE,84,2,2003-01-12,2003,2000,1
22689,DIRTY HARRY'S VENGE,ADAM F FT BEENIE MAN,93,LW:RE,50,4,2003-01-12,2003,2000,1
21610,ANYTHING IS POSSIBLE/EVERGEN,WILL YOUNG,97,LW:RE,1,23,2003-01-12,2003,2000,1
22349,WHEN I LOST YOU,SARAH WHATMORE,99,LW:RE,6,10,2003-01-12,2003,2000,1
22429,MY VISION,JAKATTA FT SEAL,100,LW:RE,6,10,2003-01-12,2003,2000,1
22373,OBJECTION (TANGO),SHAKIRA,77,LW:RE,17,13,2003-01-19,2003,2000,1
22259,ADDICTIVE,TRUTH HURTS FT RAKIM,96,LW:RE,3,16,2003-01-19,2003,2000,1
22584,LK (CAROLINA CAROL BELA),DJ MARKY AND XRS,97,LW:RE,45,5,2003-01-19,2003,2000,1
22346,CRUSH,DARREN HAYES,19,LW:RE,19,3,2003-01-26,2003,2000,1
22542,WHAT'S YOUR FLAVA,CRAIG DAVID,79,LW:RE,8,11,2003-01-26,2003,2000,1
22511,ONE LOVE,BLUE,81,LW:RE,3,13,2003-01-26,2003,2000,1
22572,WORK IT,MISSY ELLIOTT,84,LW:RE,6,10,2003-01-26,2003,2000,1
22741,SO MUCH LOVE TO GIVE,THOMAS BANGALTER/DJ FALCON,86,LW:RE,71,2,2003-01-26,2003,2000,1
22429,MY VISION,JAKATTA FT SEAL,100,LW:RE,6,11,2003-01-26,2003,2000,1
22570,UNBAKABLE,WESTLIFE,67,LW:RE,1,12,2003-02-02,2003,2000,2
22655,RUSHES,DARIUS,78,LW:RE,5,9,2003-02-02,2003,2000,2
22573,PUT THE NEEDLE ON IT,DANNII MINOGUE,86,LW:RE,7,12,2003-02-02,2003,2000,2
22683,IT'S A RAINBOW,RAINBOW (GEORGE & ZIPPY),92,LW:RE,15,7,2003-02-02,2003,2000,2
22727,SCORPIO RISING,DEATH IN VEGAS/LIAM GALLAGHER,69,LW:RE,14,7,2003-02-09,2003,2000,2
22809,MISS YOU,AALIYAH,76,LW:RE,76,2,2003-02-09,2003,2000,2
22657,MAYBE,ENRIQUE IGLESIAS,79,LW:RE,12,10,2003-02-09,2003,2000,2
22410,LITTLE BY LITTLE/SHE IS LOVE,OASIS,93,LW:RE,2,12,2003-02-09,2003,2000,2
22709,NOTHING SACD - A SONG FOR KIRSTY,RUSSELL WATSON,99,LW:RE,17,6,2003-02-09,2003,2000,2
22601,THE SCIENTIST,COLDPLAY,100,LW:RE,10,10,2003-02-09,2003,2000,2
22705,WHAT MY HEART WANTS TO SAY,GARETH GATES,58,LW:RE,5,8,2003-02-16,2003,2000,2
22623,ALIVE,S CLUB,63,LW:RE,5,11,2003-02-16,2003,2000,2
22710,MISUNDERSTOOD,BON JOVI,73,LW:RE,21,5,2003-02-16,2003,2000,2
22505,HAPPY,ASHANTI,82,LW:RE,13,10,2003-02-16,2003,2000,2
22456,ALL MY LIFE,FOO FIGHTERS,84,LW:RE,5,15,2003-02-16,2003,2000,2
22576,MUSIC GETS THE BEST OF ME,SOPHIE ELLIS BEXTOR,85,LW:RE,14,12,2003-02-16,2003,2000,2
22707,THUG LOVIN',JA RULE FT BOBBY BROWN,90,LW:RE,15,9,2003-02-16,2003,2000,2
22428,DOWN 4 U,IRV GOTTI PTS,94,LW:RE,4,15,2003-02-16,2003,2000,2
22621,DON'T LET ME DOWN/YOU AND I,WILL YOUNG,95,LW:RE,2,12,2003-02-16,2003,2000,2
21689,UNCHAINED MELODY,GARETH GATES,96,LW:RE,1,37,2003-02-16,2003,2000,2
14725,VALLEY OF THE SHADOWS,ORIGIN UNKNOWN,97,LW:RE,60,6,2003-02-16,2003,2000,2
22479,NU FLOW,BIG BROVAZ,75,LW:RE,3,18,2003-02-23,2003,2000,2
22598,LOVE ON THE LINE,BLAZIN' SQUAD,79,LW:RE,6,14,2003-02-23,2003,2000,2
22753,SCIENCE OF SILENCE,RICHARD ASHCROFT,84,LW:RE,14,5,2003-02-23,2003,2000,2
22709,NOTHING SACD - A SONG FOR KIRSTY,RUSSELL WATSON,87,LW:RE,17,7,2003-02-23,2003,2000,2
22752,I WANNA DANCE WITH SOMEBODY,FLIP & FILL,88,LW:RE,13,6,2003-02-23,2003,2000,2
22140,YOUR SONG,ELTON JOHN & ALESSANDRO SAFINA,94,LW:RE,4,26,2003-02-23,2003,2000,2
22773,TAT ME LIKE A LADY,ZOE BIRKETT,78,LW:RE,12,5,2003-03-02,2003,2000,3
21755,LETHAL INDUSTRY,DJ TIESTO,93,LW:RE,25,4,2003-03-02,2003,2000,3
22573,PUT THE NEEDLE ON IT,DANNII MINOGUE,95,LW:RE,7,14,2003-03-02,2003,2000,3
22512,ELECTRICAL STORM,U2,100,LW:RE,5,14,2003-03-02,2003,2000,3
22726,SACD TRUST/AFTER YOU' GONE,ONE TRUE VOICE,77,LW:RE,2,10,2003-03-09,2003,2000,3
22682,HOLDING ON FOR YOU,LIBERTY X,81,LW:RE,5,12,2003-03-09,2003,2000,3
22741,SO MUCH LOVE TO GIVE,THOMAS BANGALTER/DJ FALCON,89,LW:RE,71,4,2003-03-09,2003,2000,3
21116,URBAN TRAIN,DJ TIESTO,97,LW:RE,22,4,2003-03-09,2003,2000,3
20005,METROPOLIS,OLIVER LIEB PTS SMOKED,99,LW:RE,72,2,2003-03-09,2003,2000,3
21462,DRIFTING AWAY,LANGE FT SKYE,100,LW:RE,9,7,2003-03-09,2003,2000,3
22818,KNOW YOU WANNA,3RD EDGE,59,LW:RE,17,4,2003-03-16,2003,2000,3
22706,PUPPY LOVE/SLEIGH RIDE,S CLUB JUNIORS,87,LW:RE,6,13,2003-03-16,2003,2000,3
22377,EVERYDAY,BON JOVI,88,LW:RE,5,17,2003-03-16,2003,2000,3
22542,WHAT'S YOUR FLAVA,CRAIG DAVID,97,LW:RE,8,14,2003-03-16,2003,2000,3
22742,ACT,ERICK SERMON FT REDMAN,100,LW:RE,14,6,2003-03-16,2003,2000,3
22681,FEEL,ROBBIE WILLIAMS,75,LW:RE,4,15,2003-03-23,2003,2000,3
22815,SHUT UP,KELLY OSBOURNE,76,LW:RE,12,7,2003-03-23,2003,2000,3
22873,THE HELL SONG,SUM 41,80,LW:RE,35,4,2003-03-23,2003,2000,3
22817,MAKE IT CLAP,BUSTA RHYMES FT SPLIFF STAR,85,LW:RE,16,5,2003-03-23,2003,2000,3
22348,I LOVE IT WHEN WE DO,RONAN KEATING,94,LW:RE,5,26,2003-03-23,2003,2000,3
22287,LET ME FLY,DARREN STYLES/MARK BREEZE,59,LW:RE,59,2,2003-03-30,2003,2000,3
22868,THUGZ MANSION,2PAC,78,LW:RE,24,6,2003-03-30,2003,2000,3
22866,PARADISE,LL COOL J FT AMERIE,85,LW:RE,18,6,2003-03-30,2003,2000,3
22570,UNBAKABLE,WESTLIFE,86,LW:RE,1,17,2003-03-30,2003,2000,3
22892,FAMILIAR FEELING,MOLOKO,88,LW:RE,10,5,2003-03-30,2003,2000,3
22792,THE OPERA SONG (BRAVE NEW WORLD),JURGEN VRIES FT CMC,68,LW:RE,3,10,2003-04-06,2003,2000,4
22945,DON'T THINK YOU' THE FIRST,CORAL,68,LW:RE,10,4,2003-04-13,2003,2000,4
22918,KEEP ME A SECT,AINSLIE HENDERSON,77,LW:RE,5,6,2003-04-13,2003,2000,4
22623,ALIVE,S CLUB,80,LW:RE,5,16,2003-04-13,2003,2000,4
22741,SO MUCH LOVE TO GIVE,THOMAS BANGALTER/DJ FALCON,87,LW:RE,71,5,2003-04-13,2003,2000,4
22771,LOVE STORY (VS FINALLY),LAYO & BUSHWACKA,88,LW:RE,8,8,2003-04-13,2003,2000,4
22920,HEAVEN IS A PLACE ON EARTH,SODA CLUB FT HANNAH ALETHEA,89,LW:RE,13,5,2003-04-13,2003,2000,4
23052,DAMAGED,PLUMMET,12,LW:RE,12,2,2003-04-20,2003,2000,4
22704,SORRY SEEMS TO BE THE HARDEST WORD,BLUE FT ELTON JOHN,87,LW:RE,1,18,2003-04-20,2003,2000,4
22846,OK,BIG BROVAZ,100,LW:RE,7,10,2003-04-20,2003,2000,4
22723,STOLE,KELLY ROWLAND,60,LW:RE,2,12,2003-04-27,2003,2000,4
22973,BITTER END,PLACEBO,80,LW:RE,12,6,2003-04-27,2003,2000,4
22791,03 BONNIE & CLYDE,JAY-Z FT BEYONCE KNOWLES,88,LW:RE,2,13,2003-04-27,2003,2000,4
22705,WHAT MY HEART WANTS TO SAY,GARETH GATES,95,LW:RE,5,14,2003-04-27,2003,2000,4
22652,IF YOU' NOT THE ONE,DANIEL BEDINGFIELD,82,LW:RE,1,22,2003-05-04,2003,2000,5
8416,BACK BY DOPE DEMAND,KING BEE,97,LW:RE,61,4,2003-05-04,2003,2000,5
22771,LOVE STORY (VS FINALLY),LAYO & BUSHWACKA,98,LW:RE,8,9,2003-05-04,2003,2000,5
22866,PARADISE,LL COOL J FT AMERIE,99,LW:RE,18,8,2003-05-04,2003,2000,5
23192,RHYTHM IS A DANCER,SNAP,17,LW:RE,1,20,2003-05-11,2003,2000,5
10828,LUV 4 LUV,ROBIN S,78,LW:RE,11,8,2003-05-18,2003,2000,5
22844,CRY ME A RIVER,JUSTIN TIMBERLAKE,82,LW:RE,2,13,2003-05-18,2003,2000,5
23002,FLASH,QUEEN & VANGUARD,88,LW:RE,15,5,2003-05-18,2003,2000,5
22769,YEAR 3000,BUSTED,93,LW:RE,2,16,2003-05-18,2003,2000,5
22401,MUSIC IS THE DRUG/YOUR SERVE,LEE HASLAM,96,LW:RE,83,2,2003-05-18,2003,2000,5
18777,COMING ON STRONG,SIGNUM FT SCOTT MAC,99,LW:RE,50,5,2003-05-18,2003,2000,5
23084,GO WITH THE FLOW,QUEENS OF THE STONE AGE,82,LW:RE,21,4,2003-05-25,2003,2000,5
22880,BEAUTIFUL,CHRISTINA AGUILERA,90,LW:RE,1,13,2003-05-25,2003,2000,5
22444,I DON'T NEED THIS,HEAVENS CRY,98,LW:RE,80,3,2003-05-25,2003,2000,5
22999,SOMEWHE I BELONG,LINKIN PARK,87,LW:RE,10,9,2003-06-01,2003,2000,6
22723,STOLE,KELLY ROWLAND,91,LW:RE,2,15,2003-06-01,2003,2000,6
22918,KEEP ME A SECT,AINSLIE HENDERSON,93,LW:RE,5,11,2003-06-01,2003,2000,6
23083,IT'S TRICKY 2003,RUN DMC FT JACKNIFE LEE,97,LW:RE,20,4,2003-06-01,2003,2000,6
17840,HOUSE MUSIC,EDDIE AMADOR,98,LW:RE,37,3,2003-06-08,2003,2000,6
21388,HANDBAGS AND GLADRAGS,STEREOPHONICS,98,LW:RE,4,17,2003-06-15,2003,2000,6
22354,GIMME THE LIGHT,SEAN PAUL,99,LW:RE,5,11,2003-06-15,2003,2000,6
23191,DO IT WITH MADONNA,ANDROIDS,80,LW:RE,15,6,2003-06-22,2003,2000,6
22997,U MAKE ME WANNA,BLUE,100,LW:RE,4,11,2003-06-22,2003,2000,6
21661,WESTSIDE,ATHLETE,42,LW:RE,42,2,2003-06-29,2003,2000,6
23216,ALL ABOUT LOVIN' YOU,BON JOVI,71,LW:RE,9,6,2003-06-29,2003,2000,6
23246,MADAME HELGA,STEREOPHONICS,84,LW:RE,4,5,2003-06-29,2003,2000,6
23054,LOVE DOESN'T HAVE TO HURT,ATOMIC KITTEN,87,LW:RE,4,12,2003-06-29,2003,2000,6
22862,I CAN'T BAK DOWN,SINEAD QUINN,99,LW:RE,2,14,2003-06-29,2003,2000,6
23264,21 QUESTIONS,50 CENT,6,LW:RE,6,3,2003-07-06,2003,2000,7
23272,THE THE,RADIOHEAD,77,LW:RE,4,5,2003-07-06,2003,2000,7
23249,CAN'T MAKE UP MY MIND,SONIQUE,81,LW:RE,17,5,2003-07-06,2003,2000,7
23220,HOME,BONE THUGS-N-HARMONY/P COLLINS,89,LW:RE,19,5,2003-07-06,2003,2000,7
23217,EVERYBODY COME ON (CAN U FEEL IT),MR REDZ VS DJ SKRIBBLE,90,LW:RE,13,6,2003-07-06,2003,2000,7
22997,U MAKE ME WANNA,BLUE,100,LW:RE,4,12,2003-07-06,2003,2000,7
23457,A YOU ADY FOR LOVE,ELTON JOHN,66,LW:RE,42,7,2003-07-13,2003,2000,7
23300,SHAKESPEA'S WAY WITH WORDS,ONE TRUE VOICE,77,LW:RE,10,5,2003-07-13,2003,2000,7
23189,HUSAN,BHANGRA KNIGHTS VS HUSAN,80,LW:RE,7,8,2003-07-13,2003,2000,7
23306,WIMMIN',ASHLEY HAMILTON,98,LW:RE,27,4,2003-07-13,2003,2000,7
23108,SPEECHLESS,D-SIDE,97,LW:RE,9,12,2003-07-20,2003,2000,7
23381,I NEED SOMEBODY,SESSOMATTO,98,LW:RE,81,2,2003-07-20,2003,2000,7
23139,X GON' GIVE IT TO YA,DMX,76,LW:RE,6,13,2003-07-27,2003,2000,7
23187,TAKE YOUR SHOES OFF,CHEEKY GIRLS,79,LW:RE,3,11,2003-07-27,2003,2000,7
23247,NOT GONNA GET US,TATU,81,LW:RE,7,9,2003-07-27,2003,2000,7
23136,YOU SAID NO,BUSTED,85,LW:RE,1,11,2003-07-27,2003,2000,7
23246,MADAME HELGA,STEREOPHONICS,86,LW:RE,4,7,2003-07-27,2003,2000,7
23138,DON'T LET GO,DAVID SNEDDON,88,LW:RE,3,11,2003-07-27,2003,2000,7
23106,COME UNDONE,ROBBIE WILLIAMS,89,LW:RE,4,12,2003-07-27,2003,2000,7
22966,SPIRIT IN THE SKY,GARETH GATES FT THE KUMARS,93,LW:RE,1,18,2003-07-27,2003,2000,7
23337,GIRL IN THE MOON,DARIUS,95,LW:RE,21,3,2003-07-27,2003,2000,7
23340,BOUT,JAMELIA FT RAH DIGGA,99,LW:RE,37,3,2003-07-27,2003,2000,7
23366,UNIVERSALLY SPEAKING,RED HOT CHILI PEPPERS,83,LW:RE,27,3,2003-08-03,2003,2000,8
23422,WHAT YOU NEED IS,SINEAD QUINN,96,LW:RE,19,3,2003-08-03,2003,2000,8
23403,THIS IS YOUR NIGHT,ANOTHERSIDE,80,LW:RE,41,3,2003-08-10,2003,2000,8
23367,FIELD OF DAMS,FLIP & FILL FT JO JAMES,85,LW:RE,28,3,2003-08-10,2003,2000,8
23397,OVERRATED,SIOBHAN DONAGHY,90,LW:RE,19,4,2003-08-10,2003,2000,8
23364,HOW DID YOU KNOW,KURTIS MANTRONIK PTS CHAMONIX,97,LW:RE,16,5,2003-08-10,2003,2000,8
19034,SANCTUARY,DEJURE,62,LW:RE,62,5,2003-08-17,2003,2000,8
23363,GROWING ON ME,DARKNESS,80,LW:RE,11,6,2003-08-17,2003,2000,8
23423,C'MON,MARIO,90,LW:RE,28,3,2003-08-17,2003,2000,8
23421,LIGHTS OUT,LISA MARIE PRESLEY,91,LW:RE,16,5,2003-08-17,2003,2000,8
23422,WHAT YOU NEED IS,SINEAD QUINN,92,LW:RE,19,4,2003-08-17,2003,2000,8
23138,DON'T LET GO,DAVID SNEDDON,96,LW:RE,3,13,2003-08-17,2003,2000,8
23445,CRAZY BEAT,BLUR,99,LW:RE,18,4,2003-08-17,2003,2000,8
23470,GOLDEN TRIEVER,SUPER FURRY ANIMALS,86,LW:RE,13,4,2003-08-24,2003,2000,8
23479,NOTHING BUT YOU,PAUL VAN DYKE/HEMSTOCK/JENNING,92,LW:RE,39,4,2003-08-24,2003,2000,8
23247,NOT GONNA GET US,TATU,98,LW:RE,7,11,2003-08-24,2003,2000,8
22966,SPIRIT IN THE SKY,GARETH GATES FT THE KUMARS,99,LW:RE,1,20,2003-08-24,2003,2000,8
23457,A YOU ADY FOR LOVE,ELTON JOHN,1,LW:RE,1,10,2003-08-31,2003,2000,8
23472,YOU' FE,YOMANDA,76,LW:RE,22,4,2003-08-31,2003,2000,8
23447,FAKE,SIMPLY RED,81,LW:RE,21,5,2003-08-31,2003,2000,8
23334,I'M GLAD,JENNIFER LOPEZ,84,LW:RE,11,11,2003-08-31,2003,2000,8
23504,GIVE ME A ASON,TRIPLE EIGHT,85,LW:RE,9,5,2003-08-31,2003,2000,8
23392,ST ANGER,METALLICA,90,LW:RE,9,9,2003-08-31,2003,2000,8
23298,GAY BAR,ELECTRIC SIX,96,LW:RE,5,11,2003-08-31,2003,2000,8
23528,CHOOZA LOOZA,MARIA WILLSON,81,LW:RE,29,3,2003-09-07,2003,2000,9
23527,RHYTHM BANDITS,JUNIOR SENIOR,84,LW:RE,22,4,2003-09-07,2003,2000,9
23554,FALLEN ANGEL,ELBOW,92,LW:RE,19,4,2003-09-07,2003,2000,9
23363,GROWING ON ME,DARKNESS,93,LW:RE,11,8,2003-09-07,2003,2000,9
23524,SPANISH,CRAIG DAVID,68,LW:RE,8,6,2003-09-14,2003,2000,9
23523,ALL IN MY HEAD,KOSHEEN,69,LW:RE,7,6,2003-09-14,2003,2000,9
23525,IN LOVE,LISA MAFFIA,80,LW:RE,13,5,2003-09-14,2003,2000,9
23584,WE CAN,LEANN RIMES,93,LW:RE,27,3,2003-09-14,2003,2000,9
23569,E SAMBA,JUNIOR JACK,34,LW:RE,34,2,2003-09-21,2003,2000,9
23581,BEST OF ORDER,DAVID SNEDDON,80,LW:RE,19,4,2003-09-21,2003,2000,9
23582,MOLLY'S CHAMBERS,KINGS OF LEON,86,LW:RE,23,4,2003-09-21,2003,2000,9
23585,KEEP LOVE TOGETHER,SODA CLUB FT ANDREA ANATOLA,95,LW:RE,31,3,2003-09-21,2003,2000,9
23577,FINEST DAMS,RICHARD X FT KELIS,77,LW:RE,8,6,2003-09-28,2003,2000,9
23606,GO TO SLEEP,RADIOHEAD,80,LW:RE,12,5,2003-09-28,2003,2000,9
23363,GROWING ON ME,DARKNESS,92,LW:RE,11,10,2003-09-28,2003,2000,9
23609,STOP,BLACK REBEL MOTORCYCLE CLUB,94,LW:RE,19,4,2003-09-28,2003,2000,9
9481,ON A RAGGA TIP,SL2,97,LW:RE,2,12,2003-09-28,2003,2000,9
23440,FEEL GOOD TIME,PINK FT WILLIAM ORBIT,76,LW:RE,3,12,2003-10-05,2003,2000,10
23636,SANTA CRUZ (YOU' NOT THAT FAR),THRILLS,80,LW:RE,33,3,2003-10-05,2003,2000,10
23329,FIGHTER,CHRISTINA AGUILERA,81,LW:RE,3,14,2003-10-05,2003,2000,10
23553,CAN'T LET YOU GO,FABOLOUS,84,LW:RE,14,6,2003-10-05,2003,2000,10
23502,MAYBE TOMORROW,STEREOPHONICS,87,LW:RE,3,9,2003-10-05,2003,2000,10
23629,GENIE IN A BOTTLE/SAVE YOURSELF,SPEEDWAY,88,LW:RE,10,5,2003-10-05,2003,2000,10
23359,LOST WITHOUT YOU,DELTA GOODREM,90,LW:RE,4,12,2003-10-05,2003,2000,10
23613,FIRST IT GIVETH,QUEENS OF THE STONE AGE,92,LW:RE,33,3,2003-10-05,2003,2000,10
23246,MADAME HELGA,STEREOPHONICS,93,LW:RE,4,9,2003-10-05,2003,2000,10
23635,EYE FOR AN EYE,UNKLE,94,LW:RE,31,3,2003-10-05,2003,2000,10
23632,DO ME WRONG,MEL BLATT,95,LW:RE,18,4,2003-10-05,2003,2000,10
23441,AL THINGS,JAVINE,96,LW:RE,4,10,2003-10-05,2003,2000,10
23468,PASS IT ON,CORAL,97,LW:RE,5,9,2003-10-05,2003,2000,10
21829,BEAUTIFUL,PAUL GLAZBY,98,LW:RE,98,2,2003-10-05,2003,2000,10
23264,21 QUESTIONS,50 CENT,100,LW:RE,6,11,2003-10-05,2003,2000,10
23526,JUNEAU,FUNERAL FOR A FRIEND,76,LW:RE,19,4,2003-10-12,2003,2000,10
23610,I NEED YOU,DAVE GAHAN,79,LW:RE,27,3,2003-10-12,2003,2000,10
22941,I BEGIN TO WONDER,DANNII MINOGUE,84,LW:RE,2,12,2003-10-12,2003,2000,10
23026,TONIGHT/MISS YOU NIGHTS,WESTLIFE,85,LW:RE,3,11,2003-10-12,2003,2000,10
5484,BIG FUN,INNER CITY,86,LW:RE,8,15,2003-10-12,2003,2000,10
22945,DON'T THINK YOU' THE FIRST,CORAL,87,LW:RE,10,7,2003-10-12,2003,2000,10
23417,FOOL NO MO,S CLUB 8,91,LW:RE,4,9,2003-10-12,2003,2000,10
23443,COME ON OVER,KYM MARSH,93,LW:RE,10,8,2003-10-12,2003,2000,10
23506,STRICT MACHINE,GOLDFRAPP,94,LW:RE,25,4,2003-10-12,2003,2000,10
23334,I'M GLAD,JENNIFER LOPEZ,97,LW:RE,11,14,2003-10-12,2003,2000,10
23191,DO IT WITH MADONNA,ANDROIDS,98,LW:RE,15,8,2003-10-12,2003,2000,10
23330,DON'T WANNA LOSE THIS FEELING,DANNII MINOGUE,100,LW:RE,5,12,2003-10-12,2003,2000,10
3089,OH L'AMOUR,ERASURE,13,LW:RE,13,5,2003-10-19,2003,2000,10
23665,GOOD TIME,A,78,LW:RE,23,3,2003-10-19,2003,2000,10
23698,GET IT TOGETHER,SEAL,84,LW:RE,25,4,2003-10-19,2003,2000,10
23031,BEAUTIFUL,SNOOP DOGG FT PHARRELL,93,LW:RE,23,28,2003-10-19,2003,2000,10
22828,DAVID,GUS GUS,97,LW:RE,52,3,2003-10-19,2003,2000,10
22966,SPIRIT IN THE SKY,GARETH GATES FT THE KUMARS,98,LW:RE,1,21,2003-10-19,2003,2000,10
23247,NOT GONNA GET US,TATU,99,LW:RE,7,12,2003-10-19,2003,2000,10
23693,DANCE WITH YOU (NACHNA TE NAAL),RISHI RICH PROJECT FT JAY SEAN,79,LW:RE,12,6,2003-10-26,2003,2000,10
23695,SHOW ME A SIGN,KONTAKT,88,LW:RE,19,5,2003-10-26,2003,2000,10
23660,WILDEST DAMS,IRON MAIDEN,91,LW:RE,6,7,2003-10-26,2003,2000,10
23757,FIND THE COLOUR,FEEDER,93,LW:RE,24,3,2003-10-26,2003,2000,10
23887,BORN SLIPPY NUXX,UNDERWORLD,27,LW:RE,2,39,2003-11-02,2003,2000,11
23575,SLEEPING WITH THE LIGHT ON,BUSTED,83,LW:RE,3,11,2003-11-02,2003,2000,11
23726,THE GOLDEN PATH,CHEMICAL BROTHERS/FLAMING LIPS,89,LW:RE,17,5,2003-11-02,2003,2000,11
23724,BROKEN SILENCE,SO SOLID CREW,91,LW:RE,9,6,2003-11-02,2003,2000,11
23170,HURT/PERSONAL JESUS,JOHNNY CASH,39,LW:RE,39,3,2003-11-09,2003,2000,11
23756,DOWNLOAD IT,CLEA,82,LW:RE,21,4,2003-11-09,2003,2000,11
23663,SYMPATHY FOR THE DEVIL,ROLLING STONES,87,LW:RE,14,7,2003-11-09,2003,2000,11
23363,GROWING ON ME,DARKNESS,94,LW:RE,11,11,2003-11-09,2003,2000,11
23274,FLY ON THE WINGS OF LOVE,XTM & DJ CHUCKY PTS ANNIA,96,LW:RE,8,20,2003-11-09,2003,2000,11
6309,SATISFACTION,EVE,99,LW:RE,2,12,2003-11-09,2003,2000,11
23795,12:51,STROKES,79,LW:RE,7,5,2003-11-16,2003,2000,11
23755,WILDERNESS,JURGEN VRIES FT SHENA,82,LW:RE,20,4,2003-11-16,2003,2000,11
23798,GOOD BOYS,BLONDIE,85,LW:RE,12,4,2003-11-16,2003,2000,11
23690,TIME IS RUNNING OUT,MUSE,88,LW:RE,8,9,2003-11-16,2003,2000,11
23693,DANCE WITH YOU (NACHNA TE NAAL),RISHI RICH PROJECT FT JAY SEAN,100,LW:RE,12,7,2003-11-16,2003,2000,11
23858,I CAN'T LET YOU GO,IAN VAN DAHL,86,LW:RE,20,5,2003-11-30,2003,2000,11
23548,PTTY GEN EYES,ULTRABEAT,90,LW:RE,2,15,2003-11-30,2003,2000,11
23551,FRONTIN',PHARRELL WILLIAMS FT JAY-Z,98,LW:RE,6,11,2003-11-30,2003,2000,11
23031,BEAUTIFUL,SNOOP DOGG FT PHARRELL,100,LW:RE,23,30,2003-11-30,2003,2000,11
23964,SHUT UP,BLACK EYED PEAS,2,LW:RE,2,3,2003-12-07,2003,2000,12
6309,SATISFACTION,EVE,80,LW:RE,2,13,2003-12-07,2003,2000,12
23521,NEVER LEAVE YOU (UH OOOH UH OOOH),LUMIDEE,81,LW:RE,2,14,2003-12-07,2003,2000,12
23416,CRAZY IN LOVE,BEYONCE,83,LW:RE,1,16,2003-12-07,2003,2000,12
23159,LONELINESS,TOMCRAFT,90,LW:RE,1,15,2003-12-07,2003,2000,12
23234,BRING ME TO LIFE,EVANESCENCE,93,LW:RE,1,21,2003-12-07,2003,2000,12
22969,IN DA CLUB,50 CENT,96,LW:RE,3,25,2003-12-07,2003,2000,12
23626,LIKE GLUE,SEAN PAUL,99,LW:RE,3,11,2003-12-07,2003,2000,12
23998,CHANGE CLOTHES,JAY-Z,32,LW:RE,32,2,2003-12-14,2003,2000,12
23851,JUMPIN',LIBERTY X,72,LW:RE,6,7,2003-12-14,2003,2000,12
23457,A YOU ADY FOR LOVE,ELTON JOHN,77,LW:RE,1,23,2003-12-14,2003,2000,12
23915,THE GAT TEST,HUNDRED REASONS,84,LW:RE,29,3,2003-12-14,2003,2000,12
23719,SWEET DAMS MY LA EX,RACHEL STEVENS,85,LW:RE,2,11,2003-12-14,2003,2000,12
23105,AMERICAN LIFE,MADONNA,86,LW:RE,2,14,2003-12-14,2003,2000,12
23913,I'M COMIN WITH YA,MATT GOSS,87,LW:RE,22,3,2003-12-14,2003,2000,12
23917,ROLLOVER DJ,JET,95,LW:RE,34,3,2003-12-14,2003,2000,12
23246,MADAME HELGA,STEREOPHONICS,97,LW:RE,4,11,2003-12-14,2003,2000,12
23107,OUT OF TIME,BLUR,100,LW:RE,5,11,2003-12-14,2003,2000,12
22734,SHE CAME HOME FOR CHRISTMAS,MEW,55,LW:RE,55,2,2003-12-21,2003,2000,12
23944,SINCE I TOLD YOU IT'S OVER,STEREOPHONICS,80,LW:RE,16,5,2003-12-21,2003,2000,12
23911,STEP IN THE NAME OF LOVE/THOIA THONG,R KELLY,82,LW:RE,14,5,2003-12-21,2003,2000,12
23853,SO YESTERDAY,HILARY DUFF,84,LW:RE,9,8,2003-12-21,2003,2000,12
23939,LOST FOR WORDS,RONAN KEATING,85,LW:RE,9,5,2003-12-21,2003,2000,12
12640,SET YOU FE,N-TRANCE,64,LW:RE,2,33,2005-01-02,2005,2000,1
24179,COME WITH ME,SPECIAL D,86,LW:RE,6,16,2005-01-02,2005,2000,1
22139,SHOOTING STAR,FLIP & FILL,87,LW:RE,3,11,2005-01-02,2005,2000,1
24184,(ACH UP FOR THE) SUNRISE,DURAN DURAN,94,LW:RE,5,5,2005-01-02,2005,2000,1
24185,AFRODISIAC,BRANDY,95,LW:RE,11,9,2005-01-02,2005,2000,1
24186,WELCOME BACK/BATHE STTCH SHAKE,MASE,96,LW:RE,29,3,2005-01-02,2005,2000,1
24187,DUSK TIL DAWN,DANNY HOWELLS & DICK TREVOR,97,LW:RE,37,3,2005-01-02,2005,2000,1
24189,DON'T EVER THINK (TOO MUCH),ZUTONS,99,LW:RE,15,4,2005-01-02,2005,2000,1
24190,PDICTABLE,GOOD CHARLOTTE,100,LW:RE,12,5,2005-01-02,2005,2000,1
23972,STYLE,MIS-TEEQ,68,LW:RE,13,5,2004-01-04,2004,2000,1
23822,BAD DAY,REM,81,LW:RE,8,8,2004-01-04,2004,2000,1
23603,LIFE GOT COLD,GIRLS ALOUD,88,LW:RE,3,10,2004-01-04,2004,2000,1
23825,JUST A LITTLE MO LOVE,DAVID GUETTA,89,LW:RE,19,5,2004-01-04,2004,2000,1
23716,RUBBERNECKIN',ELVIS PRESLEY,90,LW:RE,5,12,2004-01-04,2004,2000,1
23190,FORGET ABOUT TOMORROW,FEEDER,91,LW:RE,12,5,2004-01-04,2004,2000,1
23690,TIME IS RUNNING OUT,MUSE,92,LW:RE,8,13,2004-01-04,2004,2000,1
23858,I CAN'T LET YOU GO,IAN VAN DAHL,94,LW:RE,20,7,2004-01-04,2004,2000,1
23754,FRANTIC,METALLICA,97,LW:RE,16,4,2004-01-04,2004,2000,1
23692,TOO FAR GONE,LISA SCOTT-LEE,98,LW:RE,11,5,2004-01-04,2004,2000,1
23159,LONELINESS,TOMCRAFT,99,LW:RE,1,16,2004-01-04,2004,2000,1
22862,I CAN'T BAK DOWN,SINEAD QUINN,100,LW:RE,2,15,2004-01-04,2004,2000,1
23560,KLUB KOLLABORATIONS,BK,59,LW:RE,43,3,2004-01-11,2004,2000,1
22821,DJ NATION - BOOTLEG EDITION,NUKLEUZ DJ'S,63,LW:RE,33,3,2004-01-11,2004,2000,1
23015,HARD TRANCE EP - VOL 3,VARIOUS ARTISTS,76,LW:RE,76,3,2004-01-11,2004,2000,1
23820,MAYBE,EMMA,77,LW:RE,6,11,2004-01-11,2004,2000,1
23941,FORTUNE FADED,RED HOT CHILI PEPPERS,78,LW:RE,11,6,2004-01-11,2004,2000,1
23777,-OFFENDER,TRAVIS,81,LW:RE,7,5,2004-01-11,2004,2000,1
23720,HEY WHATEVER,WESTLIFE,85,LW:RE,4,8,2004-01-11,2004,2000,1
23751,GOING UNDER,EVANESCENCE,86,LW:RE,8,7,2004-01-11,2004,2000,1
23653,ACCELERATE,BK & AND FARLEY,88,LW:RE,87,3,2004-01-11,2004,2000,1
23002,FLASH,QUEEN & VANGUARD,95,LW:RE,15,7,2004-01-11,2004,2000,1
23978,BORN AGAIN,STARSAILOR,97,LW:RE,40,3,2004-01-11,2004,2000,1
22888,DEEP SOUTH,LAYO & BUSHWACKA,98,LW:RE,89,2,2004-01-11,2004,2000,1
23752,INNOCENT EYES,DELTA GOODREM,100,LW:RE,9,10,2004-01-11,2004,2000,1
23011,T-10/THE TENTH PLANET,DISTORTED MINDS,45,LW:RE,43,3,2004-01-18,2004,2000,1
23971,ADDICTED,ENRIQUE IGLESIAS,76,LW:RE,11,7,2004-01-18,2004,2000,1
24004,FEELING THIS,BLINK 182,77,LW:RE,15,6,2004-01-18,2004,2000,1
24003,RAINMAKER,IRON MAIDEN,82,LW:RE,13,6,2004-01-18,2004,2000,1
23883,LOVE ME RIGHT (OH SHEILA),ANGEL CITY FT LARA MCALLEN,84,LW:RE,11,9,2004-01-18,2004,2000,1
24005,BEHIND BLUE EYES,LIMP BIZKIT,85,LW:RE,18,7,2004-01-18,2004,2000,1
23105,AMERICAN LIFE,MADONNA,92,LW:RE,2,18,2004-01-18,2004,2000,1
24084,CHRISTMAS IS ALL AROUND,BILLY MACK,83,LW:RE,26,4,2004-01-25,2004,2000,1
23853,SO YESTERDAY,HILARY DUFF,85,LW:RE,9,11,2004-01-25,2004,2000,1
23945,LUCKY STAR,BASEMENT JAXX FT DIZZEE RASCAL,90,LW:RE,23,8,2004-01-25,2004,2000,1
15369,I AM,CHAKRA,97,LW:RE,24,3,2004-01-25,2004,2000,1
22570,UNBAKABLE,WESTLIFE,76,LW:RE,1,20,2004-02-01,2004,2000,2
23560,KLUB KOLLABORATIONS,BK,80,LW:RE,43,5,2004-02-01,2004,2000,2
23941,FORTUNE FADED,RED HOT CHILI PEPPERS,83,LW:RE,11,8,2004-02-01,2004,2000,2
23852,GOT SOME TEETH,OBIE TRICE,85,LW:RE,8,13,2004-02-01,2004,2000,2
23820,MAYBE,EMMA,87,LW:RE,6,13,2004-02-01,2004,2000,2
23689,CAN'T HOLD US DOWN,CHRISTINA AGUILERA FT LIL' KIM,88,LW:RE,6,10,2004-02-01,2004,2000,2
15534,THE FUNK PHENOMENA,ARMAND VAN HELDEN,90,LW:RE,38,3,2004-02-01,2004,2000,2
23935,CHA CHA SLIDE,MC JIG,93,LW:RE,93,2,2004-02-01,2004,2000,2
20357,THE NEXT EPISODE,DR DRE FT SNOOP DOGG,58,LW:RE,3,13,2004-02-08,2004,2000,2
23819,P.I.M.P.,50 CENT,59,LW:RE,5,9,2004-02-08,2004,2000,2
21458,BAD INTENTIONS,DR DRE FT KNOC-TURN'AL,67,LW:RE,4,11,2004-02-08,2004,2000,2
20378,SHIT ON YOU,D12,71,LW:RE,10,12,2004-02-08,2004,2000,2
19729,THE AL SLIM SHADY,EMINEM,72,LW:RE,1,16,2004-02-08,2004,2000,2
20847,PURPLE PILLS,D12,76,LW:RE,2,16,2004-02-08,2004,2000,2
22679,LOSE YOURSELF,EMINEM,77,LW:RE,1,32,2004-02-08,2004,2000,2
24031,AL WORLD,D-SIDE,78,LW:RE,9,9,2004-02-08,2004,2000,2
23720,HEY WHATEVER,WESTLIFE,79,LW:RE,4,9,2004-02-08,2004,2000,2
20258,STAN,EMINEM,82,LW:RE,1,21,2004-02-08,2004,2000,2
21929,WITHOUT ME,EMINEM,83,LW:RE,1,17,2004-02-08,2004,2000,2
20682,DAYS GO BY,DIRTY VEGAS,84,LW:RE,16,5,2004-02-08,2004,2000,2
24028,SAY IT ISN'T SO,GARETH GATES,85,LW:RE,4,9,2004-02-08,2004,2000,2
21911,LA LA LAND,GREEN VELVET,88,LW:RE,29,3,2004-02-08,2004,2000,2
20660,BEL AMOUR,BEL AMOUR,89,LW:RE,23,4,2004-02-08,2004,2000,2
23880,TROUBLE,PINK,90,LW:RE,7,13,2004-02-08,2004,2000,2
23631,SHAKE IT (MOVE A LITTLE CLOSER),LEE CABRERA FT ALEX CARTANA,91,LW:RE,16,7,2004-02-08,2004,2000,2
24004,FEELING THIS,BLINK 182,92,LW:RE,15,8,2004-02-08,2004,2000,2
23776,SUNDOWN,S CLUB 8,93,LW:RE,4,11,2004-02-08,2004,2000,2
23442,BUSINESS,EMINEM,94,LW:RE,6,10,2004-02-08,2004,2000,2
20046,THE WAY I AM,EMINEM,95,LW:RE,8,10,2004-02-08,2004,2000,2
21651,IT'S GONNA BE (A LOVELY DAY),BRANCACCIO & AISHER,97,LW:RE,40,3,2004-02-08,2004,2000,2
22942,SING FOR THE MOMENT,EMINEM,99,LW:RE,6,11,2004-02-08,2004,2000,2
24085,STUNT 101,G UNIT,76,LW:RE,25,8,2004-02-15,2004,2000,2
23971,ADDICTED,ENRIQUE IGLESIAS,96,LW:RE,11,10,2004-02-15,2004,2000,2
23966,MANDY,WESTLIFE,98,LW:RE,1,12,2004-02-15,2004,2000,2
23850,GUILTY,BLUE,81,LW:RE,2,12,2004-02-22,2004,2000,2
23853,SO YESTERDAY,HILARY DUFF,90,LW:RE,9,13,2004-02-22,2004,2000,2
24224,ALL I WANNA DO,AMY STUDT,100,LW:RE,21,5,2004-02-22,2004,2000,2
13591,MYSTERIOUS GIRL,PETER ANDRE,1,LW:RE,1,20,2004-02-29,2004,2000,2
24208,BRING IT ON/MY LOVER'S PRAYER,ALISTAIR GRIFFIN FT ROBIN GIBB,85,LW:RE,5,7,2004-02-29,2004,2000,2
24006,IT'S MY LIFE,NO DOUBT,93,LW:RE,20,9,2004-02-29,2004,2000,2
23704,DARTS OF PLEASU,FRANZ FERDINAND,94,LW:RE,44,3,2004-02-29,2004,2000,2
20378,SHIT ON YOU,D12,95,LW:RE,10,14,2004-02-29,2004,2000,2
20258,STAN,EMINEM,96,LW:RE,1,23,2004-02-29,2004,2000,2
24296,TURN ME OUT,MEAT KATIE MEETS CHRISTIAN J,97,LW:RE,97,2,2004-02-29,2004,2000,2
24315,TAKE OFF,STIMULATOR,100,LW:RE,79,2,2004-02-29,2004,2000,2
23909,FLIP VERSE,BLAZIN' SQUAD,85,LW:RE,2,11,2004-03-07,2004,2000,3
23971,ADDICTED,ENRIQUE IGLESIAS,88,LW:RE,11,12,2004-03-07,2004,2000,3
23429,GIVE ME A ASON,TONY DE VIT FT NIKI MAK,89,LW:RE,53,3,2004-03-07,2004,2000,3
23832,WHAT CAN YOU DO 4 ME,LISA LASHES,92,LW:RE,52,3,2004-03-07,2004,2000,3
23937,ME AGAINST THE MUSIC,BRITNEY SPEARS FT MADONNA,93,LW:RE,2,13,2004-03-07,2004,2000,3
23852,GOT SOME TEETH,OBIE TRICE,95,LW:RE,8,17,2004-03-07,2004,2000,3
23442,BUSINESS,EMINEM,99,LW:RE,6,13,2004-03-07,2004,2000,3
24033,HYSTERIA,MUSE,100,LW:RE,17,9,2004-03-07,2004,2000,3
19661,FEEL SO GOOD,JON THE DENTIST VS OLLIE JAYE,88,LW:RE,72,3,2004-03-14,2004,2000,3
23968,MAYBE THAT'S WHAT IT TAKES,ALEX PARKS,89,LW:RE,3,10,2004-03-14,2004,2000,3
20752,LET'S ROCK,E-TRAX,92,LW:RE,60,5,2004-03-14,2004,2000,3
17950,WHAT YA GOT 4 ME,SIGNUM,94,LW:RE,35,4,2004-03-14,2004,2000,3
23130,CALLING FOR YOU/EMOTION,LEE PASCH,95,LW:RE,86,2,2004-03-14,2004,2000,3
23464,PLAY,STIMULATOR,96,LW:RE,93,2,2004-03-14,2004,2000,3
24081,SIGNED SEALED DELIVED I'M YOURS,BLUE FT STEVIE WONDER,87,LW:RE,11,11,2004-03-21,2004,2000,3
22830,U KNOW Y,MOGUAI,91,LW:RE,62,3,2004-03-21,2004,2000,3
19957,HOOVERTIME,STIMULANT DJ'S,93,LW:RE,78,2,2004-03-21,2004,2000,3
24398,THROUGH THE WI,KANYE WEST,9,LW:RE,9,2,2004-03-28,2004,2000,3
23156,NEAR THAN HEAVEN,DELAYS,21,LW:RE,21,2,2004-03-28,2004,2000,3
23786,TRAFFIC,TIESTO,85,LW:RE,48,3,2004-03-28,2004,2000,3
24258,LAST TRAIN HOME,LOSTPROPHETS,90,LW:RE,8,8,2004-03-28,2004,2000,3
22969,IN DA CLUB,50 CENT,92,LW:RE,3,27,2004-03-28,2004,2000,3
23819,P.I.M.P.,50 CENT,94,LW:RE,5,13,2004-03-28,2004,2000,3
24285,THE SET UP (YOU DON'T KNOW),OBIE TRICE FT NATE DOGG,96,LW:RE,32,4,2004-03-28,2004,2000,3
20357,THE NEXT EPISODE,DR DRE FT SNOOP DOGG,100,LW:RE,3,17,2004-03-28,2004,2000,3
24301,ROCK YOUR BODY ROCK,FERRY CORSTEN,75,LW:RE,11,6,2004-04-04,2004,2000,4
24257,I'LL BE THE,EMMA,76,LW:RE,7,9,2004-04-04,2004,2000,4
24302,CAN'T TURN BACK,SPEEDWAY,78,LW:RE,12,5,2004-04-04,2004,2000,4
23937,ME AGAINST THE MUSIC,BRITNEY SPEARS FT MADONNA,81,LW:RE,2,14,2004-04-04,2004,2000,4
18057,HEARTBAKER,MARIAH CAREY,86,LW:RE,5,15,2004-04-04,2004,2000,4
20483,X,XZIBIT,100,LW:RE,14,8,2004-04-04,2004,2000,4
24300,IT TAKES SCOOP,FATMAN SCOOP/CROOKLYN CLAN,78,LW:RE,9,7,2004-04-11,2004,2000,4
24076,CHRISTMAS TIME (DON'T LET THE BELLS END),DARKNESS,84,LW:RE,2,8,2004-04-11,2004,2000,4
24081,SIGNED SEALED DELIVED I'M YOURS,BLUE FT STEVIE WONDER,86,LW:RE,11,13,2004-04-11,2004,2000,4
24299,MOVIESTAR,STEREOPHONICS,90,LW:RE,5,6,2004-04-11,2004,2000,4
23437,DANCIN,ERICK MORILLO & HARRY ROMERO,91,LW:RE,91,3,2004-04-11,2004,2000,4
23936,CRASHED THE WEDDING,BUSTED,92,LW:RE,1,13,2004-04-11,2004,2000,4
24077,PROPER CRIMBO,BO SELECTA,95,LW:RE,4,11,2004-04-11,2004,2000,4
24169,COMFORTABLY NUMB,SCISSOR SISTERS,98,LW:RE,10,8,2004-04-11,2004,2000,4
24324,CRY,ALEX PARKS,100,LW:RE,13,5,2004-04-11,2004,2000,4
23908,SLOW,KYLIE MINOGUE,91,LW:RE,1,11,2004-04-18,2004,2000,4
23879,IF YOU COME TO ME,ATOMIC KITTEN,93,LW:RE,3,11,2004-04-18,2004,2000,4
24409,THESE A THE DAYS/FRONTIN',JAMIE CULLUM,80,LW:RE,12,6,2004-04-25,2004,2000,4
24030,LIFE FOR NT,DIDO,85,LW:RE,8,10,2004-04-25,2004,2000,4
24322,GIVE IT AWAY,DEEPEST BLUE,86,LW:RE,9,9,2004-04-25,2004,2000,4
24340,CEPSHOW/WEIGHED DOWN,PLUMP DJS,87,LW:RE,77,2,2004-04-25,2004,2000,4
24470,I'M ALLY HOT,MISSY ELLIOTT,80,LW:RE,22,5,2004-05-02,2004,2000,5
24440,YOU AND ME (TONIGHT),ALISTAIR GRIFFIN,86,LW:RE,18,4,2004-05-02,2004,2000,5
23938,HEY YA,OUTKAST,94,LW:RE,3,22,2004-05-02,2004,2000,5
24532,STRICTLY SOCIAL/AUTUMN,RONI SIZE/DIE,100,LW:RE,70,3,2004-05-02,2004,2000,5
21965,PASS THE COURVOISIER - PART II,BUSTA RHYMES/P DIDDY/PHARRELL,71,LW:RE,16,8,2004-05-09,2004,2000,5
22817,MAKE IT CLAP,BUSTA RHYMES FT SPLIFF STAR,80,LW:RE,16,7,2004-05-09,2004,2000,5
22742,ACT,ERICK SERMON FT REDMAN,87,LW:RE,14,7,2004-05-09,2004,2000,5
23942,STAND UP,LUDACRIS,89,LW:RE,14,8,2004-05-09,2004,2000,5
23573,LIGHT YOUR ASS ON FI,BUSTA RHYMES FT PHARRELL,92,LW:RE,62,3,2004-05-09,2004,2000,5
22876,WHEN THE LAST TIME,CLIPSE,95,LW:RE,41,3,2004-05-09,2004,2000,5
23998,CHANGE CLOTHES,JAY-Z,99,LW:RE,32,10,2004-05-09,2004,2000,5
22351,NOTHIN',NORE,72,LW:RE,11,9,2004-05-16,2004,2000,5
22490,SHINED ON ME,PRAISE CATS,78,LW:RE,56,3,2004-05-16,2004,2000,5
20745,WHAT'S YOUR FANTASY,LUDACRIS,80,LW:RE,19,6,2004-05-16,2004,2000,5
23139,X GON' GIVE IT TO YA,DMX,82,LW:RE,6,15,2004-05-16,2004,2000,5
22415,SATURDAY (OOOH OOOH),LUDACRIS,83,LW:RE,31,3,2004-05-16,2004,2000,5
21447,GIRLS GIRLS GIRLS,JAY-Z,86,LW:RE,11,10,2004-05-16,2004,2000,5
22213,OH BOY,CAM'RON FT JUELZ SANTANA,91,LW:RE,13,8,2004-05-16,2004,2000,5
20262,I JUST WANNA LOVE U (GIVE IT 2 ME),JAY-Z,96,LW:RE,17,9,2004-05-16,2004,2000,5
24674,WATERLOO,ABBA,20,LW:RE,1,10,2004-05-23,2004,2000,5
24581,MAKE THE WORLD GO ROUND 2004,SANDY B,69,LW:RE,51,3,2004-05-23,2004,2000,5
21058,SMASH SUMTHIN',REDMAN FT ADAM F,92,LW:RE,11,9,2004-05-23,2004,2000,5
24081,SIGNED SEALED DELIVED I'M YOURS,BLUE FT STEVIE WONDER,100,LW:RE,11,17,2004-05-23,2004,2000,5
23633,A YOU GONNA BE MY GIRL,JET,16,LW:RE,16,3,2004-05-30,2004,2000,5
13591,MYSTERIOUS GIRL,PETER ANDRE,81,LW:RE,1,31,2004-05-30,2004,2000,5
18282,CAN I GET A ...,JAY-Z FT AMIL/JA RULE,85,LW:RE,24,4,2004-05-30,2004,2000,5
24075,MAD WORLD,MICHAEL ANDREWS FT GARY JULES,87,LW:RE,1,16,2004-05-30,2004,2000,5
21215,IZZO (H.O.V.A.),JAY-Z,89,LW:RE,21,6,2004-05-30,2004,2000,5
24552,ROCKING MUSIC,MARTIN SOLVEIG,99,LW:RE,35,5,2004-05-30,2004,2000,5
24753,RAPPER'S DELIGHT,SUGARHILL GANG,78,LW:RE,3,12,2004-06-06,2004,2000,6
24575,LAST TO KNOW,PINK,87,LW:RE,21,5,2004-06-06,2004,2000,6
24094,HE NOT IN,CHICKEN LIPS,88,LW:RE,88,2,2004-06-06,2004,2000,6
24469,IN THE MIDDLE,SUGABABES,90,LW:RE,8,9,2004-06-06,2004,2000,6
20898,STETLIFE,CLASS A,96,LW:RE,81,2,2004-06-06,2004,2000,6
24297,WITH A LITTLE HELP FROM MY FRIENDS,SAM & MARK,99,LW:RE,1,14,2004-06-06,2004,2000,6
23894,LAURA,SCISSOR SISTERS,12,LW:RE,12,3,2004-06-13,2004,2000,6
24790,THE NIGHT TRAIN,KADOC,84,LW:RE,14,9,2004-06-13,2004,2000,6
24795,FLIGHT 643,TIESTO,89,LW:RE,56,3,2004-06-13,2004,2000,6
23786,TRAFFIC,TIESTO,90,LW:RE,48,4,2004-06-13,2004,2000,6
24544,IF I THOUGHT YOU'D EVER CHANGE YOUR MIND,AGNETHA FALTSKOG,91,LW:RE,11,6,2004-06-13,2004,2000,6
24546,SOME GIRLS/BLOWIN' ME UP,JC CHASEZ,97,LW:RE,13,7,2004-06-13,2004,2000,6
24490,SLOW JAMZ,TWISTA,78,LW:RE,3,11,2004-06-20,2004,2000,6
24573,HOLD ON TO OUR LOVE,JAMES FOX,85,LW:RE,13,8,2004-06-20,2004,2000,6
24081,SIGNED SEALED DELIVED I'M YOURS,BLUE FT STEVIE WONDER,96,LW:RE,11,18,2004-06-20,2004,2000,6
24784,JACK AND JILL PARTY,PETE BURNS,79,LW:RE,75,2,2004-06-27,2004,2000,6
23786,TRAFFIC,TIESTO,97,LW:RE,48,5,2004-06-27,2004,2000,6
24075,MAD WORLD,MICHAEL ANDREWS FT GARY JULES,100,LW:RE,1,18,2004-06-27,2004,2000,6
24671,OUR LIVES,CALLING,82,LW:RE,13,5,2004-07-04,2004,2000,7
24670,CALLING ALL GIRLS,ATL,83,LW:RE,12,6,2004-07-04,2004,2000,7
24644,IRISH BLOOD ENGLISH HEART,MORRISSEY,89,LW:RE,3,6,2004-07-04,2004,2000,7
24883,FORGET ME NOTS,PATRICE RUSHEN,90,LW:RE,8,12,2004-07-04,2004,2000,7
24884,LE FAK,CHIC,91,LW:RE,7,17,2004-07-04,2004,2000,7
24673,NOW WE A FE,GLADIATOR FT IZZY,97,LW:RE,19,5,2004-07-04,2004,2000,7
24375,AMAZING,GEORGE MICHAEL,98,LW:RE,4,12,2004-07-04,2004,2000,7
24572,MATINEE,FRANZ FERDINAND,100,LW:RE,8,7,2004-07-04,2004,2000,7
23862,CANNONBALL,DAMIEN RICE,19,LW:RE,19,3,2004-07-11,2004,2000,7
23566,I LOVE YOU 'CAUSE I HAVE TO,DOGS DIE IN HOT CARS,32,LW:RE,32,2,2004-07-11,2004,2000,7
24737,EVERYBODY'S FOOL,EVANESCENCE,78,LW:RE,24,4,2004-07-11,2004,2000,7
24437,YOUR GAME,WILL YOUNG,98,LW:RE,3,10,2004-07-11,2004,2000,7
23732,SPITTING GAMES,SNOW PATROL,23,LW:RE,23,3,2004-07-18,2004,2000,7
24769,ALL NITE (DON'T STOP)/I WANT YOU,JANET JACKSON,76,LW:RE,19,5,2004-07-18,2004,2000,7
24700,BLOOD SWEAT AND TEARS,V,80,LW:RE,6,6,2004-07-18,2004,2000,7
24520,I LIKE IT,NARCOTIC THRUST,81,LW:RE,9,7,2004-07-18,2004,2000,7
24735,CRICKETS SING FOR ANAMARIA,EMMA,92,LW:RE,15,5,2004-07-18,2004,2000,7
24734,HEAVEN AND EARTH,POP,96,LW:RE,14,3,2004-07-18,2004,2000,7
13591,MYSTERIOUS GIRL,PETER ANDRE,100,LW:RE,1,33,2004-07-18,2004,2000,7
24729,INSANIA,PETER ANDRE,76,LW:RE,3,7,2004-07-25,2004,2000,7
24489,5 COLOURS IN HER HAIR,MCFLY,84,LW:RE,1,15,2004-07-25,2004,2000,7
24645,DON'T TELL ME,AVRIL LAVIGNE,85,LW:RE,5,10,2004-07-25,2004,2000,7
24597,AIR HOSTESS,BUSTED,66,LW:RE,2,8,2004-08-01,2004,2000,8
24803,DUALITY,SLIPKNOT,73,LW:RE,15,6,2004-08-01,2004,2000,8
24804,BEST OF MY LOVE,JAVINE,77,LW:RE,18,5,2004-08-01,2004,2000,8
24611,BAKIRI BAN,HAVANA FUNK,78,LW:RE,77,2,2004-08-01,2004,2000,8
24621,SINGLE,NATASHA BEDINGFIELD,81,LW:RE,3,11,2004-08-01,2004,2000,8
24840,BAD ASS STRIPPA,JENTINA,82,LW:RE,22,4,2004-08-01,2004,2000,8
24872,IT'S TIME,FERRY CORSTEN,84,LW:RE,51,3,2004-08-01,2004,2000,8
24841,DOWN,BLINK 182,86,LW:RE,24,4,2004-08-01,2004,2000,8
24599,SOLITARY MAN,HIM,91,LW:RE,9,5,2004-08-01,2004,2000,8
24868,SHOOT YOUR GUN,22-20S,93,LW:RE,30,3,2004-08-01,2004,2000,8
24179,COME WITH ME,SPECIAL D,94,LW:RE,6,12,2004-08-01,2004,2000,8
24770,TAKE MY HAND,JURGEN VRIES FT ANDREA BRITTON,98,LW:RE,23,4,2004-08-01,2004,2000,8
24668,ON MY KNEES,411 FT GHOSTFACE KILLAH,73,LW:RE,4,11,2004-08-08,2004,2000,8
24633,HARD TRANCE EP 6,VARIOUS ARTISTS,82,LW:RE,76,2,2004-08-08,2004,2000,8
24591,ALL YOU BASTARDS,CALLY & JUICE,95,LW:RE,82,2,2004-08-08,2004,2000,8
24158,99 PROBLEMS/DIRT OFF YOUR SHOULDER,JAY-Z,96,LW:RE,12,9,2004-08-08,2004,2000,8
24405,BABY I LOVE U,JENNIFER LOPEZ,97,LW:RE,3,11,2004-08-08,2004,2000,8
24506,HARD HOUSE ANTHEMS 5,VARIOUS ARTISTS,98,LW:RE,79,2,2004-08-08,2004,2000,8
23862,CANNONBALL,DAMIEN RICE,40,LW:RE,19,7,2004-08-15,2004,2000,8
24622,EVERYBODY'S CHANGING,KEANE,65,LW:RE,4,9,2004-08-15,2004,2000,8
24490,SLOW JAMZ,TWISTA,92,LW:RE,3,12,2004-08-15,2004,2000,8
24896,WOO HOO,5 6 7 8'S,98,LW:RE,28,3,2004-08-15,2004,2000,8
24926,SLITHER,VELVET REVOLVER,78,LW:RE,35,4,2004-08-22,2004,2000,8
24950,THE END OF THE WORLD,CURE,79,LW:RE,25,4,2004-08-22,2004,2000,8
24979,SPECTACULAR,GRAHAM COXON,83,LW:RE,32,3,2004-08-22,2004,2000,8
22776,TIME FOR HEROES,LIBERTINES,84,LW:RE,20,3,2004-08-22,2004,2000,8
22437,UP THE BRACKET,LIBERTINES,86,LW:RE,29,3,2004-08-22,2004,2000,8
24467,LOVE IS ONLY A FEELING,DARKNESS,87,LW:RE,5,9,2004-08-22,2004,2000,8
24835,DA YA THINK I'M SEXY,GIRLS OF FHM,88,LW:RE,10,6,2004-08-22,2004,2000,8
20696,SOMEHOW SOMEWHE,DEEP SENSATION,74,LW:RE,74,2,2004-08-29,2004,2000,8
23159,LONELINESS,TOMCRAFT,77,LW:RE,1,17,2004-08-29,2004,2000,8
6309,SATISFACTION,EVE,80,LW:RE,2,16,2004-08-29,2004,2000,8
22540,HEAVEN,DJ SAMMY AND YANOU FT DO,86,LW:RE,1,20,2004-08-29,2004,2000,8
25006,MEIN TEIL,RAMMSTEIN,87,LW:RE,61,3,2004-08-29,2004,2000,8
24205,SOMEBODY TO LOVE,BOOGIE PIMPS,89,LW:RE,3,16,2004-08-29,2004,2000,8
22749,THE WAY (PUT YOUR HAND IN MY HAND),DIVINE INSPIRATION,91,LW:RE,5,8,2004-08-29,2004,2000,8
21250,RAPTU,IIO,93,LW:RE,2,14,2004-08-29,2004,2000,8
17307,MOVIN' ON,DEBBIE PENDER,94,LW:RE,41,3,2004-08-29,2004,2000,8
24344,IT'S GOTTA BE,SUCKER DJS,98,LW:RE,88,2,2004-08-29,2004,2000,8
23503,DEEPEST BLUE,DEEPEST BLUE,99,LW:RE,7,9,2004-08-29,2004,2000,8
21641,CLOSE COVER,MINIMALISTIX,100,LW:RE,12,6,2004-08-29,2004,2000,8
24864,BUBBLIN',BLUE,76,LW:RE,9,9,2004-09-05,2004,2000,9
17714,THE AGE OF LOVE,AGE OF LOVE,77,LW:RE,38,3,2004-09-05,2004,2000,9
15622,NEVER LOST HIS HARDCO,NRG,86,LW:RE,59,3,2004-09-05,2004,2000,9
24598,FIT BUT YOU KNOW IT,STREETS,91,LW:RE,4,11,2004-09-05,2004,2000,9
24926,SLITHER,VELVET REVOLVER,95,LW:RE,35,5,2004-09-05,2004,2000,9
24896,WOO HOO,5 6 7 8'S,96,LW:RE,28,4,2004-09-05,2004,2000,9
24796,FEELING,MATAR,97,LW:RE,95,2,2004-09-05,2004,2000,9
24353,STLESS,JX,98,LW:RE,22,4,2004-09-05,2004,2000,9
23862,CANNONBALL,DAMIEN RICE,79,LW:RE,19,10,2004-09-12,2004,2000,9
22749,THE WAY (PUT YOUR HAND IN MY HAND),DIVINE INSPIRATION,100,LW:RE,5,9,2004-09-12,2004,2000,9
24541,F**K IT (I DON'T WANT YOU BACK),EAMON,81,LW:RE,1,21,2004-09-19,2004,2000,9
24079,LADIES NIGHT,ATOMIC KITTEN,82,LW:RE,8,12,2004-09-19,2004,2000,9
24081,SIGNED SEALED DELIVED I'M YOURS,BLUE FT STEVIE WONDER,84,LW:RE,11,19,2004-09-19,2004,2000,9
24667,HOTEL,CASSIDY FT R KELLY,86,LW:RE,3,15,2004-09-19,2004,2000,9
24062,HAPPY CHRISTMAS (WAR IS OVER),JOHN & YOKO/PLASTIC ONO BAND,88,LW:RE,33,4,2004-09-19,2004,2000,9
24012,DON'T STEAL OUR SUN,THRILLS,89,LW:RE,45,3,2004-09-19,2004,2000,9
24361,JUST FUCK,TOM NEVILLE,91,LW:RE,60,3,2004-09-19,2004,2000,9
23908,SLOW,KYLIE MINOGUE,98,LW:RE,1,12,2004-09-19,2004,2000,9
24353,STLESS,JX,100,LW:RE,22,5,2004-09-19,2004,2000,9
24729,INSANIA,PETER ANDRE,80,LW:RE,3,9,2004-09-26,2004,2000,9
23943,SURNDER (YOUR LOVE),JAVINE,88,LW:RE,15,9,2004-09-26,2004,2000,9
24437,YOUR GAME,WILL YOUNG,98,LW:RE,3,12,2004-09-26,2004,2000,9
24144,FLASHDANCE,DEEP DISH,3,LW:RE,3,2,2004-10-03,2004,2000,10
18820,SYNAETHESIA,THRILLSEEKERS,81,LW:RE,81,3,2004-10-03,2004,2000,10
13300,SWEET HARMONY,LIQUID,87,LW:RE,14,8,2004-10-03,2004,2000,10
24833,EYES ON YOU,JAY SEAN FT RISHI RICH PROJECT,89,LW:RE,6,11,2004-10-03,2004,2000,10
24598,FIT BUT YOU KNOW IT,STREETS,91,LW:RE,4,12,2004-10-03,2004,2000,10
24597,AIR HOSTESS,BUSTED,95,LW:RE,2,12,2004-10-03,2004,2000,10
24890,THAT'S ALL RIGHT,ELVIS PRESLEY,97,LW:RE,3,7,2004-10-03,2004,2000,10
24375,AMAZING,GEORGE MICHAEL,99,LW:RE,4,13,2004-10-03,2004,2000,10
24643,F.U.R.B. (F U RIGHT BACK),FRANKEE,95,LW:RE,1,17,2004-10-10,2004,2000,10
24946,1980,ESTELLE,96,LW:RE,14,8,2004-10-10,2004,2000,10
24842,STUPIDISCO,JUNIOR JACK,99,LW:RE,26,7,2004-10-10,2004,2000,10
24542,MY BAND,D12,100,LW:RE,2,20,2004-10-10,2004,2000,10
23973,2 + 2 = 5,RADIOHEAD,90,LW:RE,15,4,2004-10-17,2004,2000,10
24491,SOMEONE LIKE ME/RIGHT NOW 2004,ATOMIC KITTEN,92,LW:RE,8,9,2004-10-17,2004,2000,10
24645,DON'T TELL ME,AVRIL LAVIGNE,98,LW:RE,5,15,2004-10-17,2004,2000,10
25055,YOU NEVER KNOW,MARLY,99,LW:RE,23,3,2004-10-17,2004,2000,10
25102,POPULAR,DARREN HAYES,78,LW:RE,12,6,2004-10-24,2004,2000,10
12640,SET YOU FE,N-TRANCE,81,LW:RE,2,29,2004-10-24,2004,2000,10
25124,FEDOM FIGHTERS,MUSIC,88,LW:RE,15,5,2004-10-24,2004,2000,10
15536,CAFE DEL MAR,ENERGY 52,94,LW:RE,24,9,2004-10-24,2004,2000,10
23548,PTTY GEN EYES,ULTRABEAT,96,LW:RE,2,21,2004-10-24,2004,2000,10
24728,I DON'T WANNA KNOW,MARIO WINANS FT ENYA & P.DIDDY,99,LW:RE,1,15,2004-10-24,2004,2000,10
24179,COME WITH ME,SPECIAL D,100,LW:RE,6,15,2004-10-24,2004,2000,10
24163,TIPSY,J-KWON,87,LW:RE,4,16,2004-10-31,2004,2000,10
24171,YEAH,USHER FT LIL' JON & LUDACRIS,94,LW:RE,1,15,2004-10-31,2004,2000,10
24081,SIGNED SEALED DELIVED I'M YOURS,BLUE FT STEVIE WONDER,95,LW:RE,11,23,2004-10-31,2004,2000,10
24920,SOME GIRLS,RACHEL STEVENS,96,LW:RE,2,13,2004-10-31,2004,2000,10
24176,HEAR MY NAME,ARMAND VAN HELDEN,97,LW:RE,34,3,2004-10-31,2004,2000,10
24892,MOVE YA BODY,NINA SKY,99,LW:RE,6,12,2004-10-31,2004,2000,10
23997,NEVER ENOUGH,OPEN,53,LW:RE,53,2,2004-11-07,2004,2000,11
25155,OPEN ROAD,BRYAN ADAMS,83,LW:RE,21,4,2004-11-07,2004,2000,11
24169,COMFORTABLY NUMB,SCISSOR SISTERS,94,LW:RE,10,11,2004-11-07,2004,2000,11
24158,99 PROBLEMS/DIRT OFF YOUR SHOULDER,JAY-Z,98,LW:RE,12,11,2004-11-07,2004,2000,11
9997,JUMP AROUND,HOUSE OF PAIN,65,LW:RE,32,5,2004-11-14,2004,2000,11
10294,HIP HOP HOORAY,NAUGHTY BY NATURE,79,LW:RE,22,4,2004-11-14,2004,2000,11
25173,BEZE ON BY,DONNY OSMOND,81,LW:RE,8,6,2004-11-14,2004,2000,11
25236,LOVE THEM,EAMON FT GHOSTFACE,87,LW:RE,27,5,2004-11-14,2004,2000,11
24175,WOZ NOT WOZ,ERIC PRYDZ & STEVE ANGELLO,88,LW:RE,55,3,2004-11-14,2004,2000,11
24891,FRIDAY'S CHILD,WILL YOUNG,91,LW:RE,4,7,2004-11-14,2004,2000,11
21130,NEGADES OF FUNK,AFRIKA BAMBAATAA & SOULSONIC,93,LW:RE,93,2,2004-11-14,2004,2000,11
24157,YOU GOT THE LOVE,SOURCE FT CANDI STATON,94,LW:RE,3,10,2004-11-14,2004,2000,11
24467,LOVE IS ONLY A FEELING,DARKNESS,95,LW:RE,5,10,2004-11-14,2004,2000,11
7029,THE HUMPTY DANCE,DIGITAL UNDERGROUND,96,LW:RE,80,5,2004-11-14,2004,2000,11
25205,YOURS FATALLY,BIG BROVAZ,98,LW:RE,15,5,2004-11-14,2004,2000,11
25395,SMASH IT UP,DAMNED,77,LW:RE,35,6,2004-11-21,2004,2000,11
25260,PROCESSED BEATS,KASABIAN,86,LW:RE,17,4,2004-11-21,2004,2000,11
25051,BEDSHAPED,KEANE,99,LW:RE,10,8,2004-11-21,2004,2000,11
24148,PUT EM HIGH,STONEBRIDGE FT THERESE,80,LW:RE,6,12,2004-11-28,2004,2000,11
25258,SOMETHIN' IS GOIN' ON,CLIFF RICHARD,81,LW:RE,9,4,2004-11-28,2004,2000,11
24182,LOLA'S THEME,SHAPESHIFTERS,85,LW:RE,1,16,2004-11-28,2004,2000,11
25174,I SEE YOU BABY,GROOVE ARMADA,87,LW:RE,11,6,2004-11-28,2004,2000,11
24973,THUNDERBIRDS/3AM,BUSTED,91,LW:RE,1,14,2004-11-28,2004,2000,11
24158,99 PROBLEMS/DIRT OFF YOUR SHOULDER,JAY-Z,93,LW:RE,12,12,2004-11-28,2004,2000,11
24169,COMFORTABLY NUMB,SCISSOR SISTERS,94,LW:RE,10,13,2004-11-28,2004,2000,11
24157,YOU GOT THE LOVE,SOURCE FT CANDI STATON,95,LW:RE,3,11,2004-11-28,2004,2000,11
12640,SET YOU FE,N-TRANCE,96,LW:RE,2,31,2004-11-28,2004,2000,11
24163,TIPSY,J-KWON,99,LW:RE,4,19,2004-11-28,2004,2000,11
15536,CAFE DEL MAR,ENERGY 52,100,LW:RE,24,10,2004-11-28,2004,2000,11
25256,COME GET SOME,ROOSTER,77,LW:RE,7,7,2004-12-05,2004,2000,12
25313,WHAT BECAME OF THE LIKELY LADS,LIBERTINES,81,LW:RE,9,5,2004-12-05,2004,2000,12
10294,HIP HOP HOORAY,NAUGHTY BY NATURE,85,LW:RE,22,6,2004-12-05,2004,2000,12
25235,LEAN BACK,TERROR SQUAD FT FAT JOE & REMY,88,LW:RE,24,6,2004-12-05,2004,2000,12
25204,BLINDED BY THE LIGHTS,STREETS,89,LW:RE,10,9,2004-12-05,2004,2000,12
25286,THE LOVE OF RICHARD NIXON,MANIC STREET PREACHERS,92,LW:RE,2,5,2004-12-05,2004,2000,12
25432,SANTO NATALE,DAVID WHITFIELD,93,LW:RE,2,11,2004-12-05,2004,2000,12
20357,THE NEXT EPISODE,DR DRE FT SNOOP DOGG,96,LW:RE,3,19,2004-12-05,2004,2000,12
25317,OPEN ARMS,TINA TURNER,99,LW:RE,25,4,2004-12-05,2004,2000,12
25255,I BELIEVE MY HEART,DUNCAN JAMES & KEEDIE,80,LW:RE,2,8,2004-12-12,2004,2000,12
24076,CHRISTMAS TIME (DON'T LET THE BELLS END),DARKNESS,81,LW:RE,2,13,2004-12-12,2004,2000,12
24164,THAT GIRL,MCFLY,82,LW:RE,3,8,2004-12-12,2004,2000,12
24177,DO YOU KNOW (I GO CRAZY),ANGEL CITY,84,LW:RE,8,8,2004-12-12,2004,2000,12
24973,THUNDERBIRDS/3AM,BUSTED,85,LW:RE,1,15,2004-12-12,2004,2000,12
25346,ROUND HE,GEORGE MICHAEL,97,LW:RE,32,3,2004-12-12,2004,2000,12
24188,DROP THE PSSU,MYLO,83,LW:RE,19,7,2004-12-19,2004,2000,12
24183,YOUR MOTHER'S GOT A PENIS,GOLDIE LOOKIN CHAIN,84,LW:RE,14,4,2004-12-19,2004,2000,12
24163,TIPSY,J-KWON,91,LW:RE,4,20,2004-12-19,2004,2000,12
24158,99 PROBLEMS/DIRT OFF YOUR SHOULDER,JAY-Z,96,LW:RE,12,14,2004-12-19,2004,2000,12
25204,BLINDED BY THE LIGHTS,STREETS,98,LW:RE,10,10,2004-12-19,2004,2000,12
24176,HEAR MY NAME,ARMAND VAN HELDEN,99,LW:RE,34,5,2004-12-19,2004,2000,12
9997,JUMP AROUND,HOUSE OF PAIN,49,LW:RE,32,9,2004-12-26,2005,2000,12
24076,CHRISTMAS TIME (DON'T LET THE BELLS END),DARKNESS,58,LW:RE,2,14,2004-12-26,2005,2000,12
24152,SILENCE 2004,DELERIUM FT SARAH MCLACHLAN,64,LW:RE,38,5,2004-12-26,2005,2000,12
24155,PUMP IT UP,DANZEL,70,LW:RE,11,6,2004-12-26,2005,2000,12
24171,YEAH,USHER FT LIL' JON & LUDACRIS,83,LW:RE,1,17,2004-12-26,2005,2000,12
24180,AL TO ME,BRIAN MCFADDEN,85,LW:RE,1,13,2004-12-26,2005,2000,12
24174,TAKE ME TO THE CLOUDS ABOVE,LMC VS U2,86,LW:RE,1,13,2004-12-26,2005,2000,12
15536,CAFE DEL MAR,ENERGY 52,87,LW:RE,24,11,2004-12-26,2005,2000,12
24175,WOZ NOT WOZ,ERIC PRYDZ & STEVE ANGELLO,88,LW:RE,55,7,2004-12-26,2005,2000,12
23548,PTTY GEN EYES,ULTRABEAT,90,LW:RE,2,22,2004-12-26,2005,2000,12
24181,I'M IN HEAVEN,N-TRANCE,91,LW:RE,46,3,2004-12-26,2005,2000,12
24178,PIECES OF ME,ASHLEE SIMPSON,92,LW:RE,4,11,2004-12-26,2005,2000,12
22969,IN DA CLUB,50 CENT,94,LW:RE,3,30,2004-12-26,2005,2000,12
25020,BABY CAKES,3 OF A KIND,95,LW:RE,1,15,2004-12-26,2005,2000,12
24182,LOLA'S THEME,SHAPESHIFTERS,97,LW:RE,1,18,2004-12-26,2005,2000,12
24891,FRIDAY'S CHILD,WILL YOUNG,99,LW:RE,4,8,2004-12-26,2005,2000,12
24702,MR BRIGHTSIDE,KILLERS,100,LW:RE,10,5,2004-12-26,2005,2000,12
25103,MY MY MY,ARMAND VAN HELDEN,54,LW:RE,15,13,2005-01-09,2005,2000,1
23950,RIP IT UP,RAZORLIGHT,72,LW:RE,20,5,2005-01-09,2005,2000,1
25287,HAPPY PEOPLE/U SAVED ME,R KELLY,74,LW:RE,6,11,2005-01-09,2005,2000,1
25383,NOBODY'S HOME,AVRIL LAVIGNE,77,LW:RE,24,5,2005-01-09,2005,2000,1
25289,KINDA LOVE,DARIUS,78,LW:RE,8,10,2005-01-09,2005,2000,1
25260,PROCESSED BEATS,KASABIAN,81,LW:RE,17,6,2005-01-09,2005,2000,1
25340,ALL THAT I'M ALLOWED (I'M THANKFUL),ELTON JOHN,83,LW:RE,20,6,2005-01-09,2005,2000,1
25124,FEDOM FIGHTERS,MUSIC,84,LW:RE,15,6,2005-01-09,2005,2000,1
24890,THAT'S ALL RIGHT,ELVIS PRESLEY,87,LW:RE,3,8,2005-01-09,2005,2000,1
25231,WHATEVER U WANT,CHRISTINA MILIAN FT JOE BUDDEN,89,LW:RE,9,8,2005-01-09,2005,2000,1
25313,WHAT BECAME OF THE LIKELY LADS,LIBERTINES,90,LW:RE,9,7,2005-01-09,2005,2000,1
25229,MO MO MO,RACHEL STEVENS,95,LW:RE,3,9,2005-01-09,2005,2000,1
25162,TRIPLE TROUBLE,BEASTIE BOYS,97,LW:RE,37,4,2005-01-09,2005,2000,1
25022,HIP TO HIP/CAN YOU FEEL IT,V,98,LW:RE,5,8,2005-01-09,2005,2000,1
25234,OOPS UPSIDE YOUR HEAD,DJ CASPER FT GAP BAND,99,LW:RE,16,7,2005-01-09,2005,2000,1
24442,SOMEBODY TOLD ME,KILLERS,3,LW:RE,3,3,2005-01-16,2005,2000,1
25421,BOOTY LA LA,BUGZ IN THE ATTIC,44,LW:RE,44,2,2005-01-16,2005,2000,1
24172,LOCKED UP,AKON FT STYLES P,73,LW:RE,61,6,2005-01-16,2005,2000,1
25259,MARY,SCISSOR SISTERS,81,LW:RE,14,7,2005-01-16,2005,2000,1
24891,FRIDAY'S CHILD,WILL YOUNG,99,LW:RE,4,9,2005-01-16,2005,2000,1
25230,WHAT YOU' MADE OF,LUCIE SILVAS,100,LW:RE,7,8,2005-01-16,2005,2000,1
24139,I CANNOT GIVE YOU MY LOVE,CLIFF RICHARD,80,LW:RE,13,5,2005-01-23,2005,2000,1
24157,YOU GOT THE LOVE,SOURCE FT CANDI STATON,82,LW:RE,3,18,2005-01-23,2005,2000,1
24148,PUT EM HIGH,STONEBRIDGE FT THERESE,83,LW:RE,6,19,2005-01-23,2005,2000,1
25149,LOVE MACHINE,GIRLS ALOUD,88,LW:RE,2,11,2005-01-23,2005,2000,1
24166,O.P.P.,NAUGHTY BY NATURE,92,LW:RE,71,9,2005-01-23,2005,2000,1
24597,AIR HOSTESS,BUSTED,99,LW:RE,2,14,2005-01-23,2005,2000,1
25235,LEAN BACK,TERROR SQUAD FT FAT JOE & REMY,80,LW:RE,24,8,2005-01-30,2005,2000,1
25256,COME GET SOME,ROOSTER,95,LW:RE,7,8,2005-01-30,2005,2000,1
24176,HEAR MY NAME,ARMAND VAN HELDEN,100,LW:RE,34,9,2005-01-30,2005,2000,1
24152,SILENCE 2004,DELERIUM FT SARAH MCLACHLAN,96,LW:RE,38,8,2005-02-06,2005,2000,2
24142,RIGHT TO BE WRONG,JOSS STONE,98,LW:RE,29,7,2005-02-06,2005,2000,2
25136,KINDA NEW,SPEKTRUM,100,LW:RE,70,3,2005-02-06,2005,2000,2
24124,THE WEEKEND,MICHAEL GRAY,73,LW:RE,7,14,2005-02-13,2005,2000,2
24121,DJ/STOP,JAMELIA,83,LW:RE,9,13,2005-02-13,2005,2000,2
24157,YOU GOT THE LOVE,SOURCE FT CANDI STATON,88,LW:RE,3,20,2005-02-13,2005,2000,2
25312,YOU WON'T FORGET ABOUT ME,DANNII MINOGUE VS FLOWER POWER,91,LW:RE,7,7,2005-02-13,2005,2000,2
24173,OUT OF THE BLUE,DELTA GOODREM,92,LW:RE,9,12,2005-02-13,2005,2000,2
24169,COMFORTABLY NUMB,SCISSOR SISTERS,94,LW:RE,10,19,2005-02-13,2005,2000,2
13300,SWEET HARMONY,LIQUID,96,LW:RE,14,10,2005-02-13,2005,2000,2
24113,I GOT YOU BABE/SODA POP,MERRION/MCCALL/KENSIT,97,LW:RE,5,6,2005-02-13,2005,2000,2
24164,THAT GIRL,MCFLY,99,LW:RE,3,15,2005-02-13,2005,2000,2
24117,JUST LOSE IT,EMINEM,82,LW:RE,1,15,2005-02-20,2005,2000,2
22375,WHAT I GO TO SCHOOL FOR,BUSTED,89,LW:RE,3,18,2005-02-20,2005,2000,2
25051,BEDSHAPED,KEANE,91,LW:RE,10,9,2005-02-20,2005,2000,2
25235,LEAN BACK,TERROR SQUAD FT FAT JOE & REMY,92,LW:RE,24,10,2005-02-20,2005,2000,2
24178,PIECES OF ME,ASHLEE SIMPSON,96,LW:RE,4,13,2005-02-20,2005,2000,2
24128,CURTAIN FALLS,BLUE,97,LW:RE,4,12,2005-02-20,2005,2000,2
24180,AL TO ME,BRIAN MCFADDEN,99,LW:RE,1,19,2005-02-20,2005,2000,2
24686,OH MY GOD,KAISER CHIEFS,6,LW:RE,6,2,2005-02-27,2005,2000,2
25558,MISS DY-NA-MI-TEE,UKULELE ORCHESTRA OF GB,91,LW:RE,78,3,2005-02-27,2005,2000,2
24928,LITTLE THOUGHTS/TULIPS,BLOC PARTY,93,LW:RE,38,3,2005-02-27,2005,2000,2
25475,THRU THE GLASS,THIRTEEN SENSES,95,LW:RE,18,4,2005-02-27,2005,2000,2
24148,PUT EM HIGH,STONEBRIDGE FT THERESE,98,LW:RE,6,23,2005-02-27,2005,2000,2
25476,BAKIN',MUSIC,100,LW:RE,20,4,2005-02-27,2005,2000,2
14400,CHARLY,PRODIGY,94,LW:RE,73,3,2005-03-06,2005,2000,3
25458,THE NUMBER OF THE BEAST,IRON MAIDEN,98,LW:RE,3,7,2005-03-06,2005,2000,3
24108,UNWRITTEN,NATASHA BEDINGFIELD,99,LW:RE,6,13,2005-03-06,2005,2000,3
25473,LIVE TWICE,DARIUS,100,LW:RE,7,7,2005-03-06,2005,2000,3
21899,CALIFORNIA,PHANTOM PLANET,9,LW:RE,9,2,2005-03-13,2005,2000,3
25603,LET ME LOVE YOU,MARIO,53,LW:RE,53,3,2005-03-13,2005,2000,3
25638,WEEKEND,HAJI & EMANUEL,90,LW:RE,88,2,2005-03-13,2005,2000,3
24102,FATHER AND SON,RONAN KEATING FT YUSUF,99,LW:RE,2,13,2005-03-20,2005,2000,3
24127,ROOM ON THE 3RD FLOOR,MCFLY,100,LW:RE,5,10,2005-03-20,2005,2000,3
24649,CLUB FOOT,KASABIAN,21,LW:RE,19,4,2005-03-27,2005,2000,3
25512,LA LA,ASHLEE SIMPSON,90,LW:RE,11,7,2005-03-27,2005,2000,3
25471,STARING AT THE SUN,ROOSTER,91,LW:RE,5,9,2005-03-27,2005,2000,3
24182,LOLA'S THEME,SHAPESHIFTERS,95,LW:RE,1,20,2005-03-27,2005,2000,3
25648,LIFT ME UP,MOBY,77,LW:RE,18,5,2005-04-10,2005,2000,4
25614,LOVE STEALS US FROM LONELINESS,IDLEWILD,80,LW:RE,16,4,2005-04-10,2005,2000,4
25652,DON'T,SHANIA TWAIN,87,LW:RE,30,3,2005-04-10,2005,2000,4
25695,X RAY/SCACROW,SUB FOCUS,90,LW:RE,60,4,2005-04-10,2005,2000,4
15038,FOOLS GOLD,STONE ROSES,93,LW:RE,25,4,2005-04-10,2005,2000,4
25103,MY MY MY,ARMAND VAN HELDEN,95,LW:RE,15,23,2005-04-10,2005,2000,4
25235,LEAN BACK,TERROR SQUAD FT FAT JOE & REMY,96,LW:RE,24,12,2005-04-10,2005,2000,4
24144,FLASHDANCE,DEEP DISH,99,LW:RE,3,18,2005-04-10,2005,2000,4
24686,OH MY GOD,KAISER CHIEFS,52,LW:RE,6,7,2005-04-17,2005,2000,4
25646,AN HONEST MISTAKE,BRAVERY,54,LW:RE,7,6,2005-04-17,2005,2000,4
25489,GALVANIZE,CHEMICAL BROTHERS,58,LW:RE,3,11,2005-04-17,2005,2000,4
25559,SOMETIMES YOU CAN'T MAKE IT ON YOUR OWN,U2,60,LW:RE,1,9,2005-04-17,2005,2000,4
25531,LIKE TOY SOLDIERS,EMINEM,62,LW:RE,1,10,2005-04-17,2005,2000,4
25612,LET'S GET BLOWN,SNOOP DOGG FT PHARRELL,69,LW:RE,13,6,2005-04-17,2005,2000,4
25490,WIS,ATHLETE,75,LW:RE,4,10,2005-04-17,2005,2000,4
24109,WHAT YOU WAITING FOR,GWEN STEFANI,77,LW:RE,4,14,2005-04-17,2005,2000,4
25460,FILTHY/GORGEOUS,SCISSOR SISTERS,81,LW:RE,5,10,2005-04-17,2005,2000,4
25609,HOUNDS OF LOVE,FUTUREHEADS,83,LW:RE,8,5,2005-04-17,2005,2000,4
24111,DROP IT LIKE IT'S HOT,SNOOP DOGG FT PHARRELL,84,LW:RE,10,12,2005-04-17,2005,2000,4
25680,KRAFTY,NEW ORDER,86,LW:RE,8,5,2005-04-17,2005,2000,4
25565,WRAP MY WORDS AROUND YOU,DANIEL BEDINGFIELD,95,LW:RE,12,8,2005-04-17,2005,2000,4
25506,ONLY U,ASHANTI,99,LW:RE,2,11,2005-04-17,2005,2000,4
24125,VERTIGO,U2,100,LW:RE,1,13,2005-04-17,2005,2000,4
23096,JERK IT OUT,CAESARS,8,LW:RE,8,3,2005-04-24,2005,2000,4
13943,INSOMNIA,FAITHLESS,48,LW:RE,3,20,2005-04-24,2005,2000,4
24124,THE WEEKEND,MICHAEL GRAY,81,LW:RE,7,17,2005-04-24,2005,2000,4
25075,IS IT COS I'M COOL,MOUSSE T FT EMMA LANFORD,85,LW:RE,9,10,2005-04-24,2005,2000,4
24801,GOLDEN TOUCH,RAZORLIGHT,86,LW:RE,9,8,2005-04-24,2005,2000,4
25467,GOODIES,CIARA FT PETEY PABLO,95,LW:RE,1,14,2005-04-24,2005,2000,4
24106,IF THE'S ANY JUSTICE,LEMAR,99,LW:RE,3,18,2005-04-24,2005,2000,4
22016,A LITTLE LESS CONVERSATION,ELVIS VS JXL,3,LW:RE,1,15,2005-05-01,2005,2000,5
25709,SHE'S NOT YOU,ELVIS PRESLEY,88,LW:RE,3,6,2005-05-01,2005,2000,5
24928,LITTLE THOUGHTS/TULIPS,BLOC PARTY,93,LW:RE,38,4,2005-05-01,2005,2000,5
25678,GOOD LUCK CHARM,ELVIS PRESLEY,100,LW:RE,2,5,2005-05-01,2005,2000,5
24144,FLASHDANCE,DEEP DISH,94,LW:RE,3,21,2005-05-08,2005,2000,5
25609,HOUNDS OF LOVE,FUTUREHEADS,96,LW:RE,8,7,2005-05-08,2005,2000,5
24801,GOLDEN TOUCH,RAZORLIGHT,97,LW:RE,9,9,2005-05-08,2005,2000,5
24182,LOLA'S THEME,SHAPESHIFTERS,98,LW:RE,1,25,2005-05-08,2005,2000,5
25559,SOMETIMES YOU CAN'T MAKE IT ON YOUR OWN,U2,89,LW:RE,1,12,2005-05-15,2005,2000,5
25103,MY MY MY,ARMAND VAN HELDEN,96,LW:RE,15,24,2005-05-15,2005,2000,5
25616,BLACK HORSE AND THE CHERRY TE,KT TUNSTALL,99,LW:RE,28,4,2005-05-15,2005,2000,5
25691,WISEMEN,JAMES BLUNT,83,LW:RE,44,3,2005-05-22,2005,2000,5
25609,HOUNDS OF LOVE,FUTUREHEADS,99,LW:RE,8,8,2005-05-22,2005,2000,5
24104,BOULEVARD OF BROKEN DAMS,GREEN DAY,96,LW:RE,5,26,2005-06-05,2005,2000,6
24442,SOMEBODY TOLD ME,KILLERS,67,LW:RE,3,8,2005-06-12,2005,2000,6
24118,CALL ON ME,ERIC PRYDZ,98,LW:RE,1,31,2005-06-12,2005,2000,6
23773,PRIMITIVE (THE WAY I TAT YOU),AMBULANCE LTD,72,LW:RE,72,2,2005-06-19,2005,2000,6
25103,MY MY MY,ARMAND VAN HELDEN,90,LW:RE,15,25,2005-06-19,2005,2000,6
24125,VERTIGO,U2,94,LW:RE,1,15,2005-06-19,2005,2000,6
25150,AMERICAN IDIOT,GREEN DAY,93,LW:RE,3,8,2005-06-26,2005,2000,6
24686,OH MY GOD,KAISER CHIEFS,71,LW:RE,6,16,2005-07-03,2005,2000,7
25883,SMILE LIKE YOU MEAN IT,KILLERS,80,LW:RE,11,7,2005-07-03,2005,2000,7
24649,CLUB FOOT,KASABIAN,88,LW:RE,19,11,2005-07-03,2005,2000,7
25866,HALF LIGHT,ATHLETE,95,LW:RE,16,9,2005-07-03,2005,2000,7
25712,OH MY GOSH,BASEMENT JAXX,97,LW:RE,8,15,2005-07-03,2005,2000,7
25490,WIS,ATHLETE,99,LW:RE,4,19,2005-07-03,2005,2000,7
24321,SOMEWHE ONLY WE KNOW,KEANE,59,LW:RE,3,13,2005-07-10,2005,2000,7
24622,EVERYBODY'S CHANGING,KEANE,78,LW:RE,4,11,2005-07-10,2005,2000,7
24104,BOULEVARD OF BROKEN DAMS,GREEN DAY,93,LW:RE,5,27,2005-07-10,2005,2000,7
24111,DROP IT LIKE IT'S HOT,SNOOP DOGG FT PHARRELL,96,LW:RE,10,17,2005-07-10,2005,2000,7
25967,DESI,GERI HALLIWELL,91,LW:RE,22,4,2005-07-17,2005,2000,7
25966,SORRY,BEN ADAMS,95,LW:RE,18,5,2005-07-17,2005,2000,7
19575,PROUD,HEATHER SMALL,33,LW:RE,16,6,2005-07-24,2005,2000,7
24118,CALL ON ME,ERIC PRYDZ,96,LW:RE,1,35,2005-07-24,2005,2000,7
25342,I PDICT A RIOT,KAISER CHIEFS,46,LW:RE,22,3,2005-07-31,2005,2000,7
25746,SHIVER,NATALIE IMBRUGLIA,88,LW:RE,8,15,2005-07-31,2005,2000,7
25832,ADAGIO FOR STRINGS,TIESTO,91,LW:RE,37,15,2005-08-07,2005,2000,8
23096,JERK IT OUT,CAESARS,98,LW:RE,8,15,2005-08-07,2005,2000,8
26057,HIGH,JAMES BLUNT,100,LW:RE,100,2,2005-08-07,2005,2000,8
26003,TROUBLE/THIS OLE HOUSE,SHAKIN' STEVENS,98,LW:RE,20,5,2005-08-14,2005,2000,8
25924,SO MANY TIMES,GADJO FT ALEXANDRA PRINCE,96,LW:RE,22,12,2005-08-21,2005,2000,8
25677,ALL ABOUT YOU/YOU'VE GOT A FRIEND,MCFLY,100,LW:RE,1,16,2005-08-21,2005,2000,8
16115,JACQUES YOUR BODY (MAKE ME SWEAT),LES RYTHMES DIGITALES,9,LW:RE,9,2,2005-09-04,2005,2000,9
19111,LIZARD,MAURO PICOTTO,94,LW:RE,33,3,2005-09-04,2005,2000,9
25929,HOPE THE'S SOMEONE,ANTONY & THE JOHNSONS,48,LW:RE,44,3,2005-09-11,2005,2000,9
25616,BLACK HORSE AND THE CHERRY TE,KT TUNSTALL,93,LW:RE,28,6,2005-09-11,2005,2000,9
23312,LA BEZE,SIMIAN,94,LW:RE,55,3,2005-09-11,2005,2000,9
26057,HIGH,JAMES BLUNT,88,LW:RE,88,3,2005-09-25,2005,2000,9
26156,THIS TOWN AIN'T BIG ENOUGH FOR BOTH OF,BRITISH WHALE,93,LW:RE,6,6,2005-10-02,2005,2000,10
26127,GETAWAY,TEXAS,96,LW:RE,6,6,2005-10-02,2005,2000,10
26304,VOODOO PEOPLE/OUT OF SPACE,PRODIGY,20,LW:RE,13,12,2005-10-09,2005,2000,10
25864,BANQUET,BLOC PARTY,89,LW:RE,13,5,2005-10-09,2005,2000,10
26138,ALL THE WAY,CRAIG DAVID,90,LW:RE,3,8,2005-10-09,2005,2000,10
25708,(IS THIS THE WAY TO) AMARILLO,TONY CHRISTIE FT PETER KAY,93,LW:RE,1,29,2005-10-09,2005,2000,10
25938,SPEED OF SOUND,COLDPLAY,100,LW:RE,2,19,2005-10-09,2005,2000,10
25553,ROCKET,EL PRESIDENTE,48,LW:RE,48,2,2005-10-16,2005,2000,10
25354,GALANG,MIA,77,LW:RE,77,2,2005-10-16,2005,2000,10
26332,ACE OF SPADES,MOTORHEAD,88,LW:RE,15,18,2005-10-16,2005,2000,10
26242,NITE NITE,KANO,68,LW:RE,25,5,2005-10-23,2005,2000,10
26309,I WISH I WAS A PUNK ROCKER,SANDI THOM,100,LW:RE,55,2,2005-10-23,2005,2000,10
26141,LOVE ME LIKE YOU,MAGIC NUMBERS,93,LW:RE,12,10,2005-10-30,2005,2000,10
26389,NO WOMAN NO CRY,BOB MARLEY & THE WAILERS,58,LW:RE,22,8,2005-11-06,2005,2000,11
25490,WIS,ATHLETE,89,LW:RE,4,20,2005-11-06,2005,2000,11
25941,SHOT YOU DOWN,AUDIO BULLYS FT NANCY SINATRA,96,LW:RE,3,19,2005-11-06,2005,2000,11
25785,HOME,MICHAEL BUBLE,97,LW:RE,31,6,2005-11-06,2005,2000,11
25683,I'M NOT OKAY (I PROMISE),MY CHEMICAL ROMANCE,28,LW:RE,19,4,2005-11-13,2005,2000,11
26142,BIG CITY LIFE,MATTAFIX,76,LW:RE,15,9,2005-11-13,2005,2000,11
26000,WAKE ME UP WHEN SEPTEMBER ENDS,GREEN DAY,99,LW:RE,8,20,2005-11-13,2005,2000,11
24100,DO THEY KNOW IT'S CHRISTMAS,BAND AID 20,90,LW:RE,1,11,2005-11-27,2005,2000,11
25938,SPEED OF SOUND,COLDPLAY,83,LW:RE,2,21,2005-12-04,2005,2000,12
25708,(IS THIS THE WAY TO) AMARILLO,TONY CHRISTIE FT PETER KAY,99,LW:RE,1,33,2005-12-04,2005,2000,12
26042,CRAZY CHICK,CHARLOTTE CHURCH,100,LW:RE,2,21,2005-12-04,2005,2000,12
26023,HARD TO BEAT,HARD-FI,81,LW:RE,9,16,2005-12-11,2005,2000,12
25780,I SEE GIRLS,STUDIO B,92,LW:RE,12,24,2005-12-11,2005,2000,12
25939,1 THING,AMERIE,95,LW:RE,4,19,2005-12-11,2005,2000,12
26258,LIVING FOR THE WEEKEND,HARD-FI,92,LW:RE,15,8,2005-12-18,2005,2000,12
25677,ALL ABOUT YOU/YOU'VE GOT A FRIEND,MCFLY,96,LW:RE,1,17,2005-12-18,2005,2000,12
26058,WE BELONG TOGETHER,MARIAH CAREY,97,LW:RE,2,19,2005-12-18,2005,2000,12
26511,FAIRYTALE OF NEW YORK,POGUES FT KIRSTY MACCOLL,3,LW:RE,2,12,2005-12-25,2005,2000,12
25642,DAKOTA,STEREOPHONICS,94,LW:RE,1,26,2005-12-25,2005,2000,12
25918,EVERYDAY I LOVE YOU LESS AND LESS,KAISER CHIEFS,60,LW:RE,10,25,2006-01-01,2006,2000,1
25743,CANDY SHOP,50 CENT,71,LW:RE,4,21,2006-01-01,2006,2000,1
26000,WAKE ME UP WHEN SEPTEMBER ENDS,GREEN DAY,72,LW:RE,8,23,2006-01-01,2006,2000,1
26174,PON DE PLAY,RIHANNA,74,LW:RE,2,17,2006-01-01,2006,2000,1
24442,SOMEBODY TOLD ME,KILLERS,75,LW:RE,3,26,2006-01-01,2006,2000,1
26058,WE BELONG TOGETHER,MARIAH CAREY,79,LW:RE,2,20,2006-01-01,2006,2000,1
25915,DON'T PHUNK WITH MY HEART,BLACK EYED PEAS,81,LW:RE,3,19,2006-01-01,2006,2000,1
25603,LET ME LOVE YOU,MARIO,84,LW:RE,2,22,2006-01-01,2006,2000,1
26293,LET ME HOLD YOU,BOW WOW FT OMARION,89,LW:RE,27,9,2006-01-01,2006,2000,1
26382,ONE WISH,RAY J,90,LW:RE,26,6,2006-01-01,2006,2000,1
26019,GHETTO GOSPEL,2PAC FT ELTON JOHN,91,LW:RE,1,20,2006-01-01,2006,2000,1
25832,ADAGIO FOR STRINGS,TIESTO,93,LW:RE,37,18,2006-01-01,2006,2000,1
25824,SOMEWHE ELSE,RAZORLIGHT,95,LW:RE,2,25,2006-01-01,2006,2000,1
26179,MY DOORBELL,WHITE STRIPES,96,LW:RE,10,18,2006-01-01,2006,2000,1
25962,BEST OF YOU,FOO FIGHTERS,98,LW:RE,4,17,2006-01-01,2006,2000,1
25853,MUNICH,EDITORS,10,LW:RE,10,5,2006-01-08,2006,2000,1
26139,OOH LA LA,GOLDFRAPP,73,LW:RE,4,15,2006-01-08,2006,2000,1
24686,OH MY GOD,KAISER CHIEFS,82,LW:RE,6,25,2006-01-08,2006,2000,1
25904,OTHER SIDE OF THE WORLD,KT TUNSTALL,94,LW:RE,13,26,2006-01-08,2006,2000,1
25616,BLACK HORSE AND THE CHERRY TE,KT TUNSTALL,99,LW:RE,28,9,2006-01-08,2006,2000,1
25984,BOYS WILL BE BOYS,ORDINARY BOYS,33,LW:RE,16,4,2006-01-15,2006,2000,1
26258,LIVING FOR THE WEEKEND,HARD-FI,81,LW:RE,15,9,2006-01-15,2006,2000,1
26019,GHETTO GOSPEL,2PAC FT ELTON JOHN,70,LW:RE,1,22,2006-01-22,2006,2000,1
25940,HOLLABACK GIRL,GWEN STEFANI,82,LW:RE,8,19,2006-01-22,2006,2000,1
25915,DON'T PHUNK WITH MY HEART,BLACK EYED PEAS,92,LW:RE,3,21,2006-01-22,2006,2000,1
25939,1 THING,AMERIE,98,LW:RE,4,24,2006-01-22,2006,2000,1
21899,CALIFORNIA,PHANTOM PLANET,98,LW:RE,9,19,2006-01-29,2006,2000,1
23194,YOU SPIN ME ROUND,DEAD OR ALIVE,5,LW:RE,1,26,2006-02-05,2006,2000,2
25743,CANDY SHOP,50 CENT,73,LW:RE,4,25,2006-02-05,2006,2000,2
26581,BELFAST BOY,DON FARDON,77,LW:RE,32,6,2006-02-05,2006,2000,2
26418,A NIGHT TO MEMBER,LIBERTY X,82,LW:RE,6,8,2006-02-05,2006,2000,2
26432,HOME/SONG FOR YOU,MICHAEL BUBLE,87,LW:RE,63,10,2006-02-05,2006,2000,2
25900,HATE IT OR LOVE IT,GAME FT 50 CENT,90,LW:RE,4,14,2006-02-05,2006,2000,2
25832,ADAGIO FOR STRINGS,TIESTO,92,LW:RE,37,21,2006-02-05,2006,2000,2
26237,OUTTA CONTROL,50 CENT FT MOBB DEEP,100,LW:RE,7,19,2006-02-05,2006,2000,2
24157,YOU GOT THE LOVE,SOURCE FT CANDI STATON,7,LW:RE,3,23,2006-02-12,2006,2000,2
26433,SITTING WAITING WISHING,JACK JOHNSON,95,LW:RE,78,3,2006-02-12,2006,2000,2
25879,LONELY,AKON,84,LW:RE,1,20,2006-02-19,2006,2000,2
26057,HIGH,JAMES BLUNT,90,LW:RE,16,21,2006-02-19,2006,2000,2
26399,MODERN WAY,KAISER CHIEFS,92,LW:RE,11,14,2006-02-19,2006,2000,2
25829,FEEL GOOD INC,GORILLAZ,93,LW:RE,2,43,2006-02-19,2006,2000,2
25904,OTHER SIDE OF THE WORLD,KT TUNSTALL,100,LW:RE,13,27,2006-02-19,2006,2000,2
26617,DON'T STOP 'TIL YOU GET ENOUGH,MICHAEL JACKSON,17,LW:RE,3,13,2006-02-26,2006,2000,2
26060,DIAMONDS FROM SIERRA LEONE,KANYE WEST,83,LW:RE,8,16,2006-02-26,2006,2000,2
25691,WISEMEN,JAMES BLUNT,88,LW:RE,44,17,2006-02-26,2006,2000,2
26013,GOOD PEOPLE,JACK JOHNSON,91,LW:RE,50,4,2006-02-26,2006,2000,2
25616,BLACK HORSE AND THE CHERRY TE,KT TUNSTALL,92,LW:RE,28,10,2006-02-26,2006,2000,2
26634,ROCK WITH YOU,MICHAEL JACKSON,15,LW:RE,7,10,2006-03-05,2006,2000,3
270,BLUE MONDAY,NEW ORDER,73,LW:RE,9,70,2006-03-05,2006,2000,3
26407,LIKE A STAR,CORINNE BAILEY RAE,75,LW:RE,34,4,2006-03-05,2006,2000,3
26027,ROCK & ROLL QUEEN,SUBWAYS,86,LW:RE,22,4,2006-03-05,2006,2000,3
26035,MAKE ME SMILE (COME UP AND SEE ME),STEVE HARLEY & COCKNEY REBEL,95,LW:RE,55,2,2006-03-05,2006,2000,3
153,BILLIE JEAN,MICHAEL JACKSON,11,LW:RE,1,16,2006-03-12,2006,2000,3
25849,I LIKE THE WAY,BODYROCKERS,98,LW:RE,3,46,2006-03-12,2006,2000,3
25900,HATE IT OR LOVE IT,GAME FT 50 CENT,100,LW:RE,4,16,2006-03-12,2006,2000,3
26382,ONE WISH,RAY J,13,LW:RE,13,7,2006-03-19,2006,2000,3
327,BEAT IT,MICHAEL JACKSON,15,LW:RE,3,13,2006-03-19,2006,2000,3
26555,ANGEL,PHARRELL WILLIAMS,94,LW:RE,15,6,2006-03-19,2006,2000,3
26000,WAKE ME UP WHEN SEPTEMBER ENDS,GREEN DAY,97,LW:RE,8,27,2006-03-19,2006,2000,3
26019,GHETTO GOSPEL,2PAC FT ELTON JOHN,98,LW:RE,1,29,2006-03-19,2006,2000,3
3775,BAD,MICHAEL JACKSON,16,LW:RE,3,15,2006-03-26,2006,2000,3
26467,HOPPIPOLLA,SIGUR ROS,78,LW:RE,35,3,2006-03-26,2006,2000,3
26533,YOU DON'T LOVE ME,KOOKS,86,LW:RE,12,6,2006-03-26,2006,2000,3
25853,MUNICH,EDITORS,91,LW:RE,10,15,2006-03-26,2006,2000,3
26319,LOVE GENERATION,BOB SINCLAR FT GARY NESTA PINE,97,LW:RE,12,20,2006-03-26,2006,2000,3
26353,YOU RAISE ME UP,WESTLIFE,100,LW:RE,1,18,2006-03-26,2006,2000,3
3701,THE WAY YOU MAKE ME FEEL,MICHAEL JACKSON,17,LW:RE,3,13,2006-04-02,2006,2000,4
25829,FEEL GOOD INC,GORILLAZ,74,LW:RE,2,45,2006-04-02,2006,2000,4
5339,DIRTY DIANA,MICHAEL JACKSON,17,LW:RE,4,9,2006-04-09,2006,2000,4
25900,HATE IT OR LOVE IT,GAME FT 50 CENT,73,LW:RE,4,17,2006-04-09,2006,2000,4
26000,WAKE ME UP WHEN SEPTEMBER ENDS,GREEN DAY,92,LW:RE,8,29,2006-04-09,2006,2000,4
26526,CASH MACHINE,HARD-FI,99,LW:RE,14,14,2006-04-09,2006,2000,4
4694,SMOOTH CRIMINAL,MICHAEL JACKSON,19,LW:RE,8,11,2006-04-16,2006,2000,4
23323,WHITE RUSSIAN GALAXY,CRIMEA,51,LW:RE,51,2,2006-04-16,2006,2000,4
26530,I'LL BE ADY,SUNBLOCK,98,LW:RE,4,13,2006-04-16,2006,2000,4
5873,LEAVE ME ALONE,MICHAEL JACKSON,15,LW:RE,2,10,2006-04-23,2006,2000,4
26746,MOST PCIOUS LOVE,BLAZE FT BARBARA TUCKER,17,LW:RE,17,5,2006-04-23,2006,2000,4
26016,ALL NIGHT DISCO PARTY,BRAKES,76,LW:RE,67,2,2006-04-23,2006,2000,4
26398,NO WORRIES,SIMON WEBBE,87,LW:RE,4,21,2006-04-23,2006,2000,4
9032,BLACK OR WHITE,MICHAEL JACKSON,18,LW:RE,1,11,2006-04-30,2006,2000,4
26000,WAKE ME UP WHEN SEPTEMBER ENDS,GREEN DAY,75,LW:RE,8,31,2006-04-30,2006,2000,4
26174,PON DE PLAY,RIHANNA,88,LW:RE,2,21,2006-04-30,2006,2000,4
26529,BAK THE NIGHT WITH COLOUR,RICHARD ASHCROFT,89,LW:RE,3,12,2006-04-30,2006,2000,4
26533,YOU DON'T LOVE ME,KOOKS,90,LW:RE,12,9,2006-04-30,2006,2000,4
26472,UGLY,SUGABABES,94,LW:RE,3,20,2006-04-30,2006,2000,4
26052,NOBODY MOVE NOBODY GET HURT,WE ARE SCIENTISTS,21,LW:RE,21,2,2006-05-07,2006,2000,5
9307,MEMBER THE TIME,MICHAEL JACKSON,22,LW:RE,3,9,2006-05-07,2006,2000,5
26215,DOCTOR PSSU,MYLO VS MIAMI SOUND MACHINE,97,LW:RE,3,26,2006-05-07,2006,2000,5
26400,LIGHTERS UP,LIL' KIM,98,LW:RE,12,12,2006-05-07,2006,2000,5
26440,DIRTY HARRY,GORILLAZ,99,LW:RE,6,23,2006-05-07,2006,2000,5
26309,I WISH I WAS A PUNK ROCKER,SANDI THOM,83,LW:RE,55,3,2006-05-14,2006,2000,5
9904,JAM,MICHAEL JACKSON,22,LW:RE,13,6,2006-05-21,2006,2000,5
25984,BOYS WILL BE BOYS,ORDINARY BOYS,98,LW:RE,3,21,2006-05-21,2006,2000,5
9136,HEAL THE WORLD,MICHAEL JACKSON,27,LW:RE,2,16,2006-05-28,2006,2000,5
13519,YOU A NOT ALONE,MICHAEL JACKSON,30,LW:RE,1,16,2006-06-04,2006,2000,6
21996,3 LIONS,BADDIEL/SKINNER/LIGHTNING SEED,48,LW:RE,1,24,2006-06-04,2006,2000,6
12281,SPACE COWBOY,JAMIROQUAI,71,LW:RE,17,7,2006-06-04,2006,2000,6
26251,DIRTY LITTLE SECT,ALL-AMERICAN REJECTS,81,LW:RE,81,2,2006-06-04,2006,2000,6
13934,EARTH SONG,MICHAEL JACKSON,34,LW:RE,1,20,2006-06-11,2006,2000,6
14382,THEY DON'T CA ABOUT US,MICHAEL JACKSON,26,LW:RE,4,18,2006-06-18,2006,2000,6
15172,STRANGER IN MOSCOW,MICHAEL JACKSON,22,LW:RE,4,16,2006-06-25,2006,2000,6
24157,YOU GOT THE LOVE,SOURCE FT CANDI STATON,92,LW:RE,3,41,2006-06-25,2006,2000,6
26459,BECAUSE OF YOU,KELLY CLARKSON,95,LW:RE,7,29,2006-06-25,2006,2000,6
26396,HUNG UP,MADONNA,97,LW:RE,1,32,2006-06-25,2006,2000,6
15731,BLOOD ON THE DANCE FLOOR,MICHAEL JACKSON,19,LW:RE,1,12,2006-07-02,2006,2000,7
26921,SOS,A-STUDIO FT POLINA,64,LW:RE,64,3,2006-07-02,2006,2000,7
26477,EVEN GOD CAN'T CHANGE THE PAST,CHARLOTTE CHURCH,99,LW:RE,17,7,2006-07-02,2006,2000,7
24157,YOU GOT THE LOVE,SOURCE FT CANDI STATON,99,LW:RE,3,42,2006-07-09,2006,2000,7
26396,HUNG UP,MADONNA,100,LW:RE,1,33,2006-07-09,2006,2000,7
26319,LOVE GENERATION,BOB SINCLAR FT GARY NESTA PINE,89,LW:RE,12,27,2006-07-16,2006,2000,7
26718,WHY WON'T YOU GIVE ME YOUR LOVE,ZUTONS,97,LW:RE,9,10,2006-07-16,2006,2000,7
26174,PON DE PLAY,RIHANNA,100,LW:RE,2,24,2006-07-16,2006,2000,7
25633,TROUBLE,RAY LAMONTAGNE,38,LW:RE,38,2,2006-07-23,2006,2000,7
24157,YOU GOT THE LOVE,SOURCE FT CANDI STATON,100,LW:RE,3,44,2006-07-30,2006,2000,7
26812,UP ALL NIGHT,MATT WILLIS,83,LW:RE,7,6,2006-08-06,2006,2000,8
26612,SORRY,MADONNA,93,LW:RE,1,18,2006-08-06,2006,2000,8
26807,NINE2FIVE,ORDINARY BOYS/LADY SOVEREIGN,94,LW:RE,6,10,2006-08-06,2006,2000,8
26631,SEWN,FEELING,100,LW:RE,7,21,2006-08-06,2006,2000,8
26334,I BET YOU LOOK GOOD ON THE DANCEFLOOR,ARCTIC MONKEYS,100,LW:RE,1,32,2006-08-20,2006,2000,8
26279,WHEN THE NIGHT FEELS MY SONG,BEDOUIN SOUNDCLASH,98,LW:RE,24,5,2006-08-27,2006,2000,8
24157,YOU GOT THE LOVE,SOURCE FT CANDI STATON,100,LW:RE,3,47,2006-08-27,2006,2000,8
26753,BANG BANG YOU' DEAD,DIRTY PRETTY THINGS,96,LW:RE,5,17,2006-09-03,2006,2000,9
26763,STEADY AS SHE GOES,RACONTEURS,100,LW:RE,4,18,2006-09-03,2006,2000,9
26334,I BET YOU LOOK GOOD ON THE DANCEFLOOR,ARCTIC MONKEYS,95,LW:RE,1,33,2006-09-10,2006,2000,9
26702,ONE,MARY J BLIGE & U2,67,LW:RE,2,20,2006-09-17,2006,2000,9
26641,OVER AND OVER,HOT CHIP,78,LW:RE,32,4,2006-09-17,2006,2000,9
26793,BRIGHT IDEA,ORSON,94,LW:RE,11,18,2006-09-17,2006,2000,9
26763,STEADY AS SHE GOES,RACONTEURS,100,LW:RE,4,19,2006-09-17,2006,2000,9
24157,YOU GOT THE LOVE,SOURCE FT CANDI STATON,90,LW:RE,3,48,2006-10-01,2006,2000,10
26334,I BET YOU LOOK GOOD ON THE DANCEFLOOR,ARCTIC MONKEYS,94,LW:RE,1,35,2006-10-01,2006,2000,10
26613,PUT YOUR CORDS ON,CORINNE BAILEY RAE,97,LW:RE,2,26,2006-10-01,2006,2000,10
26641,OVER AND OVER,HOT CHIP,51,LW:RE,32,6,2006-10-08,2006,2000,10
26407,LIKE A STAR,CORINNE BAILEY RAE,72,LW:RE,34,5,2006-10-08,2006,2000,10
27034,PUT YOUR HANDS UP FOR DETROIT,FEDDE LE GRANDE,98,LW:RE,53,5,2006-10-08,2006,2000,10
26929,SHEILA,JAMIE T,100,LW:RE,22,6,2006-10-08,2006,2000,10
27145,IRIS/STAY WITH YOU,GOO GOO DOLLS,42,LW:RE,26,5,2006-10-15,2006,2000,10
270,BLUE MONDAY,NEW ORDER,77,LW:RE,9,73,2006-10-15,2006,2000,10
25633,TROUBLE,RAY LAMONTAGNE,79,LW:RE,25,12,2006-10-15,2006,2000,10
26613,PUT YOUR CORDS ON,CORINNE BAILEY RAE,82,LW:RE,2,27,2006-10-15,2006,2000,10
25683,I'M NOT OKAY (I PROMISE),MY CHEMICAL ROMANCE,95,LW:RE,19,9,2006-10-15,2006,2000,10
26353,YOU RAISE ME UP,WESTLIFE,98,LW:RE,1,19,2006-10-15,2006,2000,10
25733,PEACE & QUIET,RIFLES,48,LW:RE,48,2,2006-10-22,2006,2000,10
26995,WASTED LITTLE DJ'S,VIEW,100,LW:RE,15,12,2006-10-29,2006,2000,10
26467,HOPPIPOLLA,SIGUR ROS,98,LW:RE,24,14,2006-11-05,2006,2000,11
26748,YOU' ALL I HAVE,SNOW PATROL,90,LW:RE,7,29,2006-11-19,2006,2000,11
27040,CHELSEA DAGGER,FRATELLIS,49,LW:RE,5,11,2006-11-26,2006,2000,11
72,MERRY XMAS EVERYBODY,SLADE,83,LW:RE,1,40,2006-11-26,2006,2000,11
26511,FAIRYTALE OF NEW YORK,POGUES FT KIRSTY MACCOLL,84,LW:RE,2,17,2006-11-26,2006,2000,11
26804,FILL MY LITTLE WORLD,FEELING,99,LW:RE,10,25,2006-11-26,2006,2000,11
26910,SMILE,LILY ALLEN,85,LW:RE,1,22,2006-12-03,2006,2000,12
27208,DANCE4LIFE,TIESTO FT MAXI JAZZ,96,LW:RE,67,3,2006-12-03,2006,2000,12
27065,SOMETHING ABOUT YOU,JAMELIA,99,LW:RE,9,12,2006-12-03,2006,2000,12
27193,MAGICK,KLAXONS,100,LW:RE,29,5,2006-12-03,2006,2000,12
26691,NAIVE,KOOKS,93,LW:RE,5,38,2006-12-17,2006,2000,12
26816,IS IT ANY WONDER,KEANE,96,LW:RE,3,18,2006-12-17,2006,2000,12
26976,EMPI,KASABIAN,83,LW:RE,9,18,2006-12-24,2006,2000,12
27306,WHAT YOU DO (PLAYING WITH STONES),BIG BASS VS MICHELLE NARINE,84,LW:RE,67,2,2006-12-24,2006,2000,12
26279,WHEN THE NIGHT FEELS MY SONG,BEDOUIN SOUNDCLASH,93,LW:RE,24,21,2006-12-24,2006,2000,12
26641,OVER AND OVER,HOT CHIP,95,LW:RE,27,11,2006-12-24,2006,2000,12
27171,STAR GIRL,MCFLY,98,LW:RE,1,8,2006-12-24,2006,2000,12
26941,UNFAITHFUL,RIHANNA,100,LW:RE,2,23,2006-12-24,2006,2000,12
26764,DANI CALIFORNIA,RED HOT CHILI PEPPERS,87,LW:RE,2,23,2006-12-31,2007,2000,12
27000,ME & U,CASSIE,88,LW:RE,6,19,2006-12-31,2007,2000,12
26804,FILL MY LITTLE WORLD,FEELING,91,LW:RE,10,27,2006-12-31,2007,2000,12
26944,SMILEY FACES,GNARLS BARKLEY,92,LW:RE,10,22,2006-12-31,2007,2000,12
26737,FROM PARIS TO BERLIN,INFERNAL,93,LW:RE,2,29,2006-12-31,2007,2000,12
26309,I WISH I WAS A PUNK ROCKER,SANDI THOM,94,LW:RE,1,28,2006-12-31,2007,2000,12
26653,PUMP IT,BLACK EYED PEAS,95,LW:RE,3,29,2006-12-31,2007,2000,12
26963,CHASING CARS,SNOW PATROL,9,LW:RE,6,18,2007-01-07,2007,2000,1
26698,CRAZY,GNARLS BARKLEY,30,LW:RE,1,12,2007-01-07,2007,2000,1
26837,MONSTER,AUTOMATIC,33,LW:RE,4,11,2007-01-07,2007,2000,1
26833,MANEATER,NELLY FURTADO,38,LW:RE,1,10,2007-01-07,2007,2000,1
26981,EVERYTIME WE TOUCH,CASCADA,42,LW:RE,2,21,2007-01-07,2007,2000,1
26945,YOU GIVE ME SOMETHING,JAMES MORRISON,50,LW:RE,5,11,2007-01-07,2007,2000,1
27077,WHEN YOU WE YOUNG,KILLERS,55,LW:RE,2,11,2007-01-07,2007,2000,1
24075,MAD WORLD,MICHAEL ANDREWS FT GARY JULES,58,LW:RE,1,19,2007-01-07,2007,2000,1
24115,NUMB/ENCO,JAY-Z & LINKIN PARK,64,LW:RE,14,27,2007-01-07,2007,2000,1
27050,PROMISCUOUS,NELLY FURTADO FT TIMBALAND,66,LW:RE,3,14,2007-01-07,2007,2000,1
26630,NO TOMORROW,ORSON,75,LW:RE,1,18,2007-01-07,2007,2000,1
27319,DON'T STOP ME NOW,QUEEN,76,LW:RE,9,13,2007-01-07,2007,2000,1
26879,VALERIE,ZUTONS,91,LW:RE,9,21,2007-01-07,2007,2000,1
27325,I'M GONNA BE (500 MILES),PROCLAIMERS,92,LW:RE,11,12,2007-01-07,2007,2000,1
16731,I DON'T WANT TO MISS A THING,AEROSMITH,93,LW:RE,4,24,2007-01-07,2007,2000,1
26697,RAOUL,AUTOMATIC,30,LW:RE,30,4,2007-01-14,2007,2000,1
27205,STANDING IN THE WAY OF CONTROL,GOSSIP,63,LW:RE,63,3,2007-01-14,2007,2000,1
27261,KNIGHTS OF CYDONIA,MUSE,92,LW:RE,10,7,2007-01-14,2007,2000,1
27097,JENNY DON'T BE HASTY,PAOLO NUTINI,93,LW:RE,20,16,2007-01-14,2007,2000,1
27147,IF YOU GOT THE MONEY,JAMIE T,94,LW:RE,13,7,2007-01-14,2007,2000,1
27193,MAGICK,KLAXONS,99,LW:RE,29,6,2007-01-14,2007,2000,1
18352,HONEY TO THE BEE,BILLIE,17,LW:RE,3,14,2007-01-21,2007,2000,1
1030,EYE OF THE TIGER,SURVIVOR,51,LW:RE,1,19,2007-01-21,2007,2000,1
16731,I DON'T WANT TO MISS A THING,AEROSMITH,92,LW:RE,4,25,2007-01-21,2007,2000,1
27163,SUPERSTAR TRADESMAN,VIEW,93,LW:RE,15,6,2007-01-21,2007,2000,1
27319,DON'T STOP ME NOW,QUEEN,94,LW:RE,9,14,2007-01-21,2007,2000,1
26995,WASTED LITTLE DJ'S,VIEW,98,LW:RE,15,13,2007-01-21,2007,2000,1
26911,IN THE MORNING,RAZORLIGHT,100,LW:RE,3,29,2007-01-21,2007,2000,1
27323,HIP HOP IS DEAD,NAS FT WILL I AM,57,LW:RE,57,2,2007-01-28,2007,2000,1
27040,CHELSEA DAGGER,FRATELLIS,78,LW:RE,5,13,2007-01-28,2007,2000,1
27252,WHISTLE FOR THE CHOIR,FRATELLIS,88,LW:RE,9,6,2007-01-28,2007,2000,1
24108,UNWRITTEN,NATASHA BEDINGFIELD,98,LW:RE,6,15,2007-01-28,2007,2000,1
24702,MR BRIGHTSIDE,KILLERS,100,LW:RE,10,6,2007-01-28,2007,2000,1
27038,NEVER BE LONELY,FEELING,75,LW:RE,9,23,2007-02-04,2007,2000,2
27325,I'M GONNA BE (500 MILES),PROCLAIMERS,93,LW:RE,11,13,2007-02-04,2007,2000,2
16731,I DON'T WANT TO MISS A THING,AEROSMITH,99,LW:RE,4,26,2007-02-04,2007,2000,2
27342,LAX TAKE IT EASY,MIKA,78,LW:RE,78,4,2007-02-11,2007,2000,2
26804,FILL MY LITTLE WORLD,FEELING,88,LW:RE,10,29,2007-02-11,2007,2000,2
26178,I PDICT A RIOT/SINK THAT SHIP,KAISER CHIEFS,93,LW:RE,9,35,2007-02-11,2007,2000,2
26734,DANCE DANCE,FALL OUT BOY,99,LW:RE,8,19,2007-02-11,2007,2000,2
27077,WHEN YOU WE YOUNG,KILLERS,74,LW:RE,2,15,2007-02-18,2007,2000,2
26764,DANI CALIFORNIA,RED HOT CHILI PEPPERS,88,LW:RE,2,24,2007-02-18,2007,2000,2
26613,PUT YOUR CORDS ON,CORINNE BAILEY RAE,93,LW:RE,2,29,2007-02-18,2007,2000,2
27054,STARLIGHT,MUSE,97,LW:RE,13,20,2007-02-18,2007,2000,2
24702,MR BRIGHTSIDE,KILLERS,99,LW:RE,10,7,2007-02-18,2007,2000,2
27415,MIRACLE,CASCADA,88,LW:RE,57,2,2007-02-25,2007,2000,2
27050,PROMISCUOUS,NELLY FURTADO FT TIMBALAND,93,LW:RE,3,17,2007-02-25,2007,2000,2
27319,DON'T STOP ME NOW,QUEEN,96,LW:RE,9,18,2007-02-25,2007,2000,2
9997,JUMP AROUND,HOUSE OF PAIN,98,LW:RE,32,25,2007-03-04,2007,2000,3
27413,FIDELITY,REGINA SPEKTOR,45,LW:RE,45,2,2007-03-11,2007,2000,3
27449,9 TO 5,DOLLY PARTON,83,LW:RE,47,6,2007-03-11,2007,2000,3
1030,EYE OF THE TIGER,SURVIVOR,87,LW:RE,1,24,2007-03-11,2007,2000,3
26945,YOU GIVE ME SOMETHING,JAMES MORRISON,93,LW:RE,5,19,2007-03-11,2007,2000,3
27132,WELCOME TO THE BLACK PARADE,MY CHEMICAL ROMANCE,98,LW:RE,1,22,2007-03-11,2007,2000,3
27325,I'M GONNA BE (500 MILES),PROCLAIMERS,37,LW:RE,11,15,2007-03-18,2007,2000,3
27464,GOOD RIDDANCE (TIME OF YOUR LIFE),GREEN DAY,67,LW:RE,11,6,2007-03-18,2007,2000,3
23184,WALK THIS WAY/IT'S LIKE THAT,RUN DMC,80,LW:RE,80,2,2007-03-18,2007,2000,3
27434,GIRLFRIEND,AVRIL LAVIGNE,84,LW:RE,73,2,2007-03-18,2007,2000,3
27141,WONDERFUL WORLD,JAMES MORRISON,95,LW:RE,8,22,2007-03-18,2007,2000,3
27276,YOU KNOW MY NAME,CHRIS CORNELL,71,LW:RE,7,13,2007-03-25,2007,2000,3
27481,LETTER FROM AMERICA,PROCLAIMERS,94,LW:RE,3,13,2007-03-25,2007,2000,3
27077,WHEN YOU WE YOUNG,KILLERS,100,LW:RE,2,19,2007-03-25,2007,2000,3
27489,ROCKET MAN,ELTON JOHN,62,LW:RE,2,14,2007-04-01,2007,2000,4
27132,WELCOME TO THE BLACK PARADE,MY CHEMICAL ROMANCE,75,LW:RE,1,23,2007-04-01,2007,2000,4
27491,YOUR SONG,ELTON JOHN,77,LW:RE,4,28,2007-04-01,2007,2000,4
26837,MONSTER,AUTOMATIC,83,LW:RE,4,21,2007-04-01,2007,2000,4
27319,DON'T STOP ME NOW,QUEEN,98,LW:RE,9,19,2007-04-01,2007,2000,4
27337,FAMOUS LAST WORDS,MY CHEMICAL ROMANCE,99,LW:RE,8,10,2007-04-01,2007,2000,4
27496,GIVE IT TO ME,TIMBALAND/FURTADO/TIMBERLAKE,8,LW:RE,8,2,2007-04-08,2007,2000,4
27232,LOVE IT WHEN YOU CALL,FEELING,96,LW:RE,18,20,2007-04-08,2007,2000,4
27520,LIFE ON MARS,DAVID BOWIE,55,LW:RE,3,14,2007-04-15,2007,2000,4
23855,OOH WEE,MARK RONSON,82,LW:RE,15,8,2007-04-15,2007,2000,4
25832,ADAGIO FOR STRINGS,TIESTO,80,LW:RE,37,24,2007-04-22,2007,2000,4
26929,SHEILA,JAMIE T,82,LW:RE,22,10,2007-04-22,2007,2000,4
26861,HIPS DON'T LIE,SHAKIRA FT WYCLEF JEAN,100,LW:RE,1,46,2007-04-29,2007,2000,4
27567,I'M TOO SEXY 2007,RIGHT SAID FRED,56,LW:RE,2,17,2007-05-06,2007,2000,5
27546,OOH WEE,MARK RONSON/GHOSTFACE KILLAH,77,LW:RE,77,2,2007-05-06,2007,2000,5
27479,FLYING THE FLAG (FOR YOU),SCOOCH,5,LW:RE,5,2,2007-05-13,2007,2000,5
24702,MR BRIGHTSIDE,KILLERS,91,LW:RE,10,15,2007-05-13,2007,2000,5
27319,DON'T STOP ME NOW,QUEEN,92,LW:RE,9,20,2007-05-13,2007,2000,5
27145,IRIS/STAY WITH YOU,GOO GOO DOLLS,94,LW:RE,26,30,2007-05-13,2007,2000,5
26861,HIPS DON'T LIE,SHAKIRA FT WYCLEF JEAN,95,LW:RE,1,47,2007-05-13,2007,2000,5
25632,TIME TO SAY GOODBYE,KATHERINE JENKINS,87,LW:RE,76,2,2007-05-20,2007,2000,5
27115,AMERICA,RAZORLIGHT,94,LW:RE,1,30,2007-05-20,2007,2000,5
7881,ALL ALONG THE WATCHTOWER,JIMI HENDRIX,88,LW:RE,5,12,2007-05-27,2007,2000,5
23694,NUMB,LINKIN PARK,100,LW:RE,14,7,2007-05-27,2007,2000,5
27128,ENTOURAGE,OMARION,58,LW:RE,58,2,2007-06-03,2007,2000,6
27152,GENERATOR,HOLLOWAYS,75,LW:RE,30,5,2007-06-03,2007,2000,6
4730,HANDLE WITH CA,TRAVELING WILBURYS,80,LW:RE,21,15,2007-06-03,2007,2000,6
27276,YOU KNOW MY NAME,CHRIS CORNELL,87,LW:RE,7,17,2007-06-03,2007,2000,6
21489,HERO,ENRIQUE IGLESIAS,91,LW:RE,1,26,2007-06-03,2007,2000,6
24702,MR BRIGHTSIDE,KILLERS,97,LW:RE,10,16,2007-06-03,2007,2000,6
27555,FLUOSCENT ADOLESCENT,ARCTIC MONKEYS,72,LW:RE,60,3,2007-06-10,2007,2000,6
27329,GOLDEN SKANS,KLAXONS,75,LW:RE,7,18,2007-06-10,2007,2000,6
27458,WIDE AWAKE,TWANG,84,LW:RE,15,12,2007-06-10,2007,2000,6
16731,I DON'T WANT TO MISS A THING,AEROSMITH,89,LW:RE,4,35,2007-06-10,2007,2000,6
3530,LIVIN' ON A PRAYER,BON JOVI,92,LW:RE,4,16,2007-06-10,2007,2000,6
26973,LISTEN UP,GOSSIP,39,LW:RE,39,3,2007-06-17,2007,2000,6
23140,7 NATION ARMY,WHITE STRIPES,74,LW:RE,7,5,2007-06-17,2007,2000,6
4730,HANDLE WITH CA,TRAVELING WILBURYS,81,LW:RE,21,16,2007-06-17,2007,2000,6
27605,PAINT IT BLACK,ROLLING STONES,85,LW:RE,70,3,2007-06-17,2007,2000,6
5928,END OF THE LINE,TRAVELING WILBURYS,94,LW:RE,52,5,2007-06-17,2007,2000,6
27319,DON'T STOP ME NOW,QUEEN,99,LW:RE,9,22,2007-06-17,2007,2000,6
27327,STARZ IN THEIR EYES,JUST JACK,86,LW:RE,2,22,2007-06-24,2007,2000,6
26928,VOODOO CHILD,ROGUE TRADERS,48,LW:RE,3,20,2007-07-01,2007,2000,7
27401,AD MY MIND,KILLERS,63,LW:RE,15,16,2007-07-01,2007,2000,7
24702,MR BRIGHTSIDE,KILLERS,73,LW:RE,10,18,2007-07-01,2007,2000,7
27498,BRIANSTORM,ARCTIC MONKEYS,86,LW:RE,2,11,2007-07-01,2007,2000,7
27599,HALLELUJAH,RUFUS WAINWRIGHT,100,LW:RE,97,2,2007-07-01,2007,2000,7
15932,I'LL BE MISSING YOU,PUFF DADDY FT FAITH EVANS,32,LW:RE,1,28,2007-07-08,2007,2000,7
27228,PATIENCE,TAKE THAT,47,LW:RE,1,32,2007-07-08,2007,2000,7
26910,SMILE,LILY ALLEN,49,LW:RE,1,35,2007-07-08,2007,2000,7
27232,LOVE IT WHEN YOU CALL,FEELING,58,LW:RE,18,21,2007-07-08,2007,2000,7
27610,TARANTULA,SMASHING PUMPKINS,59,LW:RE,59,2,2007-07-08,2007,2000,7
26945,YOU GIVE ME SOMETHING,JAMES MORRISON,61,LW:RE,5,21,2007-07-08,2007,2000,7
26252,GOLD DIGGER,KANYE WEST FT JAMIE FOXX,65,LW:RE,2,53,2007-07-08,2007,2000,7
26804,FILL MY LITTLE WORLD,FEELING,67,LW:RE,10,32,2007-07-08,2007,2000,7
26833,MANEATER,NELLY FURTADO,71,LW:RE,1,23,2007-07-08,2007,2000,7
27094,LDN,LILY ALLEN,72,LW:RE,6,17,2007-07-08,2007,2000,7
17026,STOP,SPICE GIRLS,78,LW:RE,2,20,2007-07-08,2007,2000,7
27141,WONDERFUL WORLD,JAMES MORRISON,85,LW:RE,8,23,2007-07-08,2007,2000,7
27708,BAKFAST IN AMERICA,SUPERTRAMP,86,LW:RE,9,11,2007-07-08,2007,2000,7
24108,UNWRITTEN,NATASHA BEDINGFIELD,97,LW:RE,6,17,2007-07-08,2007,2000,7
25962,BEST OF YOU,FOO FIGHTERS,38,LW:RE,4,21,2007-07-15,2007,2000,7
22751,TIMES LIKE THESE,FOO FIGHTERS,58,LW:RE,12,9,2007-07-15,2007,2000,7
27205,STANDING IN THE WAY OF CONTROL,GOSSIP,63,LW:RE,7,28,2007-07-15,2007,2000,7
27376,HANG ME UP TO DRY,COLD WAR KIDS,65,LW:RE,57,3,2007-07-15,2007,2000,7
27498,BRIANSTORM,ARCTIC MONKEYS,78,LW:RE,2,12,2007-07-15,2007,2000,7
27518,AWAY FROM HE,ENEMY,86,LW:RE,8,12,2007-07-15,2007,2000,7
19046,LEARN TO FLY,FOO FIGHTERS,87,LW:RE,21,4,2007-07-15,2007,2000,7
27431,CANDYMAN,CHRISTINA AGUILERA,92,LW:RE,17,19,2007-07-15,2007,2000,7
16850,MY HERO,FOO FIGHTERS,93,LW:RE,21,3,2007-07-15,2007,2000,7
16208,EVERLONG,FOO FIGHTERS,95,LW:RE,18,5,2007-07-15,2007,2000,7
27115,AMERICA,RAZORLIGHT,97,LW:RE,1,33,2007-07-15,2007,2000,7
27566,SIGNAL FI,SNOW PATROL,99,LW:RE,4,10,2007-07-15,2007,2000,7
27495,STOP ME,MARK RONSON FT D MERRIWEATHER,76,LW:RE,2,14,2007-07-22,2007,2000,7
27508,BACK TO BLACK,AMY WINEHOUSE,82,LW:RE,25,15,2007-07-22,2007,2000,7
27430,LEAVE ME ALONE (I'M LONELY),PINK,92,LW:RE,34,18,2007-07-22,2007,2000,7
27319,DON'T STOP ME NOW,QUEEN,98,LW:RE,9,24,2007-07-22,2007,2000,7
27548,YOUR LOVE ALONE IS NOT ENOUGH,MANIC STREET PREACHERS,93,LW:RE,2,11,2007-07-29,2007,2000,7
27566,SIGNAL FI,SNOW PATROL,95,LW:RE,4,11,2007-07-29,2007,2000,7
16731,I DON'T WANT TO MISS A THING,AEROSMITH,98,LW:RE,4,37,2007-07-29,2007,2000,7
27389,LOLLIPOP,MIKA,99,LW:RE,59,19,2007-07-29,2007,2000,7
27716,THIS OLD TOWN,PAUL WELLER & GRAHAM COXON,39,LW:RE,39,2,2007-08-05,2007,2000,8
27665,DANCE TONIGHT,PAUL MCCARTNEY,67,LW:RE,26,4,2007-08-05,2007,2000,8
13700,HIGHER STATE OF CONSCIOUSNESS,WINK,70,LW:RE,70,2,2007-08-05,2007,2000,8
24115,NUMB/ENCO,JAY-Z & LINKIN PARK,94,LW:RE,14,52,2007-08-05,2007,2000,8
27040,CHELSEA DAGGER,FRATELLIS,96,LW:RE,5,39,2007-08-05,2007,2000,8
27763,LOVE IS GONE,DAVID GUETTA FT CHRIS WILLIS,21,LW:RE,21,3,2007-08-12,2007,2000,8
27002,YOUNG FOLKS,PETER BJORN & JOHN FT BERGSMAN,83,LW:RE,35,5,2007-08-12,2007,2000,8
27775,PURPLE RAIN,PRINCE & THE REVOLUTION,90,LW:RE,8,10,2007-08-12,2007,2000,8
26833,MANEATER,NELLY FURTADO,91,LW:RE,1,27,2007-08-12,2007,2000,8
26252,GOLD DIGGER,KANYE WEST FT JAMIE FOXX,92,LW:RE,2,54,2007-08-12,2007,2000,8
27145,IRIS/STAY WITH YOU,GOO GOO DOLLS,94,LW:RE,26,31,2007-08-12,2007,2000,8
20578,SUSPICIOUS MINDS,ELVIS PRESLEY,11,LW:RE,2,19,2007-08-19,2007,2000,8
25423,THE CEPS (YOU' GIVING ME),FREAKS,55,LW:RE,55,2,2007-08-19,2007,2000,8
18008,IMAGINE,JOHN LENNON,75,LW:RE,1,39,2007-08-19,2007,2000,8
25962,BEST OF YOU,FOO FIGHTERS,90,LW:RE,4,23,2007-08-19,2007,2000,8
18586,EVERYBODY'S FE (TO WEAR SUNSCEN),BAZ LUHRMANN,91,LW:RE,1,18,2007-08-19,2007,2000,8
26650,TOUCH THE SKY,KANYE WEST FT LUPE FIASCO,99,LW:RE,6,14,2007-08-19,2007,2000,8
22267,EXTME WAYS,MOBY,45,LW:RE,39,3,2007-08-26,2007,2000,8
27327,STARZ IN THEIR EYES,JUST JACK,85,LW:RE,2,24,2007-08-26,2007,2000,8
22751,TIMES LIKE THESE,FOO FIGHTERS,92,LW:RE,12,10,2007-08-26,2007,2000,8
27539,EVERYTHING,MICHAEL BUBLE,91,LW:RE,38,15,2007-09-02,2007,2000,9
27817,RIDE A WHITE SWAN,T-REX,97,LW:RE,2,21,2007-09-02,2007,2000,9
27454,DESTINATION CALABRIA,ALEX GAUDINO FT CRYSTAL WATERS,98,LW:RE,4,24,2007-09-02,2007,2000,9
7425,NESSUN DORMA,LUCIANO PAVAROTTI,24,LW:RE,2,13,2007-09-09,2007,2000,9
27820,IN THE AIR TONIGHT,PHIL COLLINS,42,LW:RE,2,11,2007-09-09,2007,2000,9
26432,HOME/SONG FOR YOU,MICHAEL BUBLE,79,LW:RE,63,12,2007-09-09,2007,2000,9
27329,GOLDEN SKANS,KLAXONS,84,LW:RE,7,23,2007-09-09,2007,2000,9
27569,THE KILL,30 SECONDS TO MARS,88,LW:RE,64,2,2007-09-09,2007,2000,9
27772,MOUTHWASH,KATE NASH,93,LW:RE,84,2,2007-09-09,2007,2000,9
27314,YOU KNOW I'M NO GOOD,AMY WINEHOUSE,95,LW:RE,18,23,2007-09-09,2007,2000,9
27664,IT'S NOT OVER YET,KLAXONS,96,LW:RE,13,12,2007-09-09,2007,2000,9
27845,GET IT ON,T-REX,71,LW:RE,1,14,2007-09-16,2007,2000,9
16506,TORN,NATALIE IMBRUGLIA,78,LW:RE,2,18,2007-09-16,2007,2000,9
21388,HANDBAGS AND GLADRAGS,STEREOPHONICS,92,LW:RE,4,18,2007-09-16,2007,2000,9
26198,SUDDENLY I SEE,KT TUNSTALL,86,LW:RE,12,30,2007-09-23,2007,2000,9
27794,THE LADIES' BRAS,JONNY TRUNK & WISBEY,27,LW:RE,27,2,2007-09-30,2007,2000,9
13224,LOVE WILL TEAR US APART,JOY DIVISION,46,LW:RE,13,13,2007-09-30,2007,2000,9
26988,TWO LEFT FEET,HOLLOWAYS,74,LW:RE,33,3,2007-09-30,2007,2000,9
27722,WHAT TIME IS IT,CAST OF HIGH SCHOOL MUSICAL 2,80,LW:RE,20,7,2007-09-30,2007,2000,9
27367,SHINE,TAKE THAT,80,LW:RE,1,36,2007-10-07,2007,2000,10
20814,THE YOU'LL BE,FAITH HILL,91,LW:RE,3,15,2007-10-07,2007,2000,10
5232,FAST CAR,TRACY CHAPMAN,93,LW:RE,5,14,2007-10-07,2007,2000,10
27685,OH MY GOD,MARK RONSON FT LILY ALLEN,98,LW:RE,8,13,2007-10-07,2007,2000,10
27496,GIVE IT TO ME,TIMBALAND/FURTADO/TIMBERLAKE,100,LW:RE,1,27,2007-10-07,2007,2000,10
21964,GOD SAVE THE QUEEN,SEX PISTOLS,42,LW:RE,2,13,2007-10-14,2007,2000,10
27539,EVERYTHING,MICHAEL BUBLE,52,LW:RE,38,19,2007-10-14,2007,2000,10
2180,THE GAMBLER,KENNY ROGERS,70,LW:RE,70,4,2007-10-14,2007,2000,10
26432,HOME/SONG FOR YOU,MICHAEL BUBLE,79,LW:RE,63,13,2007-10-14,2007,2000,10
27326,GRACE KELLY,MIKA,82,LW:RE,1,36,2007-10-14,2007,2000,10
27928,SUPERSTITION,STEVIE WONDER,89,LW:RE,11,10,2007-10-14,2007,2000,10
27717,MR ROCK & ROLL,AMY MACDONALD,92,LW:RE,12,13,2007-10-14,2007,2000,10
27931,MY SWEET LORD (2001 DIGITAL MASTER),GEORGE HARRISON,98,LW:RE,1,14,2007-10-14,2007,2000,10
24702,MR BRIGHTSIDE,KILLERS,86,LW:RE,10,28,2007-10-21,2007,2000,10
27228,PATIENCE,TAKE THAT,88,LW:RE,1,38,2007-10-21,2007,2000,10
27495,STOP ME,MARK RONSON FT D MERRIWEATHER,90,LW:RE,2,18,2007-10-21,2007,2000,10
27343,YOU BETTER NOT WASTE MY TIME,N-DUBZ,96,LW:RE,85,3,2007-10-21,2007,2000,10
27372,SAY IT RIGHT,NELLY FURTADO,97,LW:RE,10,35,2007-10-21,2007,2000,10
27496,GIVE IT TO ME,TIMBALAND/FURTADO/TIMBERLAKE,99,LW:RE,1,28,2007-10-21,2007,2000,10
27301,A MOMENT LIKE THIS,LEONA LEWIS,55,LW:RE,1,14,2007-10-28,2007,2000,10
27960,(I'VE HAD) THE TIME OF MY LIFE,BILL MEDLEY & JENNIFER WARNES,91,LW:RE,6,14,2007-10-28,2007,2000,10
6906,NOTHING COMPAS 2 U,SINEAD O'CONNOR,93,LW:RE,1,15,2007-10-28,2007,2000,10
929,THRILLER,MICHAEL JACKSON,57,LW:RE,10,26,2007-11-04,2007,2000,11
27975,GHOSTBUSTERS,RAY PARKER JR,70,LW:RE,2,33,2007-11-04,2007,2000,11
11958,KISS FROM A ROSE,SEAL,81,LW:RE,4,19,2007-11-04,2007,2000,11
16917,MY HEART WILL GO ON,CELINE DION,92,LW:RE,1,21,2007-11-04,2007,2000,11
27981,DON'T STOP BELIEVIN',JOURNEY,94,LW:RE,62,5,2007-11-04,2007,2000,11
27986,IN THE GHETTO,ELVIS PRESLEY,13,LW:RE,2,18,2007-11-11,2007,2000,11
9156,END OF THE ROAD,BOYZ II MEN,43,LW:RE,1,22,2007-11-11,2007,2000,11
27508,BACK TO BLACK,AMY WINEHOUSE,61,LW:RE,25,30,2007-11-11,2007,2000,11
27994,HEAVEN,DJ SAMMY & YANOU FT DO,69,LW:RE,1,23,2007-11-11,2007,2000,11
27646,DANCE,JUSTICE,77,LW:RE,48,3,2007-11-11,2007,2000,11
27812,SEXY NO NO NO,GIRLS ALOUD,92,LW:RE,5,10,2007-11-11,2007,2000,11
25677,ALL ABOUT YOU/YOU'VE GOT A FRIEND,MCFLY,93,LW:RE,1,18,2007-11-11,2007,2000,11
12115,I'LL MAKE LOVE TO YOU,BOYZ II MEN,94,LW:RE,5,17,2007-11-11,2007,2000,11
27220,I FOUND OUT,PIGEON DETECTIVES,42,LW:RE,39,3,2007-11-18,2007,2000,11
16267,WHOLE LOTTA LOVE,LED ZEPPELIN,64,LW:RE,21,3,2007-11-18,2007,2000,11
27957,CON TE PARTIRO,ANDREA BOCELLI,75,LW:RE,69,2,2007-11-18,2007,2000,11
24702,MR BRIGHTSIDE,KILLERS,76,LW:RE,10,30,2007-11-18,2007,2000,11
12556,ALL I WANT FOR CHRISTMAS IS YOU,MARIAH CAREY,78,LW:RE,2,15,2007-11-18,2007,2000,11
26923,WE A YOUR FRIENDS,JUSTICE VS SIMIAN,94,LW:RE,20,12,2007-11-18,2007,2000,11
26353,YOU RAISE ME UP,WESTLIFE,96,LW:RE,1,20,2007-11-18,2007,2000,11
15835,ALWAYS ON MY MIND,ELVIS PRESLEY,17,LW:RE,9,22,2007-11-25,2007,2000,11
27812,SEXY NO NO NO,GIRLS ALOUD,52,LW:RE,5,11,2007-11-25,2007,2000,11
26511,FAIRYTALE OF NEW YORK,POGUES FT KIRSTY MACCOLL,81,LW:RE,2,24,2007-11-25,2007,2000,11
27851,1234,FEIST,87,LW:RE,8,10,2007-11-25,2007,2000,11
17207,TEARDROP,MASSIVE ATTACK,89,LW:RE,10,8,2007-11-25,2007,2000,11
27218,HURT,CHRISTINA AGUILERA,39,LW:RE,11,15,2007-12-02,2007,2000,12
27756,TEARDROP,NEWTON FAULKNER,66,LW:RE,60,6,2007-12-02,2007,2000,12
2738,MERRY CHRISTMAS EVERYONE,SHAKIN' STEVENS,78,LW:RE,1,15,2007-12-02,2007,2000,12
27002,YOUNG FOLKS,PETER BJORN & JOHN FT BERGSMAN,86,LW:RE,13,20,2007-12-02,2007,2000,12
4774,DRIVING HOME FOR CHRISTMAS,CHRIS REA,98,LW:RE,53,6,2007-12-02,2007,2000,12
27558,TEDDY PICKER,ARCTIC MONKEYS,20,LW:RE,20,2,2007-12-09,2007,2000,12
72,MERRY XMAS EVERYBODY,SLADE,37,LW:RE,1,46,2007-12-09,2007,2000,12
28049,DO THEY KNOW IT'S CHRISTMAS,BAND AID,38,LW:RE,1,25,2007-12-09,2007,2000,12
16743,WHITE CHRISTMAS,BING CROSBY,61,LW:RE,5,12,2007-12-09,2007,2000,12
28060,WONDERFUL CHRISTMASTIME,PAUL MCCARTNEY,77,LW:RE,6,9,2007-12-09,2007,2000,12
28061,ELTON JOHN'S CHRISTMAS EP,ELTON JOHN,82,LW:RE,24,8,2007-12-09,2007,2000,12
4687,MISTLETOE AND WINE,CLIFF RICHARD,86,LW:RE,1,9,2007-12-09,2007,2000,12
2707,WALKING IN THE AIR,ALED JONES,90,LW:RE,5,14,2007-12-09,2007,2000,12
28076,STOP THE CAVALRY,JONA LEWIE,72,LW:RE,3,12,2007-12-16,2007,2000,12
9115,THE CHRISTMAS SONG,NAT KING COLE,76,LW:RE,69,3,2007-12-16,2007,2000,12
27539,EVERYTHING,MICHAEL BUBLE,81,LW:RE,38,22,2007-12-16,2007,2000,12
28015,KASHMIR,LED ZEPPELIN,88,LW:RE,80,3,2007-12-16,2007,2000,12
16267,WHOLE LOTTA LOVE,LED ZEPPELIN,91,LW:RE,21,5,2007-12-16,2007,2000,12
16724,WHEN YOU BELIEVE,MARIAH CAREY & WHITNEY HOUSTON,65,LW:RE,4,16,2007-12-23,2007,2000,12
27998,PIECE OF ME,BRITNEY SPEARS,69,LW:RE,69,2,2007-12-23,2007,2000,12
27342,LAX TAKE IT EASY,MIKA,75,LW:RE,75,5,2007-12-23,2007,2000,12
27156,HAB,AMY WINEHOUSE,85,LW:RE,7,60,2007-12-23,2007,2000,12
27367,SHINE,TAKE THAT,91,LW:RE,1,46,2007-12-23,2007,2000,12
28088,PLEASE COME HOME FOR CHRISTMAS,EAGLES,93,LW:RE,30,6,2007-12-23,2007,2000,12
28089,ROCKIN' AROUND THE CHRISTMAS TE,BRENDA LEE,94,LW:RE,6,8,2007-12-23,2007,2000,12
27742,TEARS DRY ON THEIR OWN,AMY WINEHOUSE,99,LW:RE,16,20,2007-12-23,2007,2000,12
27382,RUBY,KAISER CHIEFS,38,LW:RE,1,34,2007-12-30,2008,2000,12
27326,GRACE KELLY,MIKA,48,LW:RE,1,40,2007-12-30,2008,2000,12
27680,FOUNDATIONS,KATE NASH,52,LW:RE,2,24,2007-12-30,2008,2000,12
27789,BEAUTIFUL GIRLS,SEAN KINGSTON,60,LW:RE,1,17,2007-12-30,2008,2000,12
27228,PATIENCE,TAKE THAT,61,LW:RE,1,45,2007-12-30,2008,2000,12
27993,FLEX,DIZZEE RASCAL,66,LW:RE,23,7,2007-12-30,2008,2000,12
27748,WITH EVERY HEARTBEAT,ROBYN WITH KLEERUP,68,LW:RE,1,20,2007-12-30,2008,2000,12
27869,HOMECOMING,KANYE WEST,69,LW:RE,69,2,2007-12-30,2008,2000,12
27496,GIVE IT TO ME,TIMBALAND/FURTADO/TIMBERLAKE,73,LW:RE,1,34,2007-12-30,2008,2000,12
27667,BIG GIRLS DON'T CRY,FERGIE,75,LW:RE,2,27,2007-12-30,2008,2000,12
27706,BIG GIRL (YOU A BEAUTIFUL),MIKA,78,LW:RE,9,20,2007-12-30,2008,2000,12
27389,LOLLIPOP,MIKA,82,LW:RE,59,20,2007-12-30,2008,2000,12
27347,HOW TO SAVE A LIFE,FRAY,84,LW:RE,4,45,2007-12-30,2008,2000,12
27803,1973,JAMES BLUNT,85,LW:RE,4,17,2007-12-30,2008,2000,12
24702,MR BRIGHTSIDE,KILLERS,89,LW:RE,10,33,2007-12-30,2008,2000,12
27301,A MOMENT LIKE THIS,LEONA LEWIS,90,LW:RE,1,19,2007-12-30,2008,2000,12
27812,SEXY NO NO NO,GIRLS ALOUD,91,LW:RE,5,13,2007-12-30,2008,2000,12
27504,WHAT I'VE DONE,LINKIN PARK,92,LW:RE,6,24,2007-12-30,2008,2000,12
27555,FLUOSCENT ADOLESCENT,ARCTIC MONKEYS,94,LW:RE,5,23,2007-12-30,2008,2000,12
27717,MR ROCK & ROLL,AMY MACDONALD,95,LW:RE,12,14,2007-12-30,2008,2000,12
27220,I FOUND OUT,PIGEON DETECTIVES,97,LW:RE,39,6,2007-12-30,2008,2000,12
27434,GIRLFRIEND,AVRIL LAVIGNE,99,LW:RE,2,28,2007-12-30,2008,2000,12
28013,WON'T GO HOME WITHOUT YOU,MAROON 5,69,LW:RE,44,5,2008-01-06,2008,2000,1
6779,THIS WOMAN'S WORK,KATE BUSH,76,LW:RE,25,6,2008-01-06,2008,2000,1
27319,DON'T STOP ME NOW,QUEEN,81,LW:RE,9,25,2008-01-06,2008,2000,1
27497,BEAUTIFUL LIAR,BEYONCE & SHAKIRA,82,LW:RE,1,24,2008-01-06,2008,2000,1
28080,HATE (I ALLY DON'T LIKE),PLAIN WHITE T'S,84,LW:RE,84,2,2008-01-06,2008,2000,1
28077,HAVE I BEEN A FOOL,JACK PENATE,93,LW:RE,73,2,2008-01-06,2008,2000,1
27372,SAY IT RIGHT,NELLY FURTADO,94,LW:RE,10,37,2008-01-06,2008,2000,1
28048,WE'LL LIVE AND DIE IN THESE TOWNS,ENEMY,96,LW:RE,21,4,2008-01-06,2008,2000,1
28059,BABY WHEN THE LIGHT,DAVID GUETTA FT COZI,97,LW:RE,50,6,2008-01-06,2008,2000,1
27325,I'M GONNA BE (500 MILES),PROCLAIMERS,99,LW:RE,11,25,2008-01-06,2008,2000,1
27049,I DON'T FEEL LIKE DANCIN',SCISSOR SISTERS,100,LW:RE,1,42,2008-01-06,2008,2000,1
27953,HANDLE ME,ROBYN,81,LW:RE,17,7,2008-01-13,2008,2000,1
27580,HEAVYWEIGHT CHAMPION OF THE WORLD,REVEREND & THE MAKERS,83,LW:RE,8,22,2008-01-13,2008,2000,1
27921,LET'S DANCE TO JOY DIVISION,WOMBATS,96,LW:RE,15,8,2008-01-13,2008,2000,1
21546,HOW YOU MIND ME,NICKELBACK,98,LW:RE,4,28,2008-01-20,2008,2000,1
27643,WHEN YOU' GONE,AVRIL LAVIGNE,79,LW:RE,3,22,2008-01-27,2008,2000,1
28055,BETTER,TOM BAXTER,90,LW:RE,67,3,2008-01-27,2008,2000,1
27504,WHAT I'VE DONE,LINKIN PARK,99,LW:RE,6,27,2008-01-27,2008,2000,1
27656,MISERY BUSINESS,PARAMORE,58,LW:RE,31,11,2008-02-03,2008,2000,2
24115,NUMB/ENCO,JAY-Z & LINKIN PARK,65,LW:RE,14,54,2008-02-03,2008,2000,2
26641,OVER AND OVER,HOT CHIP,68,LW:RE,27,12,2008-02-03,2008,2000,2
27525,SOMEWHE OVER THE RAINBOW,ISRAEL KAMAKAWIWO'OLE,74,LW:RE,68,3,2008-02-03,2008,2000,2
16731,I DON'T WANT TO MISS A THING,AEROSMITH,96,LW:RE,4,38,2008-02-03,2008,2000,2
21283,HARDER BETTER FASTER STRONGER,DAFT PUNK,100,LW:RE,25,5,2008-02-03,2008,2000,2
28114,IF I HAD EYES,JACK JOHNSON,66,LW:RE,60,3,2008-02-10,2008,2000,2
5946,PARADISE CITY,GUNS N' ROSES,86,LW:RE,6,10,2008-02-10,2008,2000,2
5440,SWEET CHILD O' MINE,GUNS N' ROSES,93,LW:RE,24,9,2008-02-10,2008,2000,2
27504,WHAT I'VE DONE,LINKIN PARK,95,LW:RE,6,28,2008-02-10,2008,2000,2
28106,WORST CASE SCENARIO,HOOSIERS,100,LW:RE,76,4,2008-02-10,2008,2000,2
9622,SOMETHING GOOD,UTAH SAINTS,31,LW:RE,4,10,2008-02-17,2008,2000,2
28122,6 OF 1 THING,CRAIG DAVID,45,LW:RE,45,3,2008-02-17,2008,2000,2
153,BILLIE JEAN,MICHAEL JACKSON,78,LW:RE,1,22,2008-02-17,2008,2000,2
27909,VALERIE,AMY WINEHOUSE,93,LW:RE,37,17,2008-02-17,2008,2000,2
929,THRILLER,MICHAEL JACKSON,94,LW:RE,10,27,2008-02-17,2008,2000,2
27145,IRIS/STAY WITH YOU,GOO GOO DOLLS,99,LW:RE,26,35,2008-02-17,2008,2000,2
27495,STOP ME,MARK RONSON FT D MERRIWEATHER,51,LW:RE,2,21,2008-02-24,2008,2000,2
27985,2 HEARTS,KYLIE MINOGUE,68,LW:RE,4,15,2008-02-24,2008,2000,2
27367,SHINE,TAKE THAT,73,LW:RE,1,53,2008-02-24,2008,2000,2
27382,RUBY,KAISER CHIEFS,79,LW:RE,1,41,2008-02-24,2008,2000,2
27742,TEARS DRY ON THEIR OWN,AMY WINEHOUSE,82,LW:RE,16,25,2008-02-24,2008,2000,2
27205,STANDING IN THE WAY OF CONTROL,GOSSIP,88,LW:RE,7,38,2008-02-24,2008,2000,2
27657,WORRIED ABOUT RAY,HOOSIERS,92,LW:RE,5,35,2008-02-24,2008,2000,2
27329,GOLDEN SKANS,KLAXONS,93,LW:RE,7,25,2008-02-24,2008,2000,2
27555,FLUOSCENT ADOLESCENT,ARCTIC MONKEYS,100,LW:RE,5,27,2008-02-24,2008,2000,2
28152,SUPERNATURAL SUPERSERIOUS,REM,65,LW:RE,54,2,2008-03-02,2008,2000,3
27685,OH MY GOD,MARK RONSON FT LILY ALLEN,92,LW:RE,8,18,2008-03-02,2008,2000,3
24702,MR BRIGHTSIDE,KILLERS,93,LW:RE,10,41,2008-03-02,2008,2000,3
21546,HOW YOU MIND ME,NICKELBACK,100,LW:RE,4,33,2008-03-02,2008,2000,3
28012,FOOTPRINTS IN THE SAND,LEONA LEWIS,63,LW:RE,63,3,2008-03-09,2008,2000,3
9997,JUMP AROUND,HOUSE OF PAIN,67,LW:RE,32,27,2008-03-16,2008,2000,3
3530,LIVIN' ON A PRAYER,BON JOVI,70,LW:RE,4,17,2008-03-16,2008,2000,3
27612,HALLELUJAH,JEFF BUCKLEY,74,LW:RE,65,4,2008-03-16,2008,2000,3
27145,IRIS/STAY WITH YOU,GOO GOO DOLLS,80,LW:RE,26,36,2008-03-16,2008,2000,3
27830,AYO TECHNOLOGY,50 CENT/TIMBERLAKE/TIMBALAND,86,LW:RE,2,29,2008-03-16,2008,2000,3
27866,LET ME THINK ABOUT IT,IDA CORR VS FEDDE LE GRAND,89,LW:RE,2,25,2008-03-16,2008,2000,3
28142,NEW SOUL,YAEL NAIM,93,LW:RE,36,5,2008-03-16,2008,2000,3
26702,ONE,MARY J BLIGE & U2,94,LW:RE,2,24,2008-03-16,2008,2000,3
27382,RUBY,KAISER CHIEFS,96,LW:RE,1,43,2008-03-16,2008,2000,3
5440,SWEET CHILD O' MINE,GUNS N' ROSES,97,LW:RE,24,11,2008-03-16,2008,2000,3
28207,AMERICAN BOY,ESTELLE FT KANYE WEST,1,LW:RE,1,2,2008-03-23,2008,2000,3
27952,KISS KISS,CHRIS BROWN FT T-PAIN,82,LW:RE,38,7,2008-03-23,2008,2000,3
27957,CON TE PARTIRO,ANDREA BOCELLI,83,LW:RE,69,4,2008-03-23,2008,2000,3
22844,CRY ME A RIVER,JUSTIN TIMBERLAKE,91,LW:RE,2,17,2008-03-23,2008,2000,3
27895,HAPPY ENDING,MIKA,94,LW:RE,7,24,2008-03-23,2008,2000,3
28026,CHANGE,SUGABABES,96,LW:RE,13,14,2008-03-23,2008,2000,3
28177,HYPNOTIZED,PLIES FT AKON,97,LW:RE,87,3,2008-03-23,2008,2000,3
28224,I'M A MAN,SPENCER DAVIS GROUP,70,LW:RE,9,8,2008-03-30,2008,2000,3
28152,SUPERNATURAL SUPERSERIOUS,REM,76,LW:RE,54,3,2008-03-30,2008,2000,3
5440,SWEET CHILD O' MINE,GUNS N' ROSES,95,LW:RE,24,12,2008-03-30,2008,2000,3
19487,TOCA'S MIRACLE,COCO vs FRAGMA,29,LW:RE,1,20,2008-04-06,2008,2000,4
28214,HEARTBAKER,WILL I AM,49,LW:RE,49,2,2008-04-06,2008,2000,4
27319,DON'T STOP ME NOW,QUEEN,74,LW:RE,9,26,2008-04-06,2008,2000,4
27516,PARALLEL WORLDS,ELLIOT MINOR,22,LW:RE,22,5,2008-04-13,2008,2000,4
28130,HOMETOWN GLORY,ADELE,38,LW:RE,32,7,2008-04-13,2008,2000,4
19468,FLOWERS,SWEET FEMALE ATTITUDE,62,LW:RE,2,13,2008-04-13,2008,2000,4
27347,HOW TO SAVE A LIFE,FRAY,93,LW:RE,4,52,2008-04-13,2008,2000,4
27605,PAINT IT BLACK,ROLLING STONES,94,LW:RE,70,4,2008-04-13,2008,2000,4
12314,PUSH THE FEELING ON,NIGHTCRAWLERS,97,LW:RE,3,20,2008-04-13,2008,2000,4
28189,TIME TO PTEND,MGMT,35,LW:RE,35,5,2008-04-20,2008,2000,4
28223,MACHINE GUN,PORTISHEAD,73,LW:RE,52,3,2008-04-20,2008,2000,4
27538,BACKFI AT THE DISCO,WOMBATS,81,LW:RE,67,2,2008-04-20,2008,2000,4
27869,HOMECOMING,KANYE WEST,84,LW:RE,9,17,2008-04-20,2008,2000,4
27997,LOST,MICHAEL BUBLE,91,LW:RE,19,23,2008-04-20,2008,2000,4
19405,BLOW YA MIND,LOCK 'N' LOAD,94,LW:RE,6,16,2008-04-20,2008,2000,4
1030,EYE OF THE TIGER,SURVIVOR,100,LW:RE,1,26,2008-04-20,2008,2000,4
28195,WARWICK AVENUE,DUFFY,67,LW:RE,67,3,2008-04-27,2008,2000,4
26432,HOME/SONG FOR YOU,MICHAEL BUBLE,83,LW:RE,45,26,2008-04-27,2008,2000,4
27915,GOODBYE MR A,HOOSIERS,93,LW:RE,4,27,2008-04-27,2008,2000,4
28163,US AGAINST THE WORLD,WESTLIFE,74,LW:RE,8,9,2008-05-04,2008,2000,5
8988,FALL AT YOUR FEET,CROWDED HOUSE,75,LW:RE,17,8,2008-05-04,2008,2000,5
28097,MOVING TO NEW YORK,WOMBATS,100,LW:RE,13,16,2008-05-04,2008,2000,5
16731,I DON'T WANT TO MISS A THING,AEROSMITH,68,LW:RE,4,41,2008-05-11,2008,2000,5
12314,PUSH THE FEELING ON,NIGHTCRAWLERS,82,LW:RE,3,21,2008-05-11,2008,2000,5
27508,BACK TO BLACK,AMY WINEHOUSE,90,LW:RE,25,49,2008-05-11,2008,2000,5
27760,STRONGER,KANYE WEST,95,LW:RE,1,39,2008-05-11,2008,2000,5
28105,SUN GOES DOWN,DAVID JORDAN,97,LW:RE,4,17,2008-05-11,2008,2000,5
28286,SUMMERTIME,DJ JAZZY JEFF & FRESH PRINCE,98,LW:RE,8,13,2008-05-11,2008,2000,5
27651,BLOOD SUGAR/AXLE GRINDER,PENDULUM,99,LW:RE,62,5,2008-05-11,2008,2000,5
23192,RHYTHM IS A DANCER,SNAP,71,LW:RE,1,24,2008-05-18,2008,2000,5
26259,SLAM/OUT HE,PENDULUM,89,LW:RE,34,5,2008-05-18,2008,2000,5
28119,RIDE IT,JAY SEAN,97,LW:RE,11,15,2008-05-18,2008,2000,5
27991,GRANITE,PENDULUM,98,LW:RE,29,13,2008-05-18,2008,2000,5
429,NOBODY'S DIARY,YAZOO,100,LW:RE,3,12,2008-05-18,2008,2000,5
26216,FIX YOU,COLDPLAY,84,LW:RE,4,38,2008-05-25,2008,2000,5
27994,HEAVEN,DJ SAMMY & YANOU FT DO,86,LW:RE,1,25,2008-05-25,2008,2000,5
27525,SOMEWHE OVER THE RAINBOW,ISRAEL KAMAKAWIWO'OLE,91,LW:RE,68,4,2008-05-25,2008,2000,5
28314,SWEET CAROLINE (GOOD TIMES NEVER SEEMED,NEIL DIAMOND,92,LW:RE,8,12,2008-05-25,2008,2000,5
26184,SINGIN' IN THE RAIN,MINT ROYALE,28,LW:RE,20,6,2008-06-01,2008,2000,6
26281,PHOTOGRAPH,NICKELBACK,85,LW:RE,29,5,2008-06-01,2008,2000,6
28174,A-PUNK,VAMPIRE WEEKEND,96,LW:RE,55,4,2008-06-01,2008,2000,6
27268,WIND,PAOLO NUTINI,98,LW:RE,27,8,2008-06-01,2008,2000,6
28330,HURT,JOHNNY CASH,100,LW:RE,39,5,2008-06-01,2008,2000,6
10970,CEP,RADIOHEAD,37,LW:RE,7,7,2008-06-08,2008,2000,6
28249,NO AIR,JORDIN SPARKS FT CHRIS BROWN,74,LW:RE,58,3,2008-06-08,2008,2000,6
28273,GIVE IT 2 ME,MADONNA,80,LW:RE,60,4,2008-06-08,2008,2000,6
27779,THE PTENDER,FOO FIGHTERS,90,LW:RE,8,31,2008-06-08,2008,2000,6
5440,SWEET CHILD O' MINE,GUNS N' ROSES,92,LW:RE,24,18,2008-06-08,2008,2000,6
25962,BEST OF YOU,FOO FIGHTERS,96,LW:RE,4,31,2008-06-08,2008,2000,6
14083,STET SPIRIT (FADE OUT),RADIOHEAD,99,LW:RE,5,7,2008-06-08,2008,2000,6
3530,LIVIN' ON A PRAYER,BON JOVI,78,LW:RE,4,18,2008-06-15,2008,2000,6
16850,MY HERO,FOO FIGHTERS,88,LW:RE,21,4,2008-06-15,2008,2000,6
27336,SWEET HOME ALABAMA,LYNYRD SKYNYRD,91,LW:RE,61,2,2008-06-15,2008,2000,6
28030,LONG ROAD TO RUIN,FOO FIGHTERS,96,LW:RE,35,14,2008-06-15,2008,2000,6
26216,FIX YOU,COLDPLAY,98,LW:RE,4,39,2008-06-15,2008,2000,6
19731,YELLOW,COLDPLAY,80,LW:RE,4,19,2008-06-22,2008,2000,6
28103,WORK,KELLY ROWLAND,87,LW:RE,4,23,2008-06-22,2008,2000,6
27605,PAINT IT BLACK,ROLLING STONES,93,LW:RE,70,5,2008-06-22,2008,2000,6
24702,MR BRIGHTSIDE,KILLERS,98,LW:RE,10,48,2008-06-22,2008,2000,6
28046,ELVIS AIN'T DEAD,SCOUTING FOR GIRLS,99,LW:RE,8,28,2008-06-22,2008,2000,6
24115,NUMB/ENCO,JAY-Z & LINKIN PARK,64,LW:RE,14,64,2008-06-29,2008,2000,6
27945,BLEEDING LOVE,LEONA LEWIS,87,LW:RE,1,33,2008-06-29,2008,2000,6
28380,WANNA BE STARTIN' SOMETHIN' 2008,MICHAEL JACKSON,93,LW:RE,69,4,2008-06-29,2008,2000,6
28237,I'M NOT GONNA TEACH YOUR BOYFRIEND HOW,BLACK KIDS,94,LW:RE,11,12,2008-06-29,2008,2000,6
24158,99 PROBLEMS/DIRT OFF YOUR SHOULDER,JAY-Z,95,LW:RE,12,22,2008-06-29,2008,2000,6
28189,TIME TO PTEND,MGMT,100,LW:RE,35,9,2008-06-29,2008,2000,6
15969,BITTER SWEET SYMPHONY,VERVE,58,LW:RE,2,43,2008-07-06,2008,2000,7
27697,FANS,KINGS OF LEON,64,LW:RE,13,11,2008-07-06,2008,2000,7
28130,HOMETOWN GLORY,ADELE,74,LW:RE,32,10,2008-07-06,2008,2000,7
27508,BACK TO BLACK,AMY WINEHOUSE,81,LW:RE,25,52,2008-07-06,2008,2000,7
27145,IRIS/STAY WITH YOU,GOO GOO DOLLS,87,LW:RE,26,45,2008-07-06,2008,2000,7
16731,I DON'T WANT TO MISS A THING,AEROSMITH,88,LW:RE,4,45,2008-07-06,2008,2000,7
28127,ADY FOR THE FLOOR,HOT CHIP,89,LW:RE,6,11,2008-07-06,2008,2000,7
28262,OUTTA MY HEAD,ASHLEE SIMPSON,90,LW:RE,24,9,2008-07-06,2008,2000,7
27683,KILL THE DICTOR,WOMBATS,93,LW:RE,35,3,2008-07-06,2008,2000,7
28174,A-PUNK,VAMPIRE WEEKEND,95,LW:RE,55,5,2008-07-06,2008,2000,7
28305,GAT DJ,TING TINGS,97,LW:RE,33,4,2008-07-06,2008,2000,7
16720,HARD KNOCK LIFE (GHETTO ANTHEM),JAY-Z,98,LW:RE,2,15,2008-07-06,2008,2000,7
27857,ABOUT YOU NOW,SUGABABES,47,LW:RE,1,33,2008-07-13,2008,2000,7
24052,MY IMMORTAL,EVANESCENCE,84,LW:RE,7,10,2008-07-13,2008,2000,7
28396,MAMMA MIA,ABBA,86,LW:RE,1,15,2008-07-13,2008,2000,7
28397,DANCING QUEEN,ABBA,90,LW:RE,1,16,2008-07-13,2008,2000,7
27525,SOMEWHE OVER THE RAINBOW,ISRAEL KAMAKAWIWO'OLE,91,LW:RE,68,5,2008-07-13,2008,2000,7
27449,9 TO 5,DOLLY PARTON,92,LW:RE,47,12,2008-07-13,2008,2000,7
27605,PAINT IT BLACK,ROLLING STONES,99,LW:RE,70,7,2008-07-13,2008,2000,7
27973,YOU AND ME,ONE NIGHT ONLY,55,LW:RE,46,2,2008-07-20,2008,2000,7
28335,DISTURBIA,RIHANNA,47,LW:RE,47,3,2008-07-27,2008,2000,7
28162,CAN'T SPEAK FNCH,GIRLS ALOUD,59,LW:RE,9,20,2008-07-27,2008,2000,7
28417,IT'S NOT ABOUT YOU,SCOUTING FOR GIRLS,67,LW:RE,31,5,2008-07-27,2008,2000,7
28243,COPS AND ROBBERS,HOOSIERS,70,LW:RE,24,9,2008-07-27,2008,2000,7
28399,THE GAT ESCAPE,BOYS LIKE GIRLS,72,LW:RE,72,2,2008-07-27,2008,2000,7
28400,PSYCHOSOCIAL,SLIPKNOT,74,LW:RE,74,2,2008-07-27,2008,2000,7
28225,ALWAYS WHE I NEED TO BE,KOOKS,81,LW:RE,3,12,2008-07-27,2008,2000,7
28261,WE CRY,SCRIPT,91,LW:RE,15,6,2008-07-27,2008,2000,7
28109,CHASING PAVEMENTS,ADELE,92,LW:RE,2,22,2008-07-27,2008,2000,7
28215,BAK THE ICE,BRITNEY SPEARS,94,LW:RE,15,16,2008-07-27,2008,2000,7
28252,IN MY ARMS,KYLIE MINOGUE,99,LW:RE,10,11,2008-07-27,2008,2000,7
28103,WORK,KELLY ROWLAND,95,LW:RE,4,25,2008-08-03,2008,2000,8
15969,BITTER SWEET SYMPHONY,VERVE,64,LW:RE,2,46,2008-08-10,2008,2000,8
18586,EVERYBODY'S FE (TO WEAR SUNSCEN),BAZ LUHRMANN,72,LW:RE,1,19,2008-08-10,2008,2000,8
28446,SUMMER OF 69,BRYAN ADAMS,88,LW:RE,42,8,2008-08-10,2008,2000,8
28361,RHYTHM IS A DANCER '08,SNAP,89,LW:RE,1,33,2008-08-10,2008,2000,8
24702,MR BRIGHTSIDE,KILLERS,92,LW:RE,10,53,2008-08-10,2008,2000,8
28412,HERO,NAS FT KERI HILSON,95,LW:RE,95,2,2008-08-10,2008,2000,8
28197,STEPPING STONE,DUFFY,80,LW:RE,80,2,2008-08-17,2008,2000,8
16731,I DON'T WANT TO MISS A THING,AEROSMITH,83,LW:RE,4,48,2008-08-17,2008,2000,8
27145,IRIS/STAY WITH YOU,GOO GOO DOLLS,84,LW:RE,26,49,2008-08-17,2008,2000,8
27319,DON'T STOP ME NOW,QUEEN,98,LW:RE,9,43,2008-08-17,2008,2000,8
28370,GERALDINE,GLASVEGAS,100,LW:RE,16,7,2008-08-17,2008,2000,8
9525,NOTHING ELSE MATTERS,METALLICA,53,LW:RE,6,7,2008-08-24,2008,2000,8
8767,ENTER SANDMAN,METALLICA,60,LW:RE,5,5,2008-08-24,2008,2000,8
27892,BUBBLY,COLBIE CAILLAT,65,LW:RE,65,4,2008-08-24,2008,2000,8
28447,MIDNIGHT MADNESS,CHEMICAL BROTHERS,80,LW:RE,80,2,2008-08-24,2008,2000,8
27850,CAN'T STOP MOVING,SONNY J,86,LW:RE,80,3,2008-08-24,2008,2000,8
25642,DAKOTA,STEREOPHONICS,88,LW:RE,1,31,2008-08-24,2008,2000,8
19839,I DISAPPEAR,METALLICA,91,LW:RE,35,4,2008-08-24,2008,2000,8
27697,FANS,KINGS OF LEON,93,LW:RE,13,14,2008-08-24,2008,2000,8
6054,ONE,METALLICA,94,LW:RE,13,8,2008-08-24,2008,2000,8
28149,STOP AND STA,ONEREPUBLIC,98,LW:RE,4,25,2008-08-24,2008,2000,8
26432,HOME/SONG FOR YOU,MICHAEL BUBLE,74,LW:RE,45,27,2008-08-31,2008,2000,8
28352,ELECTRIC FEEL,MGMT,80,LW:RE,22,9,2008-08-31,2008,2000,8
27145,IRIS/STAY WITH YOU,GOO GOO DOLLS,89,LW:RE,26,50,2008-08-31,2008,2000,8
28189,TIME TO PTEND,MGMT,92,LW:RE,35,13,2008-08-31,2008,2000,8
153,BILLIE JEAN,MICHAEL JACKSON,93,LW:RE,1,23,2008-08-31,2008,2000,8
9300,TEARS IN HEAVEN,ERIC CLAPTON,95,LW:RE,5,13,2008-08-31,2008,2000,8
929,THRILLER,MICHAEL JACKSON,98,LW:RE,10,28,2008-08-31,2008,2000,8
27697,FANS,KINGS OF LEON,66,LW:RE,13,15,2008-09-07,2008,2000,9
26602,FAR AWAY,NICKELBACK,94,LW:RE,40,3,2008-09-07,2008,2000,9
28334,ONE DAY LIKE THIS,ELBOW,35,LW:RE,35,7,2008-09-14,2008,2000,9
207,TOTAL ECLIPSE OF THE HEART,BONNIE TYLER,57,LW:RE,1,13,2008-09-14,2008,2000,9
28199,GROUNDS FOR DIVORCE,ELBOW,59,LW:RE,19,4,2008-09-14,2008,2000,9
27928,SUPERSTITION,STEVIE WONDER,76,LW:RE,11,11,2008-09-14,2008,2000,9
3530,LIVIN' ON A PRAYER,BON JOVI,81,LW:RE,4,24,2008-09-14,2008,2000,9
28475,MY LIFE,GAME FT LIL WAYNE,85,LW:RE,85,2,2008-09-14,2008,2000,9
27462,ON CALL,KINGS OF LEON,89,LW:RE,18,10,2008-09-14,2008,2000,9
28253,LOLLIPOP,LIL WAYNE,97,LW:RE,26,18,2008-09-14,2008,2000,9
28508,KISS KISS,CHRIS BROWN FT T-PAIN & NELLY,39,LW:RE,38,14,2008-09-21,2008,2000,9
28217,TATTOO,JORDIN SPARKS,68,LW:RE,50,9,2008-09-21,2008,2000,9
28323,THE GALWAY GIRL,SHARON SHANNON & STEVE EARLE,71,LW:RE,67,3,2008-09-21,2008,2000,9
27805,SHE'S SO LOVELY,SCOUTING FOR GIRLS,92,LW:RE,7,54,2008-09-21,2008,2000,9
22458,DAMING OF YOU,CORAL,98,LW:RE,13,6,2008-09-21,2008,2000,9
20814,THE YOU'LL BE,FAITH HILL,10,LW:RE,3,16,2008-09-28,2008,2000,9
27525,SOMEWHE OVER THE RAINBOW,ISRAEL KAMAKAWIWO'OLE,46,LW:RE,46,6,2008-09-28,2008,2000,9
6243,WIND BENEATH MY WINGS,BETTE MIDLER,70,LW:RE,5,13,2008-09-28,2008,2000,9
24157,YOU GOT THE LOVE,SOURCE FT CANDI STATON,79,LW:RE,3,49,2008-09-28,2008,2000,9
27462,ON CALL,KINGS OF LEON,96,LW:RE,18,11,2008-09-28,2008,2000,9
28084,WHEN YOU BELIEVE,LEON JACKSON,98,LW:RE,1,10,2008-09-28,2008,2000,9
26963,CHASING CARS,SNOW PATROL,49,LW:RE,6,106,2008-10-05,2008,2000,10
27612,HALLELUJAH,JEFF BUCKLEY,59,LW:RE,59,5,2008-10-05,2008,2000,10
27997,LOST,MICHAEL BUBLE,68,LW:RE,19,26,2008-10-05,2008,2000,10
28189,TIME TO PTEND,MGMT,88,LW:RE,35,16,2008-10-05,2008,2000,10
28071,HE COME THE GIRLS,ERNIE K DOE,89,LW:RE,43,6,2008-10-05,2008,2000,10
24702,MR BRIGHTSIDE,KILLERS,91,LW:RE,10,59,2008-10-05,2008,2000,10
28265,HEARTBAKER,WILL I AM FT CHERYL COLE,97,LW:RE,4,26,2008-10-05,2008,2000,10
27805,SHE'S SO LOVELY,SCOUTING FOR GIRLS,98,LW:RE,7,55,2008-10-05,2008,2000,10
27947,APOLOGIZE,TIMBALAND PTS ONE REPUBLIC,99,LW:RE,3,47,2008-10-05,2008,2000,10
28489,7 THINGS,MILEY CYRUS,73,LW:RE,73,2,2008-10-12,2008,2000,10
28256,SWAY,KOOKS,89,LW:RE,89,2,2008-10-12,2008,2000,10
3422,TRUE COLORS,CYNDI LAUPER,90,LW:RE,12,13,2008-10-12,2008,2000,10
28108,NOW YOU' GONE,BASSHUNTER FT DJ MENTAL THEO,92,LW:RE,1,35,2008-10-12,2008,2000,10
28208,4 MINUTES,MADONNA FT JUSTIN TIMBERLAKE,95,LW:RE,1,29,2008-10-12,2008,2000,10
27588,UMBLLA,RIHANNA FT JAY-Z,99,LW:RE,1,69,2008-10-12,2008,2000,10
4006,WITH OR WITHOUT YOU,U2,66,LW:RE,4,13,2008-10-19,2008,2000,10
13820,WONDERWALL,OASIS,85,LW:RE,2,73,2008-10-19,2008,2000,10
12115,I'LL MAKE LOVE TO YOU,BOYZ II MEN,89,LW:RE,5,18,2008-10-19,2008,2000,10
28174,A-PUNK,VAMPIRE WEEKEND,90,LW:RE,55,6,2008-10-19,2008,2000,10
4898,MAN IN THE MIRROR,MICHAEL JACKSON,55,LW:RE,21,6,2008-10-26,2008,2000,10
28162,CAN'T SPEAK FNCH,GIRLS ALOUD,68,LW:RE,9,22,2008-10-26,2008,2000,10
27775,PURPLE RAIN,PRINCE & THE REVOLUTION,76,LW:RE,8,11,2008-10-26,2008,2000,10
16731,I DON'T WANT TO MISS A THING,AEROSMITH,83,LW:RE,4,50,2008-10-26,2008,2000,10
27857,ABOUT YOU NOW,SUGABABES,89,LW:RE,1,40,2008-10-26,2008,2000,10
929,THRILLER,MICHAEL JACKSON,98,LW:RE,10,30,2008-10-26,2008,2000,10
27612,HALLELUJAH,JEFF BUCKLEY,99,LW:RE,59,7,2008-10-26,2008,2000,10
28020,CALL THE SHOTS,GIRLS ALOUD,100,LW:RE,3,25,2008-10-26,2008,2000,10
28579,LET YOUR LOVE FLOW,BELLAMY BROTHERS,48,LW:RE,7,13,2008-11-02,2008,2000,11
27975,GHOSTBUSTERS,RAY PARKER JR,49,LW:RE,2,34,2008-11-02,2008,2000,11
27977,MONSTER MASH,BOBBY BORIS PICKETT,60,LW:RE,60,2,2008-11-02,2008,2000,11
10198,HERO,MARIAH CAREY,80,LW:RE,7,17,2008-11-02,2008,2000,11
27276,YOU KNOW MY NAME,CHRIS CORNELL,86,LW:RE,7,18,2008-11-02,2008,2000,11
21489,HERO,ENRIQUE IGLESIAS,93,LW:RE,1,30,2008-11-02,2008,2000,11
27431,CANDYMAN,CHRISTINA AGUILERA,98,LW:RE,17,25,2008-11-02,2008,2000,11
28207,AMERICAN BOY,ESTELLE FT KANYE WEST,75,LW:RE,1,34,2008-11-09,2008,2000,11
27132,WELCOME TO THE BLACK PARADE,MY CHEMICAL ROMANCE,90,LW:RE,1,26,2008-11-09,2008,2000,11
28603,CALL ME,BLONDIE,91,LW:RE,1,10,2008-11-09,2008,2000,11
27612,HALLELUJAH,JEFF BUCKLEY,98,LW:RE,59,8,2008-11-09,2008,2000,11
28348,LOST,COLDPLAY,54,LW:RE,54,3,2008-11-16,2008,2000,11
12556,ALL I WANT FOR CHRISTMAS IS YOU,MARIAH CAREY,59,LW:RE,2,22,2008-11-16,2008,2000,11
25642,DAKOTA,STEREOPHONICS,76,LW:RE,1,32,2008-11-16,2008,2000,11
207,TOTAL ECLIPSE OF THE HEART,BONNIE TYLER,86,LW:RE,1,15,2008-11-16,2008,2000,11
27201,I JUST WANNA KNOW,TAIO CRUZ,90,LW:RE,29,8,2008-11-16,2008,2000,11
11811,ANYTIME YOU NEED A FRIEND,MARIAH CAREY,96,LW:RE,8,11,2008-11-16,2008,2000,11
21388,HANDBAGS AND GLADRAGS,STEREOPHONICS,99,LW:RE,4,19,2008-11-16,2008,2000,11
24256,RUN,SNOW PATROL,28,LW:RE,5,12,2008-11-23,2008,2000,11
26511,FAIRYTALE OF NEW YORK,POGUES FT KIRSTY MACCOLL,62,LW:RE,2,30,2008-11-23,2008,2000,11
19731,YELLOW,COLDPLAY,83,LW:RE,4,20,2008-11-23,2008,2000,11
14059,CHILDN,ROBERT MILES,87,LW:RE,2,21,2008-11-23,2008,2000,11
28165,BETTER IN TIME/FOOTPRINTS IN THE SAND,LEONA LEWIS,93,LW:RE,2,27,2008-11-23,2008,2000,11
27937,ROCKSTAR,NICKELBACK,97,LW:RE,2,54,2008-11-23,2008,2000,11
27945,BLEEDING LOVE,LEONA LEWIS,100,LW:RE,1,35,2008-11-23,2008,2000,11
27228,PATIENCE,TAKE THAT,59,LW:RE,1,50,2008-11-30,2008,2000,11
13413,NEVER FORGET,TAKE THAT,64,LW:RE,1,19,2008-11-30,2008,2000,11
28036,LAST CHRISTMAS,WHAM,67,LW:RE,14,6,2008-11-30,2008,2000,11
2738,MERRY CHRISTMAS EVERYONE,SHAKIN' STEVENS,76,LW:RE,1,20,2008-11-30,2008,2000,11
27367,SHINE,TAKE THAT,93,LW:RE,1,56,2008-11-30,2008,2000,11
72,MERRY XMAS EVERYBODY,SLADE,94,LW:RE,1,50,2008-11-30,2008,2000,11
28075,IT'S BEGINNING TO LOOK A LOT LIKE,PERRY COMO,97,LW:RE,49,4,2008-11-30,2008,2000,11
28041,I WISH IT COULD BE CHRISTMAS EVERYDAY,WIZZARD,48,LW:RE,16,6,2008-12-07,2008,2000,12
27362,LISTEN,BEYONCE,53,LW:RE,16,9,2008-12-07,2008,2000,12
28049,DO THEY KNOW IT'S CHRISTMAS,BAND AID,64,LW:RE,1,29,2008-12-07,2008,2000,12
12215,ALWAYS,BON JOVI,67,LW:RE,2,20,2008-12-07,2008,2000,12
4774,DRIVING HOME FOR CHRISTMAS,CHRIS REA,70,LW:RE,33,11,2008-12-07,2008,2000,12
28035,IT'S THE MOST WONDERFUL TIME OF THE YEAR,ANDY WILLIAMS,80,LW:RE,21,6,2008-12-07,2008,2000,12
28207,AMERICAN BOY,ESTELLE FT KANYE WEST,89,LW:RE,1,37,2008-12-07,2008,2000,12
27945,BLEEDING LOVE,LEONA LEWIS,93,LW:RE,1,36,2008-12-07,2008,2000,12
28089,ROCKIN' AROUND THE CHRISTMAS TE,BRENDA LEE,94,LW:RE,6,9,2008-12-07,2008,2000,12
28455,SEE YOU AGAIN,MILEY CYRUS,96,LW:RE,11,15,2008-12-07,2008,2000,12
28054,HAPPY XMAS (WAR IS OVER),JOHN & YOKO/PLASTIC ONO BAND,100,LW:RE,40,5,2008-12-07,2008,2000,12
12530,STAY ANOTHER DAY,EAST 17,81,LW:RE,1,23,2008-12-14,2008,2000,12
23658,WHITE FLAG,DIDO,82,LW:RE,2,14,2008-12-14,2008,2000,12
24076,CHRISTMAS TIME (DON'T LET THE BELLS END),DARKNESS,90,LW:RE,2,15,2008-12-14,2008,2000,12
28078,SANTA CLAUS IS COMIN' TO TOWN,BRUCE SPRINGSTEEN,91,LW:RE,60,3,2008-12-14,2008,2000,12
28079,SANTA BABY,EARTHA KITT,92,LW:RE,85,3,2008-12-14,2008,2000,12
27588,UMBLLA,RIHANNA FT JAY-Z,94,LW:RE,1,70,2008-12-14,2008,2000,12
28485,ANGEL IN THE NIGHT,BASSHUNTER,96,LW:RE,14,14,2008-12-14,2008,2000,12
28550,THE WINNERS SONG,GERALDINE,46,LW:RE,2,6,2008-12-21,2008,2000,12
28039,I'M ALADY THE,WESTLIFE,63,LW:RE,62,2,2008-12-21,2008,2000,12
28544,NEVER MISS A BEAT,KAISER CHIEFS,72,LW:RE,5,8,2008-12-21,2008,2000,12
3777,NEVER GONNA GIVE YOU UP,RICK ASTLEY,73,LW:RE,1,23,2008-12-21,2008,2000,12
27367,SHINE,TAKE THAT,100,LW:RE,1,57,2008-12-21,2008,2000,12
28725,VIDEO PHONE,BEYONCE,63,LW:RE,63,2,2009-12-27,2010,2010,12
28058,IT'S BEGINNING TO LOOK A LOT LIKE CHRIST,PERRY COMO,81,LW:RE,47,9,2009-12-27,2010,2010,12
28035,IT'S THE MOST WONDERFUL TIME OF THE YEAR,ANDY WILLIAMS,85,LW:RE,21,9,2009-12-27,2010,2010,12
28744,ONE SHOT,JLS,89,LW:RE,81,2,2009-12-27,2010,2010,12
16743,WHITE CHRISTMAS,BING CROSBY,91,LW:RE,5,16,2009-12-27,2010,2010,12
28520,USE SOMEBODY,KINGS OF LEON,92,LW:RE,2,65,2009-12-27,2010,2010,12
26963,CHASING CARS,SNOW PATROL,93,LW:RE,6,137,2009-12-27,2010,2010,12
28079,SANTA BABY,EARTHA KITT,94,LW:RE,84,5,2009-12-27,2010,2010,12
28746,DIRTEE CASH,DIZZEE RASCAL,96,LW:RE,10,13,2009-12-27,2010,2010,12
12530,STAY ANOTHER DAY,EAST 17,97,LW:RE,1,26,2009-12-27,2010,2010,12
28747,LITTLE LION MAN,MUMFORD & SONS,98,LW:RE,24,15,2009-12-27,2010,2010,12
28749,BONKERS,DIZZEE RASCAL/VAN HELDEN,100,LW:RE,1,26,2009-12-27,2010,2010,12
28386,ALL SUMMER LONG,KID ROCK,72,LW:RE,1,23,2009-01-04,2009,2000,1
28352,ELECTRIC FEEL,MGMT,77,LW:RE,22,16,2009-01-04,2009,2000,1
28334,ONE DAY LIKE THIS,ELBOW,80,LW:RE,35,17,2009-01-04,2009,2000,1
27937,ROCKSTAR,NICKELBACK,83,LW:RE,2,55,2009-01-04,2009,2000,1
28174,A-PUNK,VAMPIRE WEEKEND,87,LW:RE,55,11,2009-01-04,2009,2000,1
28551,DON'T CALL THIS LOVE,LEON JACKSON,93,LW:RE,3,6,2009-01-04,2009,2000,1
28191,SWEET ABOUT ME,GABRIELLA CILMI,94,LW:RE,6,40,2009-01-04,2009,2000,1
27504,WHAT I'VE DONE,LINKIN PARK,95,LW:RE,6,29,2009-01-04,2009,2000,1
3530,LIVIN' ON A PRAYER,BON JOVI,96,LW:RE,4,25,2009-01-04,2009,2000,1
28453,SPIRALLING,KEANE,97,LW:RE,23,17,2009-01-04,2009,2000,1
28519,ANOTHER WAY TO DIE,ALICIA KEYS & JACK WHITE,98,LW:RE,9,14,2009-01-04,2009,2000,1
27588,UMBLLA,RIHANNA FT JAY-Z,99,LW:RE,1,71,2009-01-04,2009,2000,1
28467,PJANOO,ERIC PRYDZ,100,LW:RE,2,15,2009-01-04,2009,2000,1
28755,GANGSTA'S PARADISE,COOLIO FT LV,31,LW:RE,1,21,2009-01-11,2009,2000,1
28189,TIME TO PTEND,MGMT,60,LW:RE,35,19,2009-01-11,2009,2000,1
28652,BEAUTIFUL,AKON,66,LW:RE,56,3,2009-01-11,2009,2000,1
28608,GOTTA BE SOMEBODY,NICKELBACK,79,LW:RE,20,6,2009-01-11,2009,2000,1
28509,I DON'T CA,FALL OUT BOY,88,LW:RE,33,11,2009-01-11,2009,2000,1
28486,PAPER PLANES,MIA,90,LW:RE,19,14,2009-01-11,2009,2000,1
28643,DOG DAYS A OVER,FLORENCE & THE MACHINE,93,LW:RE,89,3,2009-01-11,2009,2000,1
28517,YOU MAKE IT AL,JAMES MORRISON,99,LW:RE,7,10,2009-01-11,2009,2000,1
28764,I'M SO PAID,AKON FT LIL WAYNE/YOUNG JEEZY,74,LW:RE,59,3,2009-01-18,2009,2000,1
27937,ROCKSTAR,NICKELBACK,87,LW:RE,2,56,2009-01-18,2009,2000,1
28426,IF THIS IS LOVE,SATURDAYS,94,LW:RE,8,16,2009-01-18,2009,2000,1
25881,BEVERLY HILLS,WEEZER,59,LW:RE,9,8,2009-01-25,2009,2000,1
28429,ULTRAVIOLET,STIFF DYLANS,81,LW:RE,41,5,2009-01-25,2009,2000,1
28289,TAKE A BOW,RIHANNA,83,LW:RE,1,27,2009-01-25,2009,2000,1
28627,DEAD AND GONE,TI,88,LW:RE,88,2,2009-01-25,2009,2000,1
28334,ONE DAY LIKE THIS,ELBOW,98,LW:RE,35,19,2009-01-25,2009,2000,1
28204,FEELING GOOD,MUSE,100,LW:RE,77,2,2009-01-25,2009,2000,1
28644,LIFE IN TECHNICOLOR II,COLDPLAY,68,LW:RE,68,2,2009-02-01,2009,2000,2
28641,SPACEMAN,KILLERS,76,LW:RE,76,2,2009-02-01,2009,2000,2
28517,YOU MAKE IT AL,JAMES MORRISON,78,LW:RE,7,12,2009-02-01,2009,2000,2
27994,HEAVEN,DJ SAMMY & YANOU FT DO,80,LW:RE,1,31,2009-02-01,2009,2000,2
28402,5 YEARS TIME,NOAH & THE WHALE,92,LW:RE,7,16,2009-02-01,2009,2000,2
28579,LET YOUR LOVE FLOW,BELLAMY BROTHERS,52,LW:RE,7,19,2009-02-08,2009,2000,2
15932,I'LL BE MISSING YOU,PUFF DADDY FT FAITH EVANS,73,LW:RE,1,31,2009-02-08,2009,2000,2
27605,PAINT IT BLACK,ROLLING STONES,82,LW:RE,70,8,2009-02-08,2009,2000,2
28191,SWEET ABOUT ME,GABRIELLA CILMI,87,LW:RE,6,41,2009-02-08,2009,2000,2
27981,DON'T STOP BELIEVIN',JOURNEY,89,LW:RE,62,6,2009-02-08,2009,2000,2
27347,HOW TO SAVE A LIFE,FRAY,96,LW:RE,4,53,2009-02-15,2009,2000,2
28207,AMERICAN BOY,ESTELLE FT KANYE WEST,99,LW:RE,1,41,2009-02-15,2009,2000,2
28449,BEGGIN',MADCON,70,LW:RE,5,24,2009-02-22,2009,2000,2
28195,WARWICK AVENUE,DUFFY,71,LW:RE,3,36,2009-02-22,2009,2000,2
28607,RAIN ON YOUR PARADE,DUFFY,76,LW:RE,15,14,2009-02-22,2009,2000,2
28489,7 THINGS,MILEY CYRUS,81,LW:RE,25,19,2009-02-22,2009,2000,2
28306,SHUT UP AND LET ME GO,TING TINGS,86,LW:RE,6,28,2009-02-22,2009,2000,2
28199,GROUNDS FOR DIVORCE,ELBOW,89,LW:RE,19,9,2009-02-22,2009,2000,2
2689,WEST END GIRLS,PET SHOP BOYS,90,LW:RE,1,17,2009-02-22,2009,2000,2
3694,ALWAYS ON MY MIND,PET SHOP BOYS,97,LW:RE,1,14,2009-02-22,2009,2000,2
27707,BEGGIN',FRANKIE VALLI/THE FOUR SEASONS,57,LW:RE,32,6,2009-03-01,2009,2000,3
24256,RUN,SNOW PATROL,89,LW:RE,5,22,2009-03-01,2009,2000,3
28389,PARIS IS BURNING,LADYHAWKE,92,LW:RE,61,3,2009-03-01,2009,2000,3
28767,MYKONOS,FLEET FOXES,96,LW:RE,51,6,2009-03-01,2009,2000,3
27981,DON'T STOP BELIEVIN',JOURNEY,95,LW:RE,62,7,2009-03-08,2009,2000,3
28764,I'M SO PAID,AKON FT LIL WAYNE/YOUNG JEEZY,99,LW:RE,59,8,2009-03-08,2009,2000,3
28790,DON'T STOP THE ROCK,FREESTYLE,73,LW:RE,73,3,2009-03-15,2009,2000,3
9849,WALKING ON BROKEN GLASS,ANNIE LENNOX,76,LW:RE,8,9,2009-03-15,2009,2000,3
10271,SHOW ME LOVE,ROBIN S,80,LW:RE,6,24,2009-03-15,2009,2000,3
27467,ISLANDS IN THE STAM,DOLLY PARTON & KENNY ROGERS,88,LW:RE,84,3,2009-03-15,2009,2000,3
28845,NO MO I LOVE YOUS,ANNIE LENNOX,91,LW:RE,2,16,2009-03-15,2009,2000,3
929,THRILLER,MICHAEL JACKSON,92,LW:RE,10,33,2009-03-15,2009,2000,3
24256,RUN,SNOW PATROL,94,LW:RE,5,23,2009-03-15,2009,2000,3
28560,MAKE YOU FEEL MY LOVE,ADELE,100,LW:RE,26,7,2009-03-15,2009,2000,3
9429,WHY,ANNIE LENNOX,93,LW:RE,5,9,2009-03-22,2009,2000,3
28636,MY DELIRIUM,LADYHAWKE,94,LW:RE,33,9,2009-03-22,2009,2000,3
28800,BEAUTIFUL DIRTY RICH,LADY GAGA,83,LW:RE,83,2,2009-03-29,2009,2000,3
28505,SPOTLIGHT,JENNIFER HUDSON,96,LW:RE,11,27,2009-03-29,2009,2000,3
28764,I'M SO PAID,AKON FT LIL WAYNE/YOUNG JEEZY,99,LW:RE,59,10,2009-03-29,2009,2000,3
19408,ALL THE SMALL THINGS,BLINK 182,94,LW:RE,2,13,2009-04-05,2009,2000,4
27981,DON'T STOP BELIEVIN',JOURNEY,98,LW:RE,62,8,2009-04-05,2009,2000,4
28668,HALLELUJAH,ALEXANDRA BURKE,86,LW:RE,1,15,2009-04-12,2009,2000,4
23505,SWING SWING,ALL-AMERICAN REJECTS,99,LW:RE,13,6,2009-04-12,2009,2000,4
28334,ONE DAY LIKE THIS,ELBOW,90,LW:RE,35,30,2009-04-19,2009,2000,4
28868,LOVEGAME,LADY GAGA,96,LW:RE,93,3,2009-04-19,2009,2000,4
28905,MY SHARONA,KNACK,77,LW:RE,6,11,2009-04-26,2009,2000,4
28723,PAPARAZZI,LADY GAGA,87,LW:RE,87,3,2009-04-26,2009,2000,4
27934,RULE THE WORLD,TAKE THAT,88,LW:RE,2,78,2009-05-03,2009,2000,5
28650,CIRCUS,BRITNEY SPEARS,95,LW:RE,13,21,2009-05-03,2009,2000,5
26963,CHASING CARS,SNOW PATROL,100,LW:RE,6,131,2009-05-03,2009,2000,5
28330,HURT,JOHNNY CASH,82,LW:RE,39,7,2009-05-10,2009,2000,5
27525,SOMEWHE OVER THE RAINBOW,ISRAEL KAMAKAWIWO'OLE,93,LW:RE,46,9,2009-05-10,2009,2000,5
1030,EYE OF THE TIGER,SURVIVOR,99,LW:RE,1,28,2009-05-10,2009,2000,5
28491,JUMP IN THE POOL,FRIENDLY FIRES,70,LW:RE,70,2,2009-05-17,2009,2000,5
23608,FIX UP LOOK SHARP,DIZZEE RASCAL,78,LW:RE,17,6,2009-05-17,2009,2000,5
28643,DOG DAYS A OVER,FLORENCE & THE MACHINE,91,LW:RE,89,4,2009-05-17,2009,2000,5
28558,BAKEVEN,SCRIPT,96,LW:RE,21,28,2009-05-17,2009,2000,5
28819,INVADERS MUST DIE,PRODIGY,98,LW:RE,49,4,2009-05-17,2009,2000,5
22679,LOSE YOURSELF,EMINEM,99,LW:RE,1,36,2009-05-17,2009,2000,5
27968,NO ONE,ALICIA KEYS,54,LW:RE,6,26,2009-05-24,2009,2000,5
28334,ONE DAY LIKE THIS,ELBOW,76,LW:RE,35,33,2009-05-24,2009,2000,5
14382,THEY DON'T CA ABOUT US,MICHAEL JACKSON,77,LW:RE,4,20,2009-05-24,2009,2000,5
28815,WALKING ON A DAM,EMPIRE OF THE SUN,83,LW:RE,64,4,2009-05-24,2009,2000,5
28501,WHATEVER YOU LIKE,TI,95,LW:RE,47,13,2009-05-24,2009,2000,5
28564,THE PROMISE,GIRLS ALOUD,96,LW:RE,1,30,2009-05-24,2009,2000,5
28916,UNTOUCHED,VERONICAS,8,LW:RE,8,3,2009-05-31,2009,2000,5
4006,WITH OR WITHOUT YOU,U2,43,LW:RE,4,14,2009-05-31,2009,2000,5
28449,BEGGIN',MADCON,47,LW:RE,5,37,2009-05-31,2009,2000,5
24702,MR BRIGHTSIDE,KILLERS,100,LW:RE,10,77,2009-05-31,2009,2000,5
28787,CHANGE,DANIEL MERRIWEATHER,81,LW:RE,8,6,2009-06-07,2009,2000,6
18586,EVERYBODY'S FE (TO WEAR SUNSCEN),BAZ LUHRMANN,91,LW:RE,1,20,2009-06-07,2009,2000,6
28486,PAPER PLANES,MIA,93,LW:RE,19,32,2009-06-07,2009,2000,6
28893,I DAMED A DAM,PATTI LUPONE,98,LW:RE,45,3,2009-06-07,2009,2000,6
28909,FOR WHAT IT'S WORTH,PLACEBO,99,LW:RE,97,2,2009-06-07,2009,2000,6
28934,THE SHOW,LENKA,33,LW:RE,33,3,2009-06-14,2009,2000,6
27934,RULE THE WORLD,TAKE THAT,73,LW:RE,2,79,2009-06-14,2009,2000,6
28625,IF TODAY WAS YOUR LAST DAY,NICKELBACK,75,LW:RE,75,2,2009-06-14,2009,2000,6
28629,GATEST DAY,TAKE THAT,91,LW:RE,1,24,2009-06-14,2009,2000,6
28591,IF I WE A BOY,BEYONCE,98,LW:RE,1,31,2009-06-14,2009,2000,6
28650,CIRCUS,BRITNEY SPEARS,99,LW:RE,13,22,2009-06-14,2009,2000,6
28827,JUST CAN'T GET ENOUGH,SATURDAYS,100,LW:RE,2,14,2009-06-14,2009,2000,6
28259,PROPANE NIGHTMAS,PENDULUM,81,LW:RE,9,26,2009-06-21,2009,2000,6
28206,CARRY YOU HOME,JAMES BLUNT,92,LW:RE,20,8,2009-06-21,2009,2000,6
28558,BAKEVEN,SCRIPT,93,LW:RE,21,29,2009-06-21,2009,2000,6
27367,SHINE,TAKE THAT,94,LW:RE,1,60,2009-06-21,2009,2000,6
28334,ONE DAY LIKE THIS,ELBOW,95,LW:RE,35,35,2009-06-21,2009,2000,6
28868,LOVEGAME,LADY GAGA,99,LW:RE,89,6,2009-06-21,2009,2000,6
4898,MAN IN THE MIRROR,MICHAEL JACKSON,11,LW:RE,11,7,2009-06-28,2009,2000,6
929,THRILLER,MICHAEL JACKSON,23,LW:RE,10,34,2009-06-28,2009,2000,6
153,BILLIE JEAN,MICHAEL JACKSON,25,LW:RE,1,25,2009-06-28,2009,2000,6
4694,SMOOTH CRIMINAL,MICHAEL JACKSON,28,LW:RE,8,17,2009-06-28,2009,2000,6
327,BEAT IT,MICHAEL JACKSON,30,LW:RE,3,16,2009-06-28,2009,2000,6
13934,EARTH SONG,MICHAEL JACKSON,38,LW:RE,1,22,2009-06-28,2009,2000,6
13519,YOU A NOT ALONE,MICHAEL JACKSON,44,LW:RE,1,18,2009-06-28,2009,2000,6
9032,BLACK OR WHITE,MICHAEL JACKSON,45,LW:RE,1,14,2009-06-28,2009,2000,6
3701,THE WAY YOU MAKE ME FEEL,MICHAEL JACKSON,47,LW:RE,3,15,2009-06-28,2009,2000,6
26617,DON'T STOP 'TIL YOU GET ENOUGH,MICHAEL JACKSON,48,LW:RE,3,16,2009-06-28,2009,2000,6
5339,DIRTY DIANA,MICHAEL JACKSON,50,LW:RE,4,12,2009-06-28,2009,2000,6
27348,I WANT YOU BACK,JACKSON 5,55,LW:RE,53,5,2009-06-28,2009,2000,6
3775,BAD,MICHAEL JACKSON,57,LW:RE,3,17,2009-06-28,2009,2000,6
28993,BEN,MICHAEL JACKSON,58,LW:RE,7,15,2009-06-28,2009,2000,6
28994,ABC,JACKSON 5,65,LW:RE,8,12,2009-06-28,2009,2000,6
14382,THEY DON'T CA ABOUT US,MICHAEL JACKSON,67,LW:RE,4,21,2009-06-28,2009,2000,6
28995,I'LL BE THE,JACKSON 5,71,LW:RE,4,17,2009-06-28,2009,2000,6
26634,ROCK WITH YOU,MICHAEL JACKSON,73,LW:RE,7,13,2009-06-28,2009,2000,6
28998,BLAME IT ON THE BOOGIE,JACKSONS,75,LW:RE,8,13,2009-06-28,2009,2000,6
9136,HEAL THE WORLD,MICHAEL JACKSON,78,LW:RE,2,18,2009-06-28,2009,2000,6
28999,OFF THE WALL,MICHAEL JACKSON,85,LW:RE,7,11,2009-06-28,2009,2000,6
29000,CAN YOU FEEL IT,JACKSONS,86,LW:RE,6,16,2009-06-28,2009,2000,6
29002,SHE'S OUT OF MY LIFE,MICHAEL JACKSON,95,LW:RE,3,10,2009-06-28,2009,2000,6
29003,AIN'T NO SUNSHINE,MICHAEL JACKSON,96,LW:RE,8,12,2009-06-28,2009,2000,6
21186,YOU ROCK MY WORLD,MICHAEL JACKSON,97,LW:RE,2,16,2009-06-28,2009,2000,6
29004,ONE DAY IN YOUR LIFE,MICHAEL JACKSON,99,LW:RE,1,15,2009-06-28,2009,2000,6
5873,LEAVE ME ALONE,MICHAEL JACKSON,66,LW:RE,2,12,2009-07-05,2009,2000,7
13191,SCAM,MICHAEL JACKSON/JANET JACKSON,70,LW:RE,3,24,2009-07-05,2009,2000,7
10378,GIVE IN TO ME,MICHAEL JACKSON,74,LW:RE,2,10,2009-07-05,2009,2000,7
28259,PROPANE NIGHTMAS,PENDULUM,79,LW:RE,9,27,2009-07-05,2009,2000,7
9307,MEMBER THE TIME,MICHAEL JACKSON,81,LW:RE,3,11,2009-07-05,2009,2000,7
10765,WILL YOU BE THE,MICHAEL JACKSON,83,LW:RE,9,9,2009-07-05,2009,2000,7
6321,LIBERIAN GIRL,MICHAEL JACKSON,86,LW:RE,13,7,2009-07-05,2009,2000,7
15172,STRANGER IN MOSCOW,MICHAEL JACKSON,91,LW:RE,4,18,2009-07-05,2009,2000,7
28903,WHO'S LOVIN' YOU,JACKSON 5,36,LW:RE,36,2,2009-07-12,2009,2000,7
2137,WE A THE WORLD,USA FOR AFRICA,77,LW:RE,1,10,2009-07-12,2009,2000,7
28625,IF TODAY WAS YOUR LAST DAY,NICKELBACK,83,LW:RE,64,5,2009-07-12,2009,2000,7
28606,HUMAN,KILLERS,88,LW:RE,3,34,2009-07-12,2009,2000,7
28826,RIGHT ROUND,FLO RIDA FT KESHA,92,LW:RE,1,18,2009-07-12,2009,2000,7
28624,BROKEN STRINGS,JAMES MORRISON,96,LW:RE,2,33,2009-07-12,2009,2000,7
28145,LOW,FLO RIDA FT T-PAIN,98,LW:RE,2,70,2009-07-12,2009,2000,7
28929,BEAUTIFUL,EMINEM,58,LW:RE,38,5,2009-07-19,2009,2000,7
28623,SINGLE LADIES (PUT A RING ON IT),BEYONCE,90,LW:RE,7,33,2009-07-19,2009,2000,7
28334,ONE DAY LIKE THIS,ELBOW,91,LW:RE,35,36,2009-07-19,2009,2000,7
28805,LOVE STORY,TAYLOR SWIFT,92,LW:RE,2,20,2009-07-19,2009,2000,7
28716,THE CLIMB,MILEY CYRUS,93,LW:RE,11,16,2009-07-19,2009,2000,7
28579,LET YOUR LOVE FLOW,BELLAMY BROTHERS,95,LW:RE,7,24,2009-07-19,2009,2000,7
24702,MR BRIGHTSIDE,KILLERS,96,LW:RE,10,79,2009-07-19,2009,2000,7
28879,LOVE SEX MAGIC,CIARA FT JUSTIN TIMBERLAKE,97,LW:RE,5,14,2009-07-19,2009,2000,7
28865,PLEASE DON'T STOP THE RAIN,JAMES MORRISON,93,LW:RE,33,14,2009-07-26,2009,2000,7
28383,DANCE WIV ME,DIZZEE RASCAL/HARRIS/CHROME,99,LW:RE,1,52,2009-07-26,2009,2000,7
28317,FOVER,CHRIS BROWN,64,LW:RE,4,29,2009-08-02,2009,2000,8
28948,NEW IN TOWN,LITTLE BOOTS,94,LW:RE,13,7,2009-08-02,2009,2000,8
15038,FOOLS GOLD,STONE ROSES,95,LW:RE,25,5,2009-08-02,2009,2000,8
27981,DON'T STOP BELIEVIN',JOURNEY,73,LW:RE,62,20,2009-08-09,2009,2000,8
28891,BETTER OFF AS TWO,FRANKMUSIK,98,LW:RE,26,4,2009-08-09,2009,2000,8
28868,LOVEGAME,LADY GAGA,64,LW:RE,64,7,2009-08-16,2009,2000,8
28948,NEW IN TOWN,LITTLE BOOTS,99,LW:RE,13,8,2009-08-16,2009,2000,8
28956,FOR AN ANGEL 2009,PAUL VAN DYK,68,LW:RE,68,3,2009-08-23,2009,2000,8
28828,BEAUTIFUL,AKON FT K OFFISHALL/C O'DONIS,83,LW:RE,8,34,2009-08-23,2009,2000,8
28757,TAKE ME BACK,TINCHY STRYDER FT TAIO CRUZ,91,LW:RE,3,21,2009-08-23,2009,2000,8
28716,THE CLIMB,MILEY CYRUS,93,LW:RE,11,19,2009-08-23,2009,2000,8
28334,ONE DAY LIKE THIS,ELBOW,95,LW:RE,35,37,2009-08-23,2009,2000,8
28145,LOW,FLO RIDA FT T-PAIN,99,LW:RE,2,75,2009-08-23,2009,2000,8
28591,IF I WE A BOY,BEYONCE,100,LW:RE,1,32,2009-08-23,2009,2000,8
24326,DANCE WITH MY FATHER,LUTHER VANDROSS,38,LW:RE,21,5,2009-08-30,2009,2000,8
28953,WHAT ABOUT NOW,DAUGHTRY,43,LW:RE,43,2,2009-08-30,2009,2000,8
28424,THE MAN WHO CAN'T BE MOVED,SCRIPT,69,LW:RE,2,34,2009-08-30,2009,2000,8
28502,KIDS,MGMT,79,LW:RE,16,42,2009-08-30,2009,2000,8
6370,POISON,ALICE COOPER,85,LW:RE,2,12,2009-08-30,2009,2000,8
24702,MR BRIGHTSIDE,KILLERS,89,LW:RE,10,80,2009-08-30,2009,2000,8
28558,BAKEVEN,SCRIPT,94,LW:RE,21,30,2009-08-30,2009,2000,8
28859,DON'T UPSET THE RHYTHM (GO BABY GO),NOISETTES,98,LW:RE,2,22,2009-08-30,2009,2000,8
29052,CHEAT ON ME,CRIBS,80,LW:RE,80,2,2009-09-06,2009,2000,9
29033,YOU GOT THE LOVE,FLORENCE & THE MACHINE,88,LW:RE,59,5,2009-09-06,2009,2000,9
13820,WONDERWALL,OASIS,95,LW:RE,2,74,2009-09-06,2009,2000,9
28793,OMEN,PRODIGY,96,LW:RE,4,21,2009-09-06,2009,2000,9
28828,BEAUTIFUL,AKON FT K OFFISHALL/C O'DONIS,99,LW:RE,8,35,2009-09-06,2009,2000,9
28491,JUMP IN THE POOL,FRIENDLY FIRES,100,LW:RE,57,6,2009-09-06,2009,2000,9
29079,OBSESSED,MARIAH CAREY,52,LW:RE,52,2,2009-09-13,2009,2000,9
21854,TAKE ME AWAY INTO THE NIGHT,4 STRINGS,71,LW:RE,15,10,2009-09-13,2009,2000,9
26881,SUPERMASSIVE BLACK HOLE,MUSE,85,LW:RE,4,19,2009-09-13,2009,2000,9
28647,RUN,LEONA LEWIS,98,LW:RE,1,27,2009-09-13,2009,2000,9
29082,THE FIXER,PEARL JAM,100,LW:RE,93,2,2009-09-13,2009,2000,9
27928,SUPERSTITION,STEVIE WONDER,69,LW:RE,11,13,2009-09-20,2009,2000,9
29041,ROCK IT/FOLLOW THE LIGHT,SUB FOCUS,75,LW:RE,38,4,2009-09-20,2009,2000,9
28976,USE SOMEBODY,PIXIE LOTT,93,LW:RE,52,3,2009-09-20,2009,2000,9
26963,CHASING CARS,SNOW PATROL,94,LW:RE,6,132,2009-09-20,2009,2000,9
24494,IF I AIN'T GOT YOU,ALICIA KEYS,54,LW:RE,18,6,2009-09-27,2009,2000,9
11958,KISS FROM A ROSE,SEAL,57,LW:RE,4,20,2009-09-27,2009,2000,9
28805,LOVE STORY,TAYLOR SWIFT,82,LW:RE,2,27,2009-09-27,2009,2000,9
28925,WE A THE PEOPLE,EMPIRE OF THE SUN,86,LW:RE,14,20,2009-09-27,2009,2000,9
28383,DANCE WIV ME,DIZZEE RASCAL/HARRIS/CHROME,89,LW:RE,1,60,2009-09-27,2009,2000,9
28353,VIVA LA VIDA,COLDPLAY,90,LW:RE,1,51,2009-09-27,2009,2000,9
28126,WITH YOU,CHRIS BROWN,91,LW:RE,8,36,2009-09-27,2009,2000,9
29071,YOU' NOT ALONE,TINCHY STRYDER,32,LW:RE,32,2,2009-10-04,2009,2000,10
28953,WHAT ABOUT NOW,DAUGHTRY,39,LW:RE,39,3,2009-10-04,2009,2000,10
26918,LAST QUEST,PAOLO NUTINI,41,LW:RE,5,36,2009-10-04,2009,2000,10
29103,AND I AM TELLING YOU I'M NOT GOING,JENNIFER HUDSON,60,LW:RE,58,2,2009-10-04,2009,2000,10
4006,WITH OR WITHOUT YOU,U2,63,LW:RE,4,16,2009-10-04,2009,2000,10
29059,STELLIFY,IAN BROWN,66,LW:RE,31,4,2009-10-04,2009,2000,10
24326,DANCE WITH MY FATHER,LUTHER VANDROSS,76,LW:RE,21,8,2009-10-04,2009,2000,10
28981,STONE COLD SOBER,PALOMA FAITH,83,LW:RE,17,6,2009-10-04,2009,2000,10
20814,THE YOU'LL BE,FAITH HILL,85,LW:RE,3,20,2009-10-04,2009,2000,10
27218,HURT,CHRISTINA AGUILERA,92,LW:RE,11,17,2009-10-04,2009,2000,10
28848,JAI HO (YOU A MY DESTINY),AR RAHMAN FT PUSSYCAT DOLLS,98,LW:RE,3,25,2009-10-04,2009,2000,10
28606,HUMAN,KILLERS,99,LW:RE,3,45,2009-10-04,2009,2000,10
28975,UNDERDOG,KASABIAN,100,LW:RE,32,5,2009-10-04,2009,2000,10
28815,WALKING ON A DAM,EMPIRE OF THE SUN,72,LW:RE,64,9,2009-10-11,2009,2000,10
28647,RUN,LEONA LEWIS,73,LW:RE,1,29,2009-10-11,2009,2000,10
22040,STOP CRYING YOUR HEART OUT,OASIS,76,LW:RE,2,14,2009-10-11,2009,2000,10
28878,I'M NOT ALONE,CALVIN HARRIS,98,LW:RE,1,24,2009-10-11,2009,2000,10
28334,ONE DAY LIKE THIS,ELBOW,100,LW:RE,35,43,2009-10-11,2009,2000,10
29103,AND I AM TELLING YOU I'M NOT GOING,JENNIFER HUDSON,32,LW:RE,32,3,2009-10-18,2009,2000,10
22601,THE SCIENTIST,COLDPLAY,59,LW:RE,10,11,2009-10-18,2009,2000,10
28918,SHE'S GOT ME DANCIN,TOMMY SPARKS,78,LW:RE,22,5,2009-10-18,2009,2000,10
28012,FOOTPRINTS IN THE SAND,LEONA LEWIS,83,LW:RE,25,11,2009-10-18,2009,2000,10
28668,HALLELUJAH,ALEXANDRA BURKE,84,LW:RE,1,17,2009-10-18,2009,2000,10
27218,HURT,CHRISTINA AGUILERA,86,LW:RE,11,18,2009-10-18,2009,2000,10
17584,NO MATTER WHAT,BOYZONE,88,LW:RE,1,16,2009-10-18,2009,2000,10
29056,BEHIND CLOSED DOORS,PETER ANDRE,95,LW:RE,4,8,2009-10-18,2009,2000,10
16651,ANGELS,ROBBIE WILLIAMS,96,LW:RE,4,67,2009-10-18,2009,2000,10
28829,CHIP DIDDY CHIP,CHIPMUNK,98,LW:RE,21,8,2009-10-18,2009,2000,10
16725,NO GTS/ANTMUSIC,ROBBIE WILLIAMS,100,LW:RE,4,19,2009-10-18,2009,2000,10
4006,WITH OR WITHOUT YOU,U2,63,LW:RE,4,18,2009-10-25,2009,2000,10
29138,BLACK & BLUE,MIIKE SNOW,64,LW:RE,64,2,2009-10-25,2009,2000,10
28591,IF I WE A BOY,BEYONCE,85,LW:RE,1,33,2009-10-25,2009,2000,10
25633,TROUBLE,RAY LAMONTAGNE,91,LW:RE,25,13,2009-10-25,2009,2000,10
929,THRILLER,MICHAEL JACKSON,43,LW:RE,10,42,2009-11-01,2009,2000,11
27975,GHOSTBUSTERS,RAY PARKER JR,57,LW:RE,2,35,2009-11-01,2009,2000,11
4898,MAN IN THE MIRROR,MICHAEL JACKSON,59,LW:RE,2,23,2009-11-01,2009,2000,11
27977,MONSTER MASH,BOBBY BORIS PICKETT,61,LW:RE,60,3,2009-11-01,2009,2000,11
27539,EVERYTHING,MICHAEL BUBLE,76,LW:RE,38,25,2009-11-01,2009,2000,11
27997,LOST,MICHAEL BUBLE,77,LW:RE,19,27,2009-11-01,2009,2000,11
26432,HOME/SONG FOR YOU,MICHAEL BUBLE,80,LW:RE,45,28,2009-11-01,2009,2000,11
23234,BRING ME TO LIFE,EVANESCENCE,97,LW:RE,1,23,2009-11-01,2009,2000,11
3530,LIVIN' ON A PRAYER,BON JOVI,52,LW:RE,4,29,2009-11-08,2009,2000,11
22040,STOP CRYING YOUR HEART OUT,OASIS,71,LW:RE,2,15,2009-11-08,2009,2000,11
28623,SINGLE LADIES (PUT A RING ON IT),BEYONCE,72,LW:RE,7,46,2009-11-08,2009,2000,11
28802,HALO,BEYONCE,74,LW:RE,4,36,2009-11-08,2009,2000,11
5440,SWEET CHILD O' MINE,GUNS N' ROSES,75,LW:RE,24,22,2009-11-08,2009,2000,11
16208,EVERLONG,FOO FIGHTERS,81,LW:RE,18,6,2009-11-08,2009,2000,11
16731,I DON'T WANT TO MISS A THING,AEROSMITH,82,LW:RE,4,51,2009-11-08,2009,2000,11
27362,LISTEN,BEYONCE,84,LW:RE,8,19,2009-11-08,2009,2000,11
12215,ALWAYS,BON JOVI,87,LW:RE,2,21,2009-11-08,2009,2000,11
28591,IF I WE A BOY,BEYONCE,88,LW:RE,1,34,2009-11-08,2009,2000,11
29119,UNCONDITIONAL,PETER ANDRE,90,LW:RE,90,2,2009-11-08,2009,2000,11
29103,AND I AM TELLING YOU I'M NOT GOING,JENNIFER HUDSON,93,LW:RE,32,5,2009-11-08,2009,2000,11
29171,GO YOUR OWN WAY,FLEETWOOD MAC,96,LW:RE,38,5,2009-11-08,2009,2000,11
25962,BEST OF YOU,FOO FIGHTERS,97,LW:RE,4,33,2009-11-08,2009,2000,11
28647,RUN,LEONA LEWIS,98,LW:RE,1,32,2009-11-08,2009,2000,11
27775,PURPLE RAIN,PRINCE & THE REVOLUTION,62,LW:RE,8,12,2009-11-15,2009,2000,11
26963,CHASING CARS,SNOW PATROL,63,LW:RE,6,133,2009-11-15,2009,2000,11
28515,THIS IS ME,DEMI LOVATO/JOE JONAS,88,LW:RE,33,4,2009-11-15,2009,2000,11
24256,RUN,SNOW PATROL,92,LW:RE,5,25,2009-11-15,2009,2000,11
26918,LAST QUEST,PAOLO NUTINI,59,LW:RE,5,39,2009-11-22,2009,2000,11
3448,WHO WANTS TO LIVE FOVER,QUEEN,63,LW:RE,24,8,2009-11-22,2009,2000,11
27219,SET THE FI TO THE THIRD BAR,SNOW PATROL/MARTHA WAINWRIGHT,65,LW:RE,18,12,2009-11-22,2009,2000,11
27934,RULE THE WORLD,TAKE THAT,67,LW:RE,2,87,2009-11-22,2009,2000,11
12556,ALL I WANT FOR CHRISTMAS IS YOU,MARIAH CAREY,77,LW:RE,2,29,2009-11-22,2009,2000,11
29149,NO OTHER ONE,TAIO CRUZ,78,LW:RE,78,2,2009-11-22,2009,2000,11
27319,DON'T STOP ME NOW,QUEEN,82,LW:RE,9,44,2009-11-22,2009,2000,11
26511,FAIRYTALE OF NEW YORK,POGUES FT KIRSTY MACCOLL,85,LW:RE,2,37,2009-11-22,2009,2000,11
28805,LOVE STORY,TAYLOR SWIFT,88,LW:RE,2,29,2009-11-22,2009,2000,11
28699,YOUNG FOVER,JAY-Z FT MR HUDSON,89,LW:RE,32,7,2009-11-22,2009,2000,11
5440,SWEET CHILD O' MINE,GUNS N' ROSES,90,LW:RE,24,23,2009-11-22,2009,2000,11
29185,BOHEMIAN RHAPSODY,QUEEN,93,LW:RE,1,18,2009-11-22,2009,2000,11
28629,GATEST DAY,TAKE THAT,95,LW:RE,1,26,2009-11-22,2009,2000,11
29079,OBSESSED,MARIAH CAREY,62,LW:RE,52,3,2009-11-29,2009,2000,11
28988,BULLETPROOF,LA ROUX,69,LW:RE,1,22,2009-11-29,2009,2000,11
29045,GET SHAKY,IAN CAREY PROJECT,77,LW:RE,9,16,2009-11-29,2009,2000,11
4416,WONDERFUL TONIGHT,ERIC CLAPTON,81,LW:RE,81,4,2009-11-29,2009,2000,11
29027,FI BURNING,SEAN KINGSTON,95,LW:RE,12,19,2009-11-29,2009,2000,11
27968,NO ONE,ALICIA KEYS,51,LW:RE,6,28,2009-12-06,2009,2000,12
28036,LAST CHRISTMAS,WHAM,53,LW:RE,14,11,2009-12-06,2009,2000,12
72,MERRY XMAS EVERYBODY,SLADE,54,LW:RE,1,55,2009-12-06,2009,2000,12
2738,MERRY CHRISTMAS EVERYONE,SHAKIN' STEVENS,59,LW:RE,1,25,2009-12-06,2009,2000,12
28041,I WISH IT COULD BE CHRISTMAS EVERYDAY,WIZZARD,60,LW:RE,16,10,2009-12-06,2009,2000,12
28049,DO THEY KNOW IT'S CHRISTMAS,BAND AID,65,LW:RE,1,33,2009-12-06,2009,2000,12
28819,INVADERS MUST DIE,PRODIGY,74,LW:RE,49,5,2009-12-06,2009,2000,12
28629,GATEST DAY,TAKE THAT,78,LW:RE,1,27,2009-12-06,2009,2000,12
4774,DRIVING HOME FOR CHRISTMAS,CHRIS REA,84,LW:RE,33,15,2009-12-06,2009,2000,12
28747,LITTLE LION MAN,MUMFORD & SONS,90,LW:RE,24,13,2009-12-06,2009,2000,12
28089,ROCKIN' AROUND THE CHRISTMAS TE,BRENDA LEE,98,LW:RE,6,12,2009-12-06,2009,2000,12
4898,MAN IN THE MIRROR,MICHAEL JACKSON,64,LW:RE,2,26,2009-12-13,2009,2000,12
28729,JUST DANCE,LADY GAGA,79,LW:RE,1,42,2009-12-13,2009,2000,12
10382,KILLING IN THE NAME,RAGE AGAINST THE MACHINE,80,LW:RE,25,5,2009-12-13,2009,2000,12
28739,IN FOR THE KILL,LA ROUX,87,LW:RE,2,36,2009-12-13,2009,2000,12
28054,HAPPY XMAS (WAR IS OVER),JOHN & YOKO/PLASTIC ONO BAND,92,LW:RE,40,8,2009-12-13,2009,2000,12
28653,WARM THIS WINTER,GABRIELLA CILMI,94,LW:RE,22,7,2009-12-13,2009,2000,12
24076,CHRISTMAS TIME (DON'T LET THE BELLS END),DARKNESS,98,LW:RE,2,17,2009-12-13,2009,2000,12
12530,STAY ANOTHER DAY,EAST 17,100,LW:RE,1,25,2009-12-13,2009,2000,12
28708,STOP CRYING YOUR HEART OUT,LEONA LEWIS,29,LW:RE,29,3,2009-12-20,2009,2000,12
28716,THE CLIMB,MILEY CYRUS,31,LW:RE,11,20,2009-12-20,2009,2000,12
24326,DANCE WITH MY FATHER,LUTHER VANDROSS,48,LW:RE,21,10,2009-12-20,2009,2000,12
29163,CRY ME A RIVER,MICHAEL BUBLE,79,LW:RE,34,3,2009-12-20,2009,2000,12
27928,SUPERSTITION,STEVIE WONDER,99,LW:RE,11,17,2009-12-20,2009,2000,12
28668,HALLELUJAH,ALEXANDRA BURKE,100,LW:RE,1,20,2009-12-20,2009,2000,12
29265,BEST BEHAVIOUR,N-DUBZ,62,LW:RE,10,9,2010-12-26,2011,2010,12
29278,PACK UP,ELIZA DOOLITTLE,79,LW:RE,5,23,2010-12-26,2011,2010,12
29282,WE NO SPEAK AMERICANO,YOLANDA BE COOL VS D CUP,85,LW:RE,1,23,2010-12-26,2011,2010,12
29283,LET IT GO,DEVLIN FT LABRINTH,86,LW:RE,86,2,2010-12-26,2011,2010,12
29284,RADIOACTIVE,KINGS OF LEON,87,LW:RE,7,11,2010-12-26,2011,2010,12
29286,NOT AFRAID,EMINEM,89,LW:RE,5,24,2010-12-26,2011,2010,12
28492,SEX ON FI,KINGS OF LEON,92,LW:RE,1,116,2010-12-26,2011,2010,12
27981,DON'T STOP BELIEVIN',JOURNEY,94,LW:RE,6,87,2010-12-26,2011,2010,12
29291,2012 (IT AIN'T THE END),JAY SEAN FT NICKI MINAJ,97,LW:RE,9,8,2010-12-26,2011,2010,12
29293,UPSIDE DOWN,PALOMA FAITH,99,LW:RE,55,8,2010-12-26,2011,2010,12
24702,MR BRIGHTSIDE,KILLERS,59,LW:RE,10,82,2010-01-03,2010,2010,1
28899,NUMBER 1,TINCHY STRYDER FT N-DUBZ,63,LW:RE,1,34,2010-01-03,2010,2010,1
29075,HOLIDAY,DIZZEE RASCAL,65,LW:RE,1,16,2010-01-03,2010,2010,1
29098,UPRISING,MUSE,68,LW:RE,9,14,2010-01-03,2010,2010,1
28623,SINGLE LADIES (PUT A RING ON IT),BEYONCE,71,LW:RE,7,51,2010-01-03,2010,2010,1
29063,HOTEL ROOM SERVICE,PITBULL,72,LW:RE,9,19,2010-01-03,2010,2010,1
29015,SWEET DAMS,BEYONCE,75,LW:RE,5,24,2010-01-03,2010,2010,1
28637,I'M YOURS,JASON MRAZ,78,LW:RE,11,55,2010-01-03,2010,2010,1
4898,MAN IN THE MIRROR,MICHAEL JACKSON,81,LW:RE,2,27,2010-01-03,2010,2010,1
28988,BULLETPROOF,LA ROUX,83,LW:RE,1,24,2010-01-03,2010,2010,1
28861,NOT FAIR,LILY ALLEN,84,LW:RE,5,27,2010-01-03,2010,2010,1
28977,NEVER FORGET YOU,NOISETTES,85,LW:RE,20,21,2010-01-03,2010,2010,1
29205,PARACHUTE,CHERYL COLE,88,LW:RE,65,2,2010-01-03,2010,2010,1
28959,FI,KASABIAN,89,LW:RE,3,23,2010-01-03,2010,2010,1
28970,MAMA DO,PIXIE LOTT,90,LW:RE,1,22,2010-01-03,2010,2010,1
29196,DO YOU MEMBER,JAY SEAN/SEAN PAUL/LIL JON,91,LW:RE,83,2,2010-01-03,2010,2010,1
28989,RABBIT HEART (RAISE IT UP),FLORENCE & THE MACHINE,92,LW:RE,12,17,2010-01-03,2010,2010,1
28971,WHEN LOVE TAKES OVER,DAVID GUETTA FT KELLY ROWLAND,93,LW:RE,1,24,2010-01-03,2010,2010,1
29109,NEW YORK,PALOMA FAITH,95,LW:RE,15,11,2010-01-03,2010,2010,1
28629,GATEST DAY,TAKE THAT,96,LW:RE,1,28,2010-01-03,2010,2010,1
29040,MEDY,LITTLE BOOTS,97,LW:RE,6,19,2010-01-03,2010,2010,1
28606,HUMAN,KILLERS,98,LW:RE,3,52,2010-01-03,2010,2010,1
28878,I'M NOT ALONE,CALVIN HARRIS,99,LW:RE,1,25,2010-01-03,2010,2010,1
28868,LOVEGAME,LADY GAGA,100,LW:RE,19,22,2010-01-03,2010,2010,1
28643,DOG DAYS A OVER,FLORENCE & THE MACHINE,23,LW:RE,23,5,2010-01-10,2010,2010,1
27364,RUNNING UP THAT HILL,PLACEBO,44,LW:RE,44,3,2010-01-10,2010,2010,1
29180,UNDER THE SHEETS,ELLIE GOULDING,66,LW:RE,53,2,2010-01-10,2010,2010,1
28747,LITTLE LION MAN,MUMFORD & SONS,74,LW:RE,24,16,2010-01-10,2010,2010,1
28745,DO YOU WANT THE TRUTH OR SOMETHING ELSE,PALOMA FAITH,89,LW:RE,89,2,2010-01-10,2010,2010,1
19488,THONG SONG,SISQO,97,LW:RE,3,16,2010-01-10,2010,2010,1
28384,ALL I EVER WANTED,BASSHUNTER,98,LW:RE,2,18,2010-01-10,2010,2010,1
29208,DON'T STOP BELIEVIN',GLEE CAST,99,LW:RE,75,2,2010-01-10,2010,2010,1
28486,PAPER PLANES,MIA,61,LW:RE,19,35,2010-01-17,2010,2010,1
29068,OUTTA HE,ESMEE DENTERS,67,LW:RE,7,12,2010-01-17,2010,2010,1
28805,LOVE STORY,TAYLOR SWIFT,70,LW:RE,2,31,2010-01-17,2010,2010,1
28802,HALO,BEYONCE,86,LW:RE,4,38,2010-01-17,2010,2010,1
24702,MR BRIGHTSIDE,KILLERS,97,LW:RE,10,84,2010-01-24,2010,2010,1
29121,WATCH THE SUN COME UP,EXAMPLE,99,LW:RE,19,9,2010-01-24,2010,2010,1
28802,HALO,BEYONCE,45,LW:RE,4,39,2010-01-31,2010,2010,1
29333,MO THAN A FEELING,BOSTON,51,LW:RE,22,9,2010-01-31,2010,2010,1
28741,JUST SAY YES,SNOW PATROL,84,LW:RE,15,10,2010-01-31,2010,2010,1
28317,FOVER,CHRIS BROWN,96,LW:RE,4,31,2010-01-31,2010,2010,1
28899,NUMBER 1,TINCHY STRYDER FT N-DUBZ,100,LW:RE,1,36,2010-01-31,2010,2010,1
29205,PARACHUTE,CHERYL COLE,46,LW:RE,46,3,2010-02-07,2010,2010,2
29202,CRAWL,CHRIS BROWN,85,LW:RE,76,2,2010-02-07,2010,2010,2
29354,EVERYBODY HURTS,REM,90,LW:RE,7,13,2010-02-07,2010,2010,2
5232,FAST CAR,TRACY CHAPMAN,57,LW:RE,5,15,2010-02-14,2010,2010,2
27145,IRIS/STAY WITH YOU,GOO GOO DOLLS,98,LW:RE,26,52,2010-02-14,2010,2010,2
28899,NUMBER 1,TINCHY STRYDER FT N-DUBZ,100,LW:RE,1,37,2010-02-14,2010,2010,2
28959,FI,KASABIAN,42,LW:RE,3,25,2010-02-21,2010,2010,2
28749,BONKERS,DIZZEE RASCAL/VAN HELDEN,79,LW:RE,1,30,2010-02-21,2010,2010,2
28723,PAPARAZZI,LADY GAGA,81,LW:RE,4,45,2010-02-21,2010,2010,2
28977,NEVER FORGET YOU,NOISETTES,88,LW:RE,20,24,2010-02-21,2010,2010,2
28778,THE FEAR,LILY ALLEN,89,LW:RE,1,22,2010-02-21,2010,2010,2
28989,RABBIT HEART (RAISE IT UP),FLORENCE & THE MACHINE,91,LW:RE,12,21,2010-02-21,2010,2010,2
28975,UNDERDOG,KASABIAN,96,LW:RE,32,13,2010-02-21,2010,2010,2
28805,LOVE STORY,TAYLOR SWIFT,100,LW:RE,2,32,2010-02-21,2010,2010,2
28705,WHAT ABOUT NOW,WESTLIFE,80,LW:RE,2,17,2010-02-28,2010,2010,2
29163,CRY ME A RIVER,MICHAEL BUBLE,94,LW:RE,34,4,2010-02-28,2010,2010,2
28520,USE SOMEBODY,KINGS OF LEON,95,LW:RE,2,73,2010-02-28,2010,2010,2
28747,LITTLE LION MAN,MUMFORD & SONS,96,LW:RE,24,22,2010-02-28,2010,2010,2
28721,KINGS AND QUEENS,30 SECONDS TO MARS,97,LW:RE,28,12,2010-02-28,2010,2010,2
29362,UNDERDOG,YOU ME AT SIX,91,LW:RE,49,3,2010-03-07,2010,2010,3
28726,END CDITS,CHASE & STATUS FT PLAN B,95,LW:RE,9,16,2010-03-07,2010,2010,3
28848,JAI HO (YOU A MY DESTINY),AR RAHMAN FT PUSSYCAT DOLLS,58,LW:RE,3,26,2010-03-14,2010,2010,3
28723,PAPARAZZI,LADY GAGA,95,LW:RE,4,48,2010-03-21,2010,2010,3
28680,YOU KNOW ME,ROBBIE WILLIAMS,98,LW:RE,6,18,2010-03-21,2010,2010,3
27145,IRIS/STAY WITH YOU,GOO GOO DOLLS,99,LW:RE,26,53,2010-03-21,2010,2010,3
28728,ABOUT A GIRL,SUGABABES,100,LW:RE,8,10,2010-03-21,2010,2010,3
29160,ALL NIGHT LONG,ALEXANDRA BURKE,59,LW:RE,59,2,2010-03-28,2010,2010,3
28726,END CDITS,CHASE & STATUS FT PLAN B,81,LW:RE,9,17,2010-03-28,2010,2010,3
29312,DROP THE WORLD,LIL WAYNE FT EMINEM,93,LW:RE,51,5,2010-03-28,2010,2010,3
28520,USE SOMEBODY,KINGS OF LEON,99,LW:RE,2,75,2010-03-28,2010,2010,3
28971,WHEN LOVE TAKES OVER,DAVID GUETTA FT KELLY ROWLAND,100,LW:RE,1,25,2010-03-28,2010,2010,3
28848,JAI HO (YOU A MY DESTINY),AR RAHMAN FT PUSSYCAT DOLLS,60,LW:RE,3,28,2010-04-04,2010,2010,4
28683,LOOK FOR ME,CHIPMUNK FT TALAY RILEY,67,LW:RE,7,17,2010-04-04,2010,2010,4
28705,WHAT ABOUT NOW,WESTLIFE,79,LW:RE,2,18,2010-04-04,2010,2010,4
27219,SET THE FI TO THE THIRD BAR,SNOW PATROL/MARTHA WAINWRIGHT,87,LW:RE,18,14,2010-04-04,2010,2010,4
28721,KINGS AND QUEENS,30 SECONDS TO MARS,89,LW:RE,28,13,2010-04-04,2010,2010,4
28691,EVERYBODY IN LOVE,JLS,92,LW:RE,1,19,2010-04-04,2010,2010,4
28680,YOU KNOW ME,ROBBIE WILLIAMS,99,LW:RE,6,19,2010-04-04,2010,2010,4
28715,SEXY CHICK,DAVID GUETTA FT AKON,92,LW:RE,1,34,2010-04-11,2010,2010,4
28730,PENCIL FULL OF LEAD,PAOLO NUTINI,95,LW:RE,17,24,2010-04-11,2010,2010,4
28737,SWEET DISPOSITION,TEMPER TRAP,96,LW:RE,6,35,2010-04-11,2010,2010,4
28940,CANDY,PAOLO NUTINI,99,LW:RE,19,16,2010-04-11,2010,2010,4
22378,STRANGE AND BEAUTIFUL,AQUALUNG,79,LW:RE,7,7,2010-04-18,2010,2010,4
29334,TRY SLEEPING WITH A BROKEN HEART,ALICIA KEYS,98,LW:RE,71,2,2010-04-18,2010,2010,4
6473,THE BEST,TINA TURNER,9,LW:RE,5,13,2010-04-25,2010,2010,4
29025,DON'T TRUST ME,3OH3,22,LW:RE,21,12,2010-04-25,2010,2010,4
29475,YOU'LL NEVER WALK ALONE,GERRY & THE PACEMAKERS,33,LW:RE,1,20,2010-04-25,2010,2010,4
28765,GIVES YOU HELL,ALL-AMERICAN REJECTS,50,LW:RE,18,19,2010-04-25,2010,2010,4
28729,JUST DANCE,LADY GAGA,100,LW:RE,1,58,2010-05-02,2010,2010,5
21503,ANGEL,SARAH MCLACHLAN,63,LW:RE,36,4,2010-05-09,2010,2010,5
28737,SWEET DISPOSITION,TEMPER TRAP,80,LW:RE,6,36,2010-05-09,2010,2010,5
28637,I'M YOURS,JASON MRAZ,82,LW:RE,11,71,2010-05-09,2010,2010,5
28749,BONKERS,DIZZEE RASCAL/VAN HELDEN,92,LW:RE,1,32,2010-05-09,2010,2010,5
28697,HAVEN'T MET YOU YET,MICHAEL BUBLE,95,LW:RE,5,27,2010-05-09,2010,2010,5
29349,YOUR LOVE IS MY DRUG,KESHA,60,LW:RE,60,2,2010-05-16,2010,2010,5
28729,JUST DANCE,LADY GAGA,93,LW:RE,1,59,2010-05-16,2010,2010,5
207,TOTAL ECLIPSE OF THE HEART,BONNIE TYLER,94,LW:RE,1,16,2010-05-16,2010,2010,5
28723,PAPARAZZI,LADY GAGA,95,LW:RE,4,49,2010-05-16,2010,2010,5
29192,ALEJANDRO,LADY GAGA,96,LW:RE,75,2,2010-05-16,2010,2010,5
29428,LOVE IS A HURRICANE,BOYZONE,44,LW:RE,44,2,2010-05-23,2010,2010,5
21996,3 LIONS,BADDIEL/SKINNER/LIGHTNING SEED,76,LW:RE,1,30,2010-05-23,2010,2010,5
20943,DROPS OF JUPITER (TELL ME),TRAIN,85,LW:RE,10,9,2010-05-23,2010,2010,5
29051,GETTIN' OVER,DAVID GUETTA FT CHRIS WILLIS,41,LW:RE,41,2,2010-05-30,2010,2010,5
25785,HOME,MICHAEL BUBLE,61,LW:RE,31,8,2010-05-30,2010,2010,5
29163,CRY ME A RIVER,MICHAEL BUBLE,68,LW:RE,34,8,2010-05-30,2010,2010,5
29209,FEELING GOOD,MICHAEL BUBLE,69,LW:RE,69,2,2010-05-30,2010,2010,5
27539,EVERYTHING,MICHAEL BUBLE,74,LW:RE,38,26,2010-05-30,2010,2010,5
29474,GIVES YOU HELL,GLEE CAST,93,LW:RE,14,5,2010-05-30,2010,2010,5
22002,WORLD IN MOTION,NEW ORDER,98,LW:RE,43,3,2010-05-30,2010,2010,5
29561,HOCUS POCUS,FOCUS,57,LW:RE,20,11,2010-06-06,2010,2010,6
28449,BEGGIN',MADCON,58,LW:RE,5,41,2010-06-06,2010,2010,6
21360,WHAT IF,KATE WINSLET,76,LW:RE,6,18,2010-06-06,2010,2010,6
28623,SINGLE LADIES (PUT A RING ON IT),BEYONCE,84,LW:RE,7,69,2010-06-06,2010,2010,6
29351,THE CAVE,MUMFORD & SONS,87,LW:RE,31,17,2010-06-06,2010,2010,6
28744,ONE SHOT,JLS,90,LW:RE,6,23,2010-06-06,2010,2010,6
28678,MEET ME HALFWAY,BLACK EYED PEAS,92,LW:RE,1,34,2010-06-06,2010,2010,6
28492,SEX ON FI,KINGS OF LEON,93,LW:RE,1,90,2010-06-06,2010,2010,6
29317,WON'T GO QUIETLY,EXAMPLE,96,LW:RE,6,16,2010-06-06,2010,2010,6
28819,INVADERS MUST DIE,PRODIGY,99,LW:RE,49,7,2010-06-06,2010,2010,6
28715,SEXY CHICK,DAVID GUETTA FT AKON,100,LW:RE,1,38,2010-06-06,2010,2010,6
17376,VINDALOO,FAT LES,32,LW:RE,2,17,2010-06-13,2010,2010,6
15616,LOCAL BOY IN THE PHOTOGRAPH,STEREOPHONICS,60,LW:RE,14,8,2010-06-13,2010,2010,6
29369,YOU GOT THE DIRTEE LOVE,FLORENCE/DIZZEE RASCAL,68,LW:RE,2,14,2010-06-13,2010,2010,6
29365,OH AFRICA,AKON FT KERI HILSON,92,LW:RE,56,6,2010-06-13,2010,2010,6
12626,WHATEVER,OASIS,64,LW:RE,3,111,2010-06-20,2010,2010,6
27525,SOMEWHE OVER THE RAINBOW,ISRAEL KAMAKAWIWO'OLE,81,LW:RE,46,12,2010-06-20,2010,2010,6
22040,STOP CRYING YOUR HEART OUT,OASIS,82,LW:RE,2,16,2010-06-20,2010,2010,6
29525,SWOON,CHEMICAL BROTHERS,85,LW:RE,85,2,2010-06-20,2010,2010,6
13820,WONDERWALL,OASIS,88,LW:RE,2,75,2010-06-20,2010,2010,6
28959,FI,KASABIAN,97,LW:RE,3,29,2010-06-20,2010,2010,6
29121,WATCH THE SUN COME UP,EXAMPLE,65,LW:RE,19,10,2010-06-27,2010,2010,6
29307,STAY TOO LONG,PLAN B,83,LW:RE,9,21,2010-06-27,2010,2010,6
28737,SWEET DISPOSITION,TEMPER TRAP,88,LW:RE,6,42,2010-06-27,2010,2010,6
28637,I'M YOURS,JASON MRAZ,96,LW:RE,11,73,2010-06-27,2010,2010,6
28697,HAVEN'T MET YOU YET,MICHAEL BUBLE,98,LW:RE,5,33,2010-06-27,2010,2010,6
29560,SOMEBODY TO LOVE,JUSTIN BIEBER,99,LW:RE,47,3,2010-06-27,2010,2010,6
29098,UPRISING,MUSE,63,LW:RE,9,16,2010-07-04,2010,2010,7
27928,SUPERSTITION,STEVIE WONDER,64,LW:RE,11,18,2010-07-04,2010,2010,7
21944,SUPERMAN (IT'S NOT EASY),FIVE FOR FIGHTING,80,LW:RE,48,3,2010-07-04,2010,2010,7
29415,HOT,INNA,81,LW:RE,6,15,2010-07-04,2010,2010,7
27525,SOMEWHE OVER THE RAINBOW,ISRAEL KAMAKAWIWO'OLE,85,LW:RE,46,13,2010-07-04,2010,2010,7
28747,LITTLE LION MAN,MUMFORD & SONS,93,LW:RE,24,29,2010-07-04,2010,2010,7
28715,SEXY CHICK,DAVID GUETTA FT AKON,99,LW:RE,1,40,2010-07-04,2010,2010,7
26881,SUPERMASSIVE BLACK HOLE,MUSE,100,LW:RE,4,20,2010-07-04,2010,2010,7
29461,SKINNY GENES,ELIZA DOOLITTLE,93,LW:RE,22,6,2010-07-11,2010,2010,7
11931,GULATE,WARREN G & NATE DOGG,96,LW:RE,5,23,2010-07-11,2010,2010,7
28677,STARSTRUKK,3OH3 FT KATY PERRY,99,LW:RE,3,25,2010-07-11,2010,2010,7
29554,WITCHCRAFT,PENDULUM,67,LW:RE,62,2,2010-07-18,2010,2010,7
28959,FI,KASABIAN,96,LW:RE,3,30,2010-07-18,2010,2010,7
29494,WATERCOLOUR,PENDULUM,70,LW:RE,4,11,2010-07-25,2010,2010,7
29472,ONCE,DIANA VICKERS,75,LW:RE,1,10,2010-07-25,2010,2010,7
29415,HOT,INNA,76,LW:RE,6,17,2010-07-25,2010,2010,7
29205,PARACHUTE,CHERYL COLE,79,LW:RE,5,24,2010-07-25,2010,2010,7
29423,CARRY OUT,TIMBALAND FT JUSTIN TIMBERLAKE,87,LW:RE,6,18,2010-07-25,2010,2010,7
28677,STARSTRUKK,3OH3 FT KATY PERRY,90,LW:RE,3,26,2010-07-25,2010,2010,7
29109,NEW YORK,PALOMA FAITH,82,LW:RE,15,15,2010-08-01,2010,2010,8
29609,ON MELANCHOLY HILL,GORILLAZ,87,LW:RE,78,2,2010-08-01,2010,2010,8
7030,BIRDHOUSE IN YOUR SOUL,THEY MIGHT BE GIANTS,72,LW:RE,6,13,2010-08-08,2010,2010,8
28721,KINGS AND QUEENS,30 SECONDS TO MARS,97,LW:RE,28,17,2010-08-08,2010,2010,8
28520,USE SOMEBODY,KINGS OF LEON,99,LW:RE,2,76,2010-08-08,2010,2010,8
29482,BUBBLES,BIFFY CLYRO,100,LW:RE,34,14,2010-08-08,2010,2010,8
29485,NEED YOU NOW,LADY ANTEBELLUM,52,LW:RE,21,8,2010-08-15,2010,2010,8
28726,END CDITS,CHASE & STATUS FT PLAN B,91,LW:RE,9,25,2010-08-15,2010,2010,8
29333,MO THAN A FEELING,BOSTON,95,LW:RE,22,13,2010-08-15,2010,2010,8
29311,HARD,RIHANNA FT YOUNG JEEZY,64,LW:RE,42,9,2010-08-22,2010,2010,8
28689,EGO,SATURDAYS,89,LW:RE,9,27,2010-08-22,2010,2010,8
24326,DANCE WITH MY FATHER,LUTHER VANDROSS,100,LW:RE,21,12,2010-08-22,2010,2010,8
28708,STOP CRYING YOUR HEART OUT,LEONA LEWIS,63,LW:RE,29,7,2010-08-29,2010,2010,8
10970,CEP,RADIOHEAD,65,LW:RE,7,12,2010-08-29,2010,2010,8
28737,SWEET DISPOSITION,TEMPER TRAP,75,LW:RE,6,50,2010-08-29,2010,2010,8
29208,DON'T STOP BELIEVIN',GLEE CAST,77,LW:RE,2,34,2010-08-29,2010,2010,8
28560,MAKE YOU FEEL MY LOVE,ADELE,78,LW:RE,26,9,2010-08-29,2010,2010,8
28700,YOU'VE GOT THE LOVE,FLORENCE & THE MACHINE,84,LW:RE,5,55,2010-08-29,2010,2010,8
29529,MAKE ME WANNA DIE,PRETTY RECKLESS,92,LW:RE,16,10,2010-08-29,2010,2010,8
28520,USE SOMEBODY,KINGS OF LEON,93,LW:RE,2,77,2010-08-29,2010,2010,8
29323,RUDE BOY,RIHANNA,100,LW:RE,2,31,2010-08-29,2010,2010,8
28747,LITTLE LION MAN,MUMFORD & SONS,74,LW:RE,24,33,2010-09-05,2010,2010,9
28684,FIGHT FOR THIS LOVE,CHERYL COLE,80,LW:RE,1,36,2010-09-05,2010,2010,9
28643,DOG DAYS A OVER,FLORENCE & THE MACHINE,85,LW:RE,23,37,2010-09-05,2010,2010,9
28528,HOT N COLD,KATY PERRY,90,LW:RE,4,40,2010-09-05,2010,2010,9
29600,WHEN I'M ALONE,LISSIE,94,LW:RE,55,5,2010-09-05,2010,2010,9
28689,EGO,SATURDAYS,97,LW:RE,9,28,2010-09-05,2010,2010,9
29675,HIGHER,SATURDAYS,62,LW:RE,62,2,2010-09-12,2010,2010,9
29163,CRY ME A RIVER,MICHAEL BUBLE,67,LW:RE,34,9,2010-09-12,2010,2010,9
28424,THE MAN WHO CAN'T BE MOVED,SCRIPT,84,LW:RE,2,36,2010-09-12,2010,2010,9
28385,99 PROBLEMS,JAY-Z,92,LW:RE,35,3,2010-09-12,2010,2010,9
27145,IRIS/STAY WITH YOU,GOO GOO DOLLS,99,LW:RE,26,54,2010-09-12,2010,2010,9
29668,SO BIG,IYAZ,40,LW:RE,40,4,2010-09-19,2010,2010,9
28976,USE SOMEBODY,PIXIE LOTT,41,LW:RE,41,5,2010-09-19,2010,2010,9
21489,HERO,ENRIQUE IGLESIAS,63,LW:RE,1,32,2010-09-19,2010,2010,9
28643,DOG DAYS A OVER,FLORENCE & THE MACHINE,77,LW:RE,23,38,2010-09-19,2010,2010,9
28558,BAKEVEN,SCRIPT,85,LW:RE,21,32,2010-09-19,2010,2010,9
28334,ONE DAY LIKE THIS,ELBOW,93,LW:RE,35,44,2010-09-19,2010,2010,9
29442,GOT TO BE AL,CHERYL LYNN,95,LW:RE,70,3,2010-09-19,2010,2010,9
28520,USE SOMEBODY,KINGS OF LEON,98,LW:RE,2,78,2010-09-19,2010,2010,9
29714,COMA CAT,TENSNAKE,85,LW:RE,85,2,2010-09-26,2010,2010,9
29741,MONSTER,PROFESSOR GREEN,89,LW:RE,86,2,2010-09-26,2010,2010,9
29742,GIVE A LITTLE BIT,SUPERTRAMP,92,LW:RE,29,8,2010-09-26,2010,2010,9
29167,I'M ALL OVER IT,JAMIE CULLUM,93,LW:RE,55,4,2010-09-26,2010,2010,9
28700,YOU'VE GOT THE LOVE,FLORENCE & THE MACHINE,94,LW:RE,5,58,2010-09-26,2010,2010,9
28560,MAKE YOU FEEL MY LOVE,ADELE,4,LW:RE,4,13,2010-10-03,2010,2010,10
10970,CEP,RADIOHEAD,48,LW:RE,7,13,2010-10-03,2010,2010,10
22040,STOP CRYING YOUR HEART OUT,OASIS,50,LW:RE,2,18,2010-10-03,2010,2010,10
29751,THE FIRST TIME EVER I SAW YOUR FACE,ROBERTA FLACK,58,LW:RE,14,15,2010-10-03,2010,2010,10
20485,THIS YEARS LOVE,DAVID GRAY,64,LW:RE,20,6,2010-10-03,2010,2010,10
29293,UPSIDE DOWN,PALOMA FAITH,78,LW:RE,55,7,2010-10-03,2010,2010,10
5440,SWEET CHILD O' MINE,GUNS N' ROSES,88,LW:RE,24,26,2010-10-03,2010,2010,10
28353,VIVA LA VIDA,COLDPLAY,94,LW:RE,1,52,2010-10-03,2010,2010,10
29109,NEW YORK,PALOMA FAITH,59,LW:RE,15,21,2010-10-10,2010,2010,10
29759,NO LOVE,EMINEM,68,LW:RE,68,3,2010-10-10,2010,2010,10
16506,TORN,NATALIE IMBRUGLIA,71,LW:RE,2,20,2010-10-10,2010,2010,10
23862,CANNONBALL,DAMIEN RICE,79,LW:RE,19,12,2010-10-10,2010,2010,10
29351,THE CAVE,MUMFORD & SONS,80,LW:RE,31,34,2010-10-10,2010,2010,10
26216,FIX YOU,COLDPLAY,82,LW:RE,4,42,2010-10-10,2010,2010,10
24075,MAD WORLD,MICHAEL ANDREWS FT GARY JULES,86,LW:RE,1,21,2010-10-10,2010,2010,10
28747,LITTLE LION MAN,MUMFORD & SONS,94,LW:RE,24,35,2010-10-10,2010,2010,10
28449,BEGGIN',MADCON,97,LW:RE,5,43,2010-10-10,2010,2010,10
29302,FIFLIES,OWL CITY,98,LW:RE,1,34,2010-10-10,2010,2010,10
29689,POWER,KANYE WEST,57,LW:RE,36,4,2010-10-17,2010,2010,10
28971,WHEN LOVE TAKES OVER,DAVID GUETTA FT KELLY ROWLAND,59,LW:RE,1,26,2010-10-17,2010,2010,10
24171,YEAH,USHER FT LIL' JON & LUDACRIS,71,LW:RE,1,20,2010-10-17,2010,2010,10
29624,JUST BE GOOD TO GEN,PROFESSOR GREEN FT LILY ALLEN,78,LW:RE,5,11,2010-10-17,2010,2010,10
45,MAD WORLD,TEARS FOR FEARS,95,LW:RE,3,18,2010-10-17,2010,2010,10
29526,NOTHIN' ON YOU,BOB FT BRUNO MARS,96,LW:RE,1,21,2010-10-17,2010,2010,10
27525,SOMEWHE OVER THE RAINBOW,ISRAEL KAMAKAWIWO'OLE,97,LW:RE,46,14,2010-10-17,2010,2010,10
29680,SLOW,RUMER,99,LW:RE,16,7,2010-10-17,2010,2010,10
29345,TELEPHONE,LADY GAGA FT BEYONCE,66,LW:RE,1,47,2010-10-24,2010,2010,10
28976,USE SOMEBODY,PIXIE LOTT,74,LW:RE,41,7,2010-10-24,2010,2010,10
27667,BIG GIRLS DON'T CRY,FERGIE,83,LW:RE,2,34,2010-10-24,2010,2010,10
28697,HAVEN'T MET YOU YET,MICHAEL BUBLE,85,LW:RE,5,34,2010-10-24,2010,2010,10
28520,USE SOMEBODY,KINGS OF LEON,94,LW:RE,2,79,2010-10-24,2010,2010,10
28684,FIGHT FOR THIS LOVE,CHERYL COLE,57,LW:RE,1,38,2010-10-31,2010,2010,10
9268,STAY,SHAKESPEARS SISTER,64,LW:RE,1,17,2010-10-31,2010,2010,10
929,THRILLER,MICHAEL JACKSON,68,LW:RE,10,44,2010-10-31,2010,2010,10
27977,MONSTER MASH,BOBBY BORIS PICKETT,73,LW:RE,60,4,2010-10-31,2010,2010,10
29163,CRY ME A RIVER,MICHAEL BUBLE,74,LW:RE,34,10,2010-10-31,2010,2010,10
27975,GHOSTBUSTERS,RAY PARKER JR,75,LW:RE,2,36,2010-10-31,2010,2010,10
29323,RUDE BOY,RIHANNA,83,LW:RE,2,32,2010-10-31,2010,2010,10
29205,PARACHUTE,CHERYL COLE,86,LW:RE,5,26,2010-10-31,2010,2010,10
8021,WICKED GAME,CHRIS ISAAK,98,LW:RE,10,11,2010-10-31,2010,2010,10
3530,LIVIN' ON A PRAYER,BON JOVI,42,LW:RE,4,31,2010-11-07,2010,2010,11
19613,IT'S MY LIFE,BON JOVI,62,LW:RE,3,16,2010-11-07,2010,2010,11
12215,ALWAYS,BON JOVI,70,LW:RE,2,22,2010-11-07,2010,2010,11
29680,SLOW,RUMER,73,LW:RE,16,8,2010-11-07,2010,2010,11
29751,THE FIRST TIME EVER I SAW YOUR FACE,ROBERTA FLACK,96,LW:RE,14,16,2010-11-07,2010,2010,11
28520,USE SOMEBODY,KINGS OF LEON,98,LW:RE,2,80,2010-11-07,2010,2010,11
28712,EMPI STATE OF MIND (PART II),ALICIA KEYS,99,LW:RE,4,46,2010-11-07,2010,2010,11
4006,WITH OR WITHOUT YOU,U2,100,LW:RE,4,20,2010-11-07,2010,2010,11
29798,DEUCES,CHRIS BROWN,68,LW:RE,68,2,2010-11-14,2010,2010,11
20814,THE YOU'LL BE,FAITH HILL,71,LW:RE,3,21,2010-11-14,2010,2010,11
6906,NOTHING COMPAS 2 U,SINEAD O'CONNOR,72,LW:RE,1,16,2010-11-14,2010,2010,11
16731,I DON'T WANT TO MISS A THING,AEROSMITH,77,LW:RE,4,52,2010-11-14,2010,2010,11
28690,EMPI STATE OF MIND,JAY-Z FT ALICIA KEYS,82,LW:RE,2,49,2010-11-14,2010,2010,11
29581,ALL THE LOVERS,KYLIE MINOGUE,88,LW:RE,3,18,2010-11-14,2010,2010,11
26511,FAIRYTALE OF NEW YORK,POGUES FT KIRSTY MACCOLL,91,LW:RE,2,43,2010-11-14,2010,2010,11
29242,MO,USHER,95,LW:RE,89,2,2010-11-14,2010,2010,11
28014,THE FIRST TIME EVER I SAW YOUR FACE,LEONA LEWIS,97,LW:RE,73,3,2010-11-14,2010,2010,11
29803,HEY JUDE,BEATLES,40,LW:RE,1,17,2010-11-21,2010,2010,11
29281,LET IT BE,BEATLES,46,LW:RE,2,11,2010-11-21,2010,2010,11
27491,YOUR SONG,ELTON JOHN,61,LW:RE,4,30,2010-11-21,2010,2010,11
27934,RULE THE WORLD,TAKE THAT,74,LW:RE,2,94,2010-11-21,2010,2010,11
16292,SOMETHING ABOUT THE WAY YOU LOOK/CANDLE,ELTON JOHN,77,LW:RE,1,30,2010-11-21,2010,2010,11
29816,YESTERDAY,BEATLES,86,LW:RE,8,8,2010-11-21,2010,2010,11
28334,ONE DAY LIKE THIS,ELBOW,92,LW:RE,35,45,2010-11-21,2010,2010,11
12556,ALL I WANT FOR CHRISTMAS IS YOU,MARIAH CAREY,96,LW:RE,2,35,2010-11-21,2010,2010,11
29287,BETTER THAN TODAY,KYLIE MINOGUE,40,LW:RE,40,2,2010-11-28,2010,2010,11
10970,CEP,RADIOHEAD,79,LW:RE,7,15,2010-11-28,2010,2010,11
27525,SOMEWHE OVER THE RAINBOW,ISRAEL KAMAKAWIWO'OLE,80,LW:RE,46,15,2010-11-28,2010,2010,11
28712,EMPI STATE OF MIND (PART II),ALICIA KEYS,91,LW:RE,4,48,2010-11-28,2010,2010,11
28492,SEX ON FI,KINGS OF LEON,93,LW:RE,1,114,2010-11-28,2010,2010,11
26963,CHASING CARS,SNOW PATROL,94,LW:RE,6,140,2010-11-28,2010,2010,11
28693,I GOTTA FEELING,BLACK EYED PEAS,96,LW:RE,1,76,2010-11-28,2010,2010,11
28041,I WISH IT COULD BE CHRISTMAS EVERYDAY,WIZZARD,97,LW:RE,16,14,2010-11-28,2010,2010,11
29381,STARRY EYED,ELLIE GOULDING,98,LW:RE,4,29,2010-11-28,2010,2010,11
29436,SHE SAID,PLAN B,99,LW:RE,3,34,2010-11-28,2010,2010,11
29831,NIGHTS IN WHITE SATIN,MOODY BLUES,51,LW:RE,9,35,2010-12-05,2010,2010,12
28036,LAST CHRISTMAS,WHAM,57,LW:RE,14,15,2010-12-05,2010,2010,12
72,MERRY XMAS EVERYBODY,SLADE,59,LW:RE,1,59,2010-12-05,2010,2010,12
28049,DO THEY KNOW IT'S CHRISTMAS,BAND AID,62,LW:RE,1,37,2010-12-05,2010,2010,12
2738,MERRY CHRISTMAS EVERYONE,SHAKIN' STEVENS,73,LW:RE,1,29,2010-12-05,2010,2010,12
29236,THE FLOOD,CHERYL COLE,74,LW:RE,74,2,2010-12-05,2010,2010,12
29402,BABY,JUSTIN BIEBER FT LUDACRIS,75,LW:RE,3,26,2010-12-05,2010,2010,12
29159,THE SILENCE,ALEXANDRA BURKE,16,LW:RE,16,2,2010-12-12,2010,2010,12
24798,EVERYTIME,BRITNEY SPEARS,56,LW:RE,1,15,2010-12-12,2010,2010,12
29496,SHE'S ALWAYS A WOMAN,FYFE DANGERFIELD,61,LW:RE,7,17,2010-12-12,2010,2010,12
29226,INVINCIBLE,TINIE TEMPAH FT KELLY ROWLAND,64,LW:RE,57,3,2010-12-12,2010,2010,12
29208,DON'T STOP BELIEVIN',GLEE CAST,79,LW:RE,2,35,2010-12-12,2010,2010,12
29702,START WITHOUT YOU,ALEXANDRA BURKE FT LAZA MORGAN,84,LW:RE,1,13,2010-12-12,2010,2010,12
6259,ALL I WANT IS YOU,U2,89,LW:RE,4,8,2010-12-12,2010,2010,12
27981,DON'T STOP BELIEVIN',JOURNEY,90,LW:RE,6,86,2010-12-12,2010,2010,12
29436,SHE SAID,PLAN B,97,LW:RE,3,35,2010-12-12,2010,2010,12
28054,HAPPY XMAS (WAR IS OVER),JOHN & YOKO/PLASTIC ONO BAND,98,LW:RE,40,11,2010-12-12,2010,2010,12
4774,DRIVING HOME FOR CHRISTMAS,CHRIS REA,100,LW:RE,33,19,2010-12-12,2010,2010,12
28902,SURFIN' BIRD,TRASHMEN,3,LW:RE,3,3,2010-12-19,2010,2010,12
29235,MANY OF HORROR,BIFFY CLYRO,8,LW:RE,8,11,2010-12-19,2010,2010,12
26941,UNFAITHFUL,RIHANNA,31,LW:RE,2,25,2010-12-19,2010,2010,12
29383,OPPOSITE OF ADULTS,CHIDDY BANG,86,LW:RE,12,16,2010-12-19,2010,2010,12
29280,S&M,RIHANNA,87,LW:RE,55,3,2010-12-19,2010,2010,12
23625,WHE IS THE LOVE,BLACK EYED PEAS,90,LW:RE,1,22,2010-12-19,2010,2010,12
29737,ANIMAL RIGHTS,DEADMAU5 & WOLFGANG GARTNER,92,LW:RE,72,2,2010-12-19,2010,2010,12
27491,YOUR SONG,ELTON JOHN,97,LW:RE,4,32,2010-12-19,2010,2010,12
28675,BAD ROMANCE,LADY GAGA,100,LW:RE,1,55,2010-12-19,2010,2010,12
29436,SHE SAID,PLAN B,64,LW:RE,3,36,2011-01-02,2011,2010,1
29580,KICKSTARTS,EXAMPLE,72,LW:RE,3,23,2011-01-02,2011,2010,1
29381,STARRY EYED,ELLIE GOULDING,75,LW:RE,4,31,2011-01-02,2011,2010,1
29383,OPPOSITE OF ADULTS,CHIDDY BANG,76,LW:RE,12,17,2011-01-02,2011,2010,1
29648,GOLD DUST,DJ FRESH,78,LW:RE,24,17,2011-01-02,2011,2010,1
28712,EMPI STATE OF MIND (PART II),ALICIA KEYS,84,LW:RE,4,50,2011-01-02,2011,2010,1
29323,RUDE BOY,RIHANNA,85,LW:RE,2,34,2011-01-02,2011,2010,1
29424,OMG,USHER FT WILL I AM,86,LW:RE,1,35,2011-01-02,2011,2010,1
29482,BUBBLES,BIFFY CLYRO,88,LW:RE,34,15,2011-01-02,2011,2010,1
29345,TELEPHONE,LADY GAGA FT BEYONCE,90,LW:RE,1,49,2011-01-02,2011,2010,1
10970,CEP,RADIOHEAD,91,LW:RE,7,18,2011-01-02,2011,2010,1
29302,FIFLIES,OWL CITY,92,LW:RE,1,35,2011-01-02,2011,2010,1
29614,THE CLUB IS ALIVE,JLS,93,LW:RE,1,11,2011-01-02,2011,2010,1
29208,DON'T STOP BELIEVIN',GLEE CAST,94,LW:RE,2,36,2011-01-02,2011,2010,1
29661,GEN LIGHT,ROLL DEEP,96,LW:RE,1,12,2011-01-02,2011,2010,1
29646,BEAUTIFUL MONSTER,NE-YO,97,LW:RE,1,16,2011-01-02,2011,2010,1
29640,ONE (YOUR NAME),SWEDISH HOUSE MAFIA/PHARRELL,98,LW:RE,7,18,2011-01-02,2011,2010,1
29568,FRISKY,TINIE TEMPAH FT LABRINTH,99,LW:RE,2,23,2011-01-02,2011,2010,1
29279,LIMIT TO YOUR LOVE,JAMES BLAKE,39,LW:RE,39,5,2011-01-09,2011,2010,1
29853,BAKER STET,GERRY RAFFERTY,55,LW:RE,3,16,2011-01-09,2011,2010,1
29461,SKINNY GENES,ELIZA DOOLITTLE,70,LW:RE,22,11,2011-01-09,2011,2010,1
28737,SWEET DISPOSITION,TEMPER TRAP,78,LW:RE,6,51,2011-01-09,2011,2010,1
27525,SOMEWHE OVER THE RAINBOW,ISRAEL KAMAKAWIWO'OLE,80,LW:RE,46,18,2011-01-09,2011,2010,1
29810,NIGHT AIR,JAMIE WOON,83,LW:RE,67,2,2011-01-09,2011,2010,1
28204,FEELING GOOD,MUSE,84,LW:RE,77,6,2011-01-09,2011,2010,1
29838,LOVE GOES DOWN,PLAN B,85,LW:RE,62,2,2011-01-09,2011,2010,1
29283,LET IT GO,DEVLIN FT LABRINTH,94,LW:RE,86,3,2011-01-09,2011,2010,1
29098,UPRISING,MUSE,100,LW:RE,9,23,2011-01-09,2011,2010,1
29817,DOWN ON ME,JEREMIH FT 50 CENT,78,LW:RE,78,2,2011-01-16,2011,2010,1
28042,THIS IS THE LIFE,AMY MACDONALD,82,LW:RE,28,19,2011-01-16,2011,2010,1
29208,DON'T STOP BELIEVIN',GLEE CAST,100,LW:RE,2,37,2011-01-16,2011,2010,1
29430,THE ONLY EXCEPTION,PARAMORE,52,LW:RE,31,7,2011-01-23,2011,2010,1
29756,WONDERMAN,TINIE TEMPAH FT ELLIE GOULDING,88,LW:RE,45,3,2011-01-23,2011,2010,1
29850,WE R WHO WE R,KESHA,1,LW:RE,1,2,2011-01-30,2011,2010,1
29811,F**KIN' PERFECT,PINK,21,LW:RE,21,2,2011-01-30,2011,2010,1
26941,UNFAITHFUL,RIHANNA,60,LW:RE,2,27,2011-01-30,2011,2010,1
22679,LOSE YOURSELF,EMINEM,62,LW:RE,1,38,2011-01-30,2011,2010,1
29604,I LIKE IT,ENRIQUE IGLESIAS FT PITBULL,68,LW:RE,4,20,2011-01-30,2011,2010,1
29828,RIGHT THRU ME,NICKI MINAJ,71,LW:RE,71,3,2011-01-30,2011,2010,1
29646,BEAUTIFUL MONSTER,NE-YO,79,LW:RE,1,17,2011-01-30,2011,2010,1
28643,DOG DAYS A OVER,FLORENCE & THE MACHINE,80,LW:RE,23,41,2011-01-30,2011,2010,1
29286,NOT AFRAID,EMINEM,85,LW:RE,5,27,2011-01-30,2011,2010,1
27934,RULE THE WORLD,TAKE THAT,92,LW:RE,2,96,2011-01-30,2011,2010,1
26216,FIX YOU,COLDPLAY,94,LW:RE,4,43,2011-01-30,2011,2010,1
29381,STARRY EYED,ELLIE GOULDING,95,LW:RE,4,33,2011-01-30,2011,2010,1
29495,CANDY,AGGRO SANTOS FT KIMBERLY WYATT,98,LW:RE,5,17,2011-01-30,2011,2010,1
29294,ONE IN A MILLION,NE-YO,99,LW:RE,20,9,2011-01-30,2011,2010,1
16944,TRULY MADLY DEEPLY,SAVAGE GARDEN,73,LW:RE,4,29,2011-02-06,2011,2010,2
17207,TEARDROP,MASSIVE ATTACK,85,LW:RE,10,10,2011-02-06,2011,2010,2
28726,END CDITS,CHASE & STATUS FT PLAN B,87,LW:RE,9,26,2011-02-06,2011,2010,2
11958,KISS FROM A ROSE,SEAL,93,LW:RE,4,22,2011-02-06,2011,2010,2
26897,SHE MOVES IN HER OWN WAY,KOOKS,100,LW:RE,7,37,2011-02-06,2011,2010,2
29256,ALL TIME LOW,WANTED,79,LW:RE,1,27,2011-02-13,2011,2010,2
29680,SLOW,RUMER,80,LW:RE,16,9,2011-02-13,2011,2010,2
28737,SWEET DISPOSITION,TEMPER TRAP,89,LW:RE,6,54,2011-02-13,2011,2010,2
29857,I JUST HAD SEX,LONELY ISLAND FT AKON,93,LW:RE,68,5,2011-02-13,2011,2010,2
29255,MAGIC,BOB FT RIVERS CUOMO,95,LW:RE,16,18,2011-02-13,2011,2010,2
29855,DJ GOT US FALLIN' IN LOVE,USHER FT PITBULL,97,LW:RE,7,28,2011-02-13,2011,2010,2
29258,KATY ON A MISSION,KATY B,99,LW:RE,5,24,2011-02-13,2011,2010,2
29436,SHE SAID,PLAN B,42,LW:RE,3,39,2011-02-20,2011,2010,2
29351,THE CAVE,MUMFORD & SONS,48,LW:RE,31,37,2011-02-20,2011,2010,2
29829,NEVER SAY NEVER,JUSTIN BIEBER FT JADEN SMITH,49,LW:RE,49,2,2011-02-20,2011,2010,2
28747,LITTLE LION MAN,MUMFORD & SONS,53,LW:RE,24,38,2011-02-20,2011,2010,2
29257,MIAMI 2 IBIZA,SWEDISH HOUSE MAFIA VS TINIE,58,LW:RE,4,18,2011-02-20,2011,2010,2
29485,NEED YOU NOW,LADY ANTEBELLUM,62,LW:RE,21,12,2011-02-20,2011,2010,2
29599,PRAYIN',PLAN B,66,LW:RE,16,13,2011-02-20,2011,2010,2
29263,TEENAGE DAM,KATY PERRY,79,LW:RE,2,22,2011-02-20,2011,2010,2
29568,FRISKY,TINIE TEMPAH FT LABRINTH,85,LW:RE,2,24,2011-02-20,2011,2010,2
28109,CHASING PAVEMENTS,ADELE,93,LW:RE,2,23,2011-02-20,2011,2010,2
29269,CALIFORNIA GURLS,KATY PERRY FT SNOOP DOGG,96,LW:RE,1,33,2011-02-20,2011,2010,2
29402,BABY,JUSTIN BIEBER FT LUDACRIS,97,LW:RE,3,27,2011-02-20,2011,2010,2
29307,STAY TOO LONG,PLAN B,98,LW:RE,9,23,2011-02-20,2011,2010,2
29235,MANY OF HORROR,BIFFY CLYRO,99,LW:RE,8,17,2011-02-20,2011,2010,2
29920,ALL OF THE LIGHTS,KANYE WEST FT DRAKE & RIHANNA,46,LW:RE,46,3,2011-02-27,2011,2010,2
29889,THE ROLLER,BEADY EYE,51,LW:RE,31,3,2011-02-27,2011,2010,2
29943,JUST CAN'T GET ENOUGH,DEPECHE MODE,74,LW:RE,8,11,2011-02-27,2011,2010,2
8010,ICE ICE BABY,VANILLA ICE,93,LW:RE,1,15,2011-02-27,2011,2010,2
29258,KATY ON A MISSION,KATY B,97,LW:RE,5,25,2011-02-27,2011,2010,2
29882,MARRY YOU,BRUNO MARS,62,LW:RE,62,3,2011-03-06,2011,2010,3
5232,FAST CAR,TRACY CHAPMAN,82,LW:RE,5,16,2011-03-06,2011,2010,3
20397,TEENAGE DIRTBAG,WHEATUS,43,LW:RE,2,21,2011-03-13,2011,2010,3
26963,CHASING CARS,SNOW PATROL,55,LW:RE,6,143,2011-03-13,2011,2010,3
29466,HEY SOUL SISTER,TRAIN,60,LW:RE,18,31,2011-03-13,2011,2010,3
5440,SWEET CHILD O' MINE,GUNS N' ROSES,62,LW:RE,24,27,2011-03-13,2011,2010,3
29241,POISON,NICOLE SCHERZINGER,73,LW:RE,3,12,2011-03-13,2011,2010,3
28643,DOG DAYS A OVER,FLORENCE & THE MACHINE,79,LW:RE,23,44,2011-03-13,2011,2010,3
29323,RUDE BOY,RIHANNA,85,LW:RE,2,35,2011-03-13,2011,2010,3
28424,THE MAN WHO CAN'T BE MOVED,SCRIPT,87,LW:RE,2,43,2011-03-13,2011,2010,3
29242,MO,USHER,88,LW:RE,23,17,2011-03-13,2011,2010,3
28755,GANGSTA'S PARADISE,COOLIO FT LV,90,LW:RE,1,25,2011-03-13,2011,2010,3
28334,ONE DAY LIKE THIS,ELBOW,92,LW:RE,35,46,2011-03-13,2011,2010,3
29256,ALL TIME LOW,WANTED,96,LW:RE,1,29,2011-03-13,2011,2010,3
22679,LOSE YOURSELF,EMINEM,97,LW:RE,1,40,2011-03-13,2011,2010,3
11931,GULATE,WARREN G & NATE DOGG,45,LW:RE,5,24,2011-03-20,2011,2010,3
28869,THE CHAIN,FLEETWOOD MAC,81,LW:RE,81,2,2011-03-20,2011,2010,3
10970,CEP,RADIOHEAD,84,LW:RE,7,19,2011-03-20,2011,2010,3
28353,VIVA LA VIDA,COLDPLAY,87,LW:RE,1,57,2011-03-20,2011,2010,3
28696,LET THE BASS KICK IN MIAMI GIRL,CHUCKIE & LMFAO,94,LW:RE,9,11,2011-03-20,2011,2010,3
29239,LOSE MY MIND,WANTED,96,LW:RE,19,12,2011-03-20,2011,2010,3
19337,DANCING IN THE MOONLIGHT,TOPLOADER,97,LW:RE,7,34,2011-03-20,2011,2010,3
29249,HIGHER,SATURDAYS FT FLO RIDA,99,LW:RE,10,25,2011-03-20,2011,2010,3
29851,ME AND YOU,NERO,100,LW:RE,15,10,2011-03-20,2011,2010,3
29485,NEED YOU NOW,LADY ANTEBELLUM,48,LW:RE,21,14,2011-03-27,2011,2010,3
29211,HEADS WILL ROLL,YEAH YEAH YEAHS,89,LW:RE,89,2,2011-03-27,2011,2010,3
29916,WHAT YOU KNOW,TWO DOOR CINEMA CLUB,95,LW:RE,64,5,2011-03-27,2011,2010,3
29945,BRING IT,JODIE CONNOR FT TINCHY STRYDER,98,LW:RE,87,2,2011-03-27,2011,2010,3
29953,TILL THE WORLD ENDS,BRITNEY SPEARS,56,LW:RE,21,4,2011-04-03,2011,2010,4
28424,THE MAN WHO CAN'T BE MOVED,SCRIPT,80,LW:RE,2,45,2011-04-03,2011,2010,4
28353,VIVA LA VIDA,COLDPLAY,93,LW:RE,1,58,2011-04-03,2011,2010,4
10970,CEP,RADIOHEAD,96,LW:RE,7,20,2011-04-03,2011,2010,4
29257,MIAMI 2 IBIZA,SWEDISH HOUSE MAFIA VS TINIE,98,LW:RE,4,21,2011-04-03,2011,2010,4
29258,KATY ON A MISSION,KATY B,100,LW:RE,5,27,2011-04-03,2011,2010,4
29998,I NEED A DOLLAR,ALOE BLACC,54,LW:RE,54,2,2011-04-10,2011,2010,4
29871,SING,MY CHEMICAL ROMANCE,60,LW:RE,60,2,2011-04-10,2011,2010,4
29344,SOMEBODY TO LOVE,GLEE CAST,82,LW:RE,26,7,2011-04-10,2011,2010,4
29269,CALIFORNIA GURLS,KATY PERRY FT SNOOP DOGG,85,LW:RE,1,35,2011-04-10,2011,2010,4
26691,NAIVE,KOOKS,89,LW:RE,5,42,2011-04-10,2011,2010,4
25832,ADAGIO FOR STRINGS,TIESTO,95,LW:RE,37,29,2011-04-10,2011,2010,4
29851,ME AND YOU,NERO,96,LW:RE,15,11,2011-04-10,2011,2010,4
5232,FAST CAR,TRACY CHAPMAN,58,LW:RE,5,17,2011-04-17,2011,2010,4
29223,THINKING OF ME,OLLY MURS,83,LW:RE,4,17,2011-04-17,2011,2010,4
29216,YOUR SONG,ELLIE GOULDING,85,LW:RE,2,21,2011-04-17,2011,2010,4
29980,HAPPY NOW,TAKE THAT,93,LW:RE,52,3,2011-04-17,2011,2010,4
29961,NOBODY'S PERFECT,JESSIE J,97,LW:RE,81,2,2011-04-17,2011,2010,4
29240,RAISE YOUR GLASS,PINK,99,LW:RE,13,21,2011-04-17,2011,2010,4
29894,ANIMAL,NEON TREES,81,LW:RE,40,7,2011-04-24,2011,2010,4
30033,LOSER LIKE ME,GLEE CAST,27,LW:RE,27,2,2011-05-01,2011,2010,5
29240,RAISE YOUR GLASS,PINK,59,LW:RE,13,22,2011-05-01,2011,2010,5
28042,THIS IS THE LIFE,AMY MACDONALD,83,LW:RE,28,23,2011-05-01,2011,2010,5
28693,I GOTTA FEELING,BLACK EYED PEAS,88,LW:RE,1,97,2011-05-01,2011,2010,5
28334,ONE DAY LIKE THIS,ELBOW,93,LW:RE,35,47,2011-05-01,2011,2010,5
29496,SHE'S ALWAYS A WOMAN,FYFE DANGERFIELD,95,LW:RE,7,18,2011-05-01,2011,2010,5
29882,MARRY YOU,BRUNO MARS,96,LW:RE,41,7,2011-05-01,2011,2010,5
29245,LOVE THE WAY YOU LIE,EMINEM FT RIHANNA,98,LW:RE,2,44,2011-05-01,2011,2010,5
30034,DOWN DOWN DOWN,CHARLIE SIMPSON,81,LW:RE,72,3,2011-05-08,2011,2010,5
29851,ME AND YOU,NERO,86,LW:RE,15,12,2011-05-08,2011,2010,5
29247,DYNAMITE,TAIO CRUZ,97,LW:RE,1,35,2011-05-08,2011,2010,5
29686,AT LAST,ETTA JAMES,75,LW:RE,69,2,2011-05-15,2011,2010,5
24321,SOMEWHE ONLY WE KNOW,KEANE,85,LW:RE,3,15,2011-05-15,2011,2010,5
30042,PENNY ARCADE,SAMMY KING,86,LW:RE,47,3,2011-05-15,2011,2010,5
29171,GO YOUR OWN WAY,FLEETWOOD MAC,62,LW:RE,38,6,2011-05-22,2011,2010,5
30103,DAMS,FLEETWOOD MAC,86,LW:RE,24,10,2011-05-22,2011,2010,5
28693,I GOTTA FEELING,BLACK EYED PEAS,87,LW:RE,1,99,2011-05-22,2011,2010,5
28726,END CDITS,CHASE & STATUS FT PLAN B,90,LW:RE,9,36,2011-05-22,2011,2010,5
29247,DYNAMITE,TAIO CRUZ,91,LW:RE,1,36,2011-05-22,2011,2010,5
29243,WRITTEN IN THE STARS,TINIE TEMPAH FT ERIC TURNER,100,LW:RE,1,33,2011-05-22,2011,2010,5
29216,YOUR SONG,ELLIE GOULDING,54,LW:RE,2,26,2011-05-29,2011,2010,5
29245,LOVE THE WAY YOU LIE,EMINEM FT RIHANNA,58,LW:RE,2,46,2011-05-29,2011,2010,5
29640,ONE (YOUR NAME),SWEDISH HOUSE MAFIA/PHARRELL,62,LW:RE,7,20,2011-05-29,2011,2010,5
29257,MIAMI 2 IBIZA,SWEDISH HOUSE MAFIA VS TINIE,64,LW:RE,4,23,2011-05-29,2011,2010,5
16731,I DON'T WANT TO MISS A THING,AEROSMITH,71,LW:RE,4,53,2011-05-29,2011,2010,5
29466,HEY SOUL SISTER,TRAIN,81,LW:RE,18,33,2011-05-29,2011,2010,5
29850,WE R WHO WE R,KESHA,84,LW:RE,1,17,2011-05-29,2011,2010,5
29662,LET YOU GO,CHASE & STATUS FT MALI,86,LW:RE,11,12,2011-05-29,2011,2010,5
29215,LIGHTS ON,KATY B FT MS DYNAMITE,88,LW:RE,4,19,2011-05-29,2011,2010,5
22037,WHEVER YOU WILL GO,CALLING,92,LW:RE,3,14,2011-05-29,2011,2010,5
28712,EMPI STATE OF MIND (PART II),ALICIA KEYS,93,LW:RE,4,53,2011-05-29,2011,2010,5
28520,USE SOMEBODY,KINGS OF LEON,94,LW:RE,2,81,2011-05-29,2011,2010,5
29867,HIGHER,TAIO CRUZ/MCCOY/MINOGUE,96,LW:RE,8,19,2011-05-29,2011,2010,5
28714,POKER FACE,LADY GAGA,97,LW:RE,1,84,2011-05-29,2011,2010,5
22162,A THOUSAND MILES,VANESSA CARLTON,55,LW:RE,6,14,2011-06-05,2011,2010,6
23234,BRING ME TO LIFE,EVANESCENCE,62,LW:RE,1,24,2011-06-05,2011,2010,6
29570,WAKA WAKA (THIS TIME FOR AFRICA),SHAKIRA FT FRESHLYGROUND,64,LW:RE,21,22,2011-06-05,2011,2010,6
29866,HEY BABY (DROP IT TO THE FLOOR),PITBULL FT T-PAIN,79,LW:RE,38,10,2011-06-05,2011,2010,6
30060,SET FI TO THE RAIN,ADELE,83,LW:RE,44,5,2011-06-05,2011,2010,6
29903,MOMENT 4 LIFE,NICKI MINAJ FT DRAKE,92,LW:RE,22,15,2011-06-05,2011,2010,6
28693,I GOTTA FEELING,BLACK EYED PEAS,94,LW:RE,1,100,2011-06-05,2011,2010,6
13358,YOU DO SOMETHING TO ME,PAUL WELLER,95,LW:RE,9,7,2011-06-05,2011,2010,6
4898,MAN IN THE MIRROR,MICHAEL JACKSON,96,LW:RE,2,28,2011-06-05,2011,2010,6
28755,GANGSTA'S PARADISE,COOLIO FT LV,99,LW:RE,1,27,2011-06-05,2011,2010,6
28589,TO WHE YOU A,JOSH GROBAN,53,LW:RE,53,2,2011-06-12,2011,2010,6
29808,LIV TONIGHT,NELLY FT KERI HILSON,72,LW:RE,58,3,2011-06-12,2011,2010,6
26459,BECAUSE OF YOU,KELLY CLARKSON,77,LW:RE,7,38,2011-06-12,2011,2010,6
29851,ME AND YOU,NERO,82,LW:RE,15,15,2011-06-12,2011,2010,6
30090,A NIGHT LIKE THIS,CARO EMERALD,90,LW:RE,65,4,2011-06-19,2011,2010,6
29899,TONIGHT (I'M F**KIN' YOU),ENRIQUE IGLESIAS FT LUDACRIS,97,LW:RE,5,19,2011-06-19,2011,2010,6
29580,KICKSTARTS,EXAMPLE,98,LW:RE,3,27,2011-06-19,2011,2010,6
29987,NEXT 2 YOU,CHRIS BROWN FT JUSTIN BIEBER,43,LW:RE,43,2,2011-06-26,2011,2010,6
29893,L.I.F.E.G.O.E.S.O.N.,NOAH & THE WHALE,82,LW:RE,14,20,2011-06-26,2011,2010,6
29648,GOLD DUST,DJ FRESH,95,LW:RE,24,20,2011-06-26,2011,2010,6
30047,SOMETHING GOOD CAN WORK,TWO DOOR CINEMA CLUB,99,LW:RE,56,7,2011-06-26,2011,2010,6
27155,IRPLACEABLE,BEYONCE,33,LW:RE,4,31,2011-07-03,2011,2010,7
22209,IN MY PLACE,COLDPLAY,40,LW:RE,2,12,2011-07-03,2011,2010,7
26216,FIX YOU,COLDPLAY,47,LW:RE,4,46,2011-07-03,2011,2010,7
28353,VIVA LA VIDA,COLDPLAY,51,LW:RE,1,59,2011-07-03,2011,2010,7
19731,YELLOW,COLDPLAY,59,LW:RE,4,21,2011-07-03,2011,2010,7
28802,HALO,BEYONCE,60,LW:RE,4,43,2011-07-03,2011,2010,7
28334,ONE DAY LIKE THIS,ELBOW,64,LW:RE,35,48,2011-07-03,2011,2010,7
22601,THE SCIENTIST,COLDPLAY,68,LW:RE,10,12,2011-07-03,2011,2010,7
28623,SINGLE LADIES (PUT A RING ON IT),BEYONCE,72,LW:RE,7,73,2011-07-03,2011,2010,7
29351,THE CAVE,MUMFORD & SONS,77,LW:RE,31,40,2011-07-03,2011,2010,7
28747,LITTLE LION MAN,MUMFORD & SONS,87,LW:RE,24,41,2011-07-03,2011,2010,7
30111,JAR OF HEARTS,CHRISTINA PERRI,91,LW:RE,90,2,2011-07-03,2011,2010,7
23027,CLOCKS,COLDPLAY,98,LW:RE,9,9,2011-07-03,2011,2010,7
23234,BRING ME TO LIFE,EVANESCENCE,47,LW:RE,1,26,2011-07-10,2011,2010,7
30154,DOWN WITH THE TRUMPETS,RIZZLE KICKS,58,LW:RE,58,2,2011-07-10,2011,2010,7
28591,IF I WE A BOY,BEYONCE,59,LW:RE,1,35,2011-07-10,2011,2010,7
29235,MANY OF HORROR,BIFFY CLYRO,69,LW:RE,8,18,2011-07-10,2011,2010,7
26691,NAIVE,KOOKS,75,LW:RE,5,43,2011-07-10,2011,2010,7
30120,BEAT OF MY DRUM,NICOLA ROBERTS,76,LW:RE,27,4,2011-07-10,2011,2010,7
30072,BUSY,OLLY MURS,77,LW:RE,45,8,2011-07-10,2011,2010,7
24111,DROP IT LIKE IT'S HOT,SNOOP DOGG FT PHARRELL,88,LW:RE,10,18,2011-07-10,2011,2010,7
13163,COMMON PEOPLE,PULP,91,LW:RE,2,17,2011-07-10,2011,2010,7
24442,SOMEBODY TOLD ME,KILLERS,95,LW:RE,3,29,2011-07-10,2011,2010,7
29230,SHINE A LIGHT,MCFLY FT TAIO CRUZ,97,LW:RE,4,19,2011-07-10,2011,2010,7
29922,EYES WIDE SHUT,JLS FT TINIE TEMPAH,98,LW:RE,8,18,2011-07-10,2011,2010,7
28693,I GOTTA FEELING,BLACK EYED PEAS,100,LW:RE,1,104,2011-07-10,2011,2010,7
29965,SKINNY LOVE,BIRDY,80,LW:RE,17,17,2011-07-17,2011,2010,7
30137,SHELTER,BIRDY,88,LW:RE,50,3,2011-07-17,2011,2010,7
30036,TIME,CHASE & STATUS FT DELILAH,92,LW:RE,21,13,2011-07-17,2011,2010,7
26897,SHE MOVES IN HER OWN WAY,KOOKS,93,LW:RE,7,38,2011-07-17,2011,2010,7
29648,GOLD DUST,DJ FRESH,94,LW:RE,24,22,2011-07-17,2011,2010,7
29257,MIAMI 2 IBIZA,SWEDISH HOUSE MAFIA VS TINIE,95,LW:RE,4,26,2011-07-17,2011,2010,7
29580,KICKSTARTS,EXAMPLE,96,LW:RE,3,29,2011-07-17,2011,2010,7
28643,DOG DAYS A OVER,FLORENCE & THE MACHINE,97,LW:RE,23,45,2011-07-17,2011,2010,7
19731,YELLOW,COLDPLAY,98,LW:RE,4,22,2011-07-17,2011,2010,7
29849,HELLO,MARTIN SOLVEIG & DRAGONETTE,99,LW:RE,13,28,2011-07-17,2011,2010,7
26963,CHASING CARS,SNOW PATROL,57,LW:RE,6,146,2011-07-24,2011,2010,7
29900,I NEED A DOCTOR,DR DRE FT EMINEM & SKYLAR GREY,72,LW:RE,8,19,2011-07-24,2011,2010,7
4006,WITH OR WITHOUT YOU,U2,78,LW:RE,4,21,2011-07-24,2011,2010,7
27508,BACK TO BLACK,AMY WINEHOUSE,81,LW:RE,25,53,2011-07-24,2011,2010,7
28623,SINGLE LADIES (PUT A RING ON IT),BEYONCE,86,LW:RE,7,74,2011-07-24,2011,2010,7
27742,TEARS DRY ON THEIR OWN,AMY WINEHOUSE,27,LW:RE,16,27,2011-07-31,2011,2010,7
27156,HAB,AMY WINEHOUSE,29,LW:RE,7,74,2011-07-31,2011,2010,7
28072,LOVE IS A LOSING GAME,AMY WINEHOUSE,33,LW:RE,33,5,2011-07-31,2011,2010,7
27314,YOU KNOW I'M NO GOOD,AMY WINEHOUSE,37,LW:RE,18,24,2011-07-31,2011,2010,7
27909,VALERIE,AMY WINEHOUSE,41,LW:RE,37,22,2011-07-31,2011,2010,7
27858,VALERIE,MARK RONSON FT AMY WINEHOUSE,45,LW:RE,2,48,2011-07-31,2011,2010,7
6134,CULT OF PERSONALITY,LIVING COLOUR,75,LW:RE,75,5,2011-07-31,2011,2010,7
30001,BUZZIN,MANN FT 50 CENT,90,LW:RE,6,20,2011-07-31,2011,2010,7
30077,LOVE LOVE,TAKE THAT,94,LW:RE,15,11,2011-07-31,2011,2010,7
29580,KICKSTARTS,EXAMPLE,96,LW:RE,3,30,2011-07-31,2011,2010,7
29962,JUST CAN'T GET ENOUGH,BLACK EYED PEAS,99,LW:RE,3,18,2011-07-31,2011,2010,7
29899,TONIGHT (I'M F**KIN' YOU),ENRIQUE IGLESIAS FT LUDACRIS,65,LW:RE,5,21,2011-08-07,2011,2010,8
29882,MARRY YOU,BRUNO MARS,68,LW:RE,41,9,2011-08-07,2011,2010,8
29837,RHYTHM OF LOVE,PLAIN WHITE T'S,72,LW:RE,60,3,2011-08-07,2011,2010,8
28623,SINGLE LADIES (PUT A RING ON IT),BEYONCE,75,LW:RE,7,75,2011-08-07,2011,2010,8
29960,BRIGHT LIGHTS BIGGER CITY,CEE LO GREEN,80,LW:RE,13,18,2011-08-07,2011,2010,8
7345,HOLD ON,WILSON PHILLIPS,81,LW:RE,81,5,2011-08-07,2011,2010,8
30036,TIME,CHASE & STATUS FT DELILAH,91,LW:RE,21,14,2011-08-07,2011,2010,8
28286,SUMMERTIME,DJ JAZZY JEFF & FRESH PRINCE,93,LW:RE,8,14,2011-08-07,2011,2010,8
30129,MR BLUE SKY,ELO,94,LW:RE,94,2,2011-08-07,2011,2010,8
28971,WHEN LOVE TAKES OVER,DAVID GUETTA FT KELLY ROWLAND,95,LW:RE,1,27,2011-08-07,2011,2010,8
29920,ALL OF THE LIGHTS,KANYE WEST FT DRAKE & RIHANNA,98,LW:RE,15,22,2011-08-07,2011,2010,8
30187,I'M ON ONE,DJ KHALED/DRAKE/RICK ROSS,99,LW:RE,94,2,2011-08-07,2011,2010,8
30182,LOVE YOU LIKE A LOVE SONG,SELENA GOMEZ & THE SCENE,72,LW:RE,58,3,2011-08-14,2011,2010,8
30161,SHUFFLE,BOMBAY BICYCLE CLUB,76,LW:RE,69,2,2011-08-14,2011,2010,8
30125,MAN DOWN,RIHANNA,86,LW:RE,54,9,2011-08-14,2011,2010,8
30119,MONSTER,PARAMORE,92,LW:RE,21,5,2011-08-14,2011,2010,8
26542,NASTY GIRL,NOTORIOUS BIG/DIDDY/NELLY,96,LW:RE,1,22,2011-08-14,2011,2010,8
29570,WAKA WAKA (THIS TIME FOR AFRICA),SHAKIRA FT FRESHLYGROUND,97,LW:RE,21,26,2011-08-14,2011,2010,8
28693,I GOTTA FEELING,BLACK EYED PEAS,98,LW:RE,1,105,2011-08-14,2011,2010,8
30113,WHAT A FEELING,ALEX GAUDINO FT KELLY ROWLAND,99,LW:RE,6,7,2011-08-14,2011,2010,8
29245,LOVE THE WAY YOU LIE,EMINEM FT RIHANNA,100,LW:RE,2,50,2011-08-14,2011,2010,8
29893,L.I.F.E.G.O.E.S.O.N.,NOAH & THE WHALE,47,LW:RE,14,22,2011-08-21,2011,2010,8
9391,UNDER THE BRIDGE,RED HOT CHILI PEPPERS,57,LW:RE,13,16,2011-08-21,2011,2010,8
30215,BROKEN STRINGS,JAMES MORRISON/NELLY FURTADO,70,LW:RE,2,43,2011-08-21,2011,2010,8
29221,LIKE A G6,FAR EAST MOVEMENT/CATARACS/DEV,71,LW:RE,5,26,2011-08-21,2011,2010,8
20258,STAN,EMINEM,72,LW:RE,1,24,2011-08-21,2011,2010,8
18693,SECT SMILE,SEMISONIC,77,LW:RE,12,12,2011-08-21,2011,2010,8
24052,MY IMMORTAL,EVANESCENCE,81,LW:RE,7,12,2011-08-21,2011,2010,8
29851,ME AND YOU,NERO,82,LW:RE,15,16,2011-08-21,2011,2010,8
23625,WHE IS THE LOVE,BLACK EYED PEAS,84,LW:RE,1,23,2011-08-21,2011,2010,8
28700,YOU'VE GOT THE LOVE,FLORENCE & THE MACHINE,91,LW:RE,5,59,2011-08-21,2011,2010,8
22969,IN DA CLUB,50 CENT,94,LW:RE,3,32,2011-08-21,2011,2010,8
19856,CALIFORNICATION,RED HOT CHILI PEPPERS,95,LW:RE,16,6,2011-08-21,2011,2010,8
29216,YOUR SONG,ELLIE GOULDING,47,LW:RE,2,29,2011-08-28,2011,2010,8
29874,TRAKTOR,WRETCH 32 FT L,56,LW:RE,5,16,2011-08-28,2011,2010,8
30134,LIGHTERS,BAD MEETS EVIL FT BRUNO MARS,57,LW:RE,30,10,2011-08-28,2011,2010,8
29994,BLOW,KESHA,68,LW:RE,32,8,2011-08-28,2011,2010,8
30110,YOU AND I,LADY GAGA,70,LW:RE,70,2,2011-08-28,2011,2010,8
30037,UNORTHODOX,WRETCH 32 FT EXAMPLE,79,LW:RE,2,12,2011-08-28,2011,2010,8
29282,WE NO SPEAK AMERICANO,YOLANDA BE COOL VS D CUP,88,LW:RE,1,28,2011-08-28,2011,2010,8
30125,MAN DOWN,RIHANNA,90,LW:RE,54,10,2011-08-28,2011,2010,8
29245,LOVE THE WAY YOU LIE,EMINEM FT RIHANNA,92,LW:RE,2,51,2011-08-28,2011,2010,8
29858,GNADE,BRUNO MARS,99,LW:RE,1,32,2011-08-28,2011,2010,8
29920,ALL OF THE LIGHTS,KANYE WEST FT DRAKE & RIHANNA,59,LW:RE,15,23,2011-09-04,2011,2010,9
30180,THE ADVENTUS OF RAIN DANCE MAGGIE,RED HOT CHILI PEPPERS,69,LW:RE,44,3,2011-09-04,2011,2010,9
29222,WHO'S THAT CHICK,DAVID GUETTA FT RIHANNA,73,LW:RE,6,35,2011-09-04,2011,2010,9
29686,AT LAST,ETTA JAMES,80,LW:RE,69,4,2011-09-04,2011,2010,9
30122,HOW TO LOVE,LIL WAYNE,86,LW:RE,48,3,2011-09-04,2011,2010,9
29485,NEED YOU NOW,LADY ANTEBELLUM,88,LW:RE,21,17,2011-09-04,2011,2010,9
28721,KINGS AND QUEENS,30 SECONDS TO MARS,90,LW:RE,28,19,2011-09-04,2011,2010,9
30067,TURNING TABLES,ADELE,68,LW:RE,62,3,2011-09-11,2011,2010,9
30162,1+1,BEYONCE,71,LW:RE,71,2,2011-09-11,2011,2010,9
28903,WHO'S LOVIN' YOU,JACKSON 5,83,LW:RE,36,4,2011-09-11,2011,2010,9
29268,CLUB CAN'T HANDLE ME,FLO RIDA FT DAVID GUETTA,94,LW:RE,1,27,2011-09-11,2011,2010,9
23862,CANNONBALL,DAMIEN RICE,39,LW:RE,19,13,2011-09-18,2011,2010,9
30258,BOUNCE 'N' BOOM,BOX BOTTOM FT BIG BABBA,46,LW:RE,46,2,2011-09-18,2011,2010,9
29018,INTO DUST,MAZZY STAR,62,LW:RE,62,2,2011-09-18,2011,2010,9
28520,USE SOMEBODY,KINGS OF LEON,74,LW:RE,2,86,2011-09-18,2011,2010,9
18092,CLOSING TIME,SEMISONIC,76,LW:RE,25,9,2011-09-18,2011,2010,9
28741,JUST SAY YES,SNOW PATROL,89,LW:RE,15,11,2011-09-18,2011,2010,9
30269,JOLENE,DOLLY PARTON,100,LW:RE,7,11,2011-09-18,2011,2010,9
22162,A THOUSAND MILES,VANESSA CARLTON,77,LW:RE,6,15,2011-09-25,2011,2010,9
26281,PHOTOGRAPH,NICKELBACK,82,LW:RE,18,23,2011-09-25,2011,2010,9
20357,THE NEXT EPISODE,DR DRE FT SNOOP DOGG,85,LW:RE,3,24,2011-09-25,2011,2010,9
17127,ALL MY LIFE,K-CI & JOJO,89,LW:RE,8,12,2011-09-25,2011,2010,9
17552,IRIS,GOO GOO DOLLS,3,LW:RE,3,55,2011-10-02,2011,2010,10
30183,SEXY AND I KNOW IT,LMFAO,20,LW:RE,20,2,2011-10-02,2011,2010,10
30215,BROKEN STRINGS,JAMES MORRISON/NELLY FURTADO,52,LW:RE,2,47,2011-10-02,2011,2010,10
16731,I DON'T WANT TO MISS A THING,AEROSMITH,54,LW:RE,4,57,2011-10-02,2011,2010,10
29965,SKINNY LOVE,BIRDY,59,LW:RE,17,22,2011-10-02,2011,2010,10
9054,SMELLS LIKE TEEN SPIRIT,NIRVANA,60,LW:RE,7,8,2011-10-02,2011,2010,10
28558,BAKEVEN,SCRIPT,69,LW:RE,21,33,2011-10-02,2011,2010,10
9156,END OF THE ROAD,BOYZ II MEN,79,LW:RE,1,24,2011-10-02,2011,2010,10
30172,SPACE BOUND,EMINEM,80,LW:RE,34,11,2011-10-02,2011,2010,10
14385,IRONIC,ALANIS MORISSETTE,81,LW:RE,11,10,2011-10-02,2011,2010,10
29858,GNADE,BRUNO MARS,83,LW:RE,1,33,2011-10-02,2011,2010,10
28700,YOU'VE GOT THE LOVE,FLORENCE & THE MACHINE,92,LW:RE,5,62,2011-10-02,2011,2010,10
26945,YOU GIVE ME SOMETHING,JAMES MORRISON,93,LW:RE,5,22,2011-10-02,2011,2010,10
26059,SINCE U BEEN GONE,KELLY CLARKSON,100,LW:RE,5,41,2011-10-02,2011,2010,10
29485,NEED YOU NOW,LADY ANTEBELLUM,43,LW:RE,21,19,2011-10-09,2011,2010,10
22037,WHEVER YOU WILL GO,CALLING,57,LW:RE,3,17,2011-10-09,2011,2010,10
30268,LEGO HOUSE,ED SHEERAN,71,LW:RE,71,2,2011-10-09,2011,2010,10
26216,FIX YOU,COLDPLAY,76,LW:RE,4,51,2011-10-09,2011,2010,10
30216,JUST A KISS,LADY ANTEBELLUM,78,LW:RE,78,2,2011-10-09,2011,2010,10
29950,WHO YOU A,JESSIE J,88,LW:RE,40,3,2011-10-09,2011,2010,10
29689,POWER,KANYE WEST,91,LW:RE,36,6,2011-10-09,2011,2010,10
30062,THE GOLDEN AGE,ASTEROIDS GALAXY TOUR,98,LW:RE,70,6,2011-10-09,2011,2010,10
25073,SHE WILL BE LOVED,MAROON 5,45,LW:RE,4,11,2011-10-16,2011,2010,10
23234,BRING ME TO LIFE,EVANESCENCE,53,LW:RE,1,29,2011-10-16,2011,2010,10
29224,FORGET YOU,CEE LO GREEN,60,LW:RE,1,42,2011-10-16,2011,2010,10
29977,SWEAT,SNOOP DOGG,62,LW:RE,4,29,2011-10-16,2011,2010,10
29245,LOVE THE WAY YOU LIE,EMINEM FT RIHANNA,65,LW:RE,2,52,2011-10-16,2011,2010,10
30116,TECHNO FAN,WOMBATS,84,LW:RE,60,4,2011-10-16,2011,2010,10
24052,MY IMMORTAL,EVANESCENCE,89,LW:RE,7,14,2011-10-16,2011,2010,10
30144,DON'T WANNA GO HOME,JASON DERULO,92,LW:RE,1,16,2011-10-16,2011,2010,10
30190,LET ME GO,MAVERICK SABRE,93,LW:RE,16,6,2011-10-16,2011,2010,10
29849,HELLO,MARTIN SOLVEIG & DRAGONETTE,48,LW:RE,13,29,2011-10-23,2011,2010,10
10656,WHAT IS LOVE,HADDAWAY,78,LW:RE,2,16,2011-10-23,2011,2010,10
28938,D,DANIEL MERRIWEATHER,82,LW:RE,5,27,2011-10-23,2011,2010,10
22601,THE SCIENTIST,COLDPLAY,90,LW:RE,10,16,2011-10-23,2011,2010,10
30207,HEADLINES,DRAKE,94,LW:RE,57,3,2011-10-23,2011,2010,10
30266,COUNT ON ME,BRUNO MARS,95,LW:RE,78,5,2011-10-23,2011,2010,10
28679,RUSSIAN ROULETTE,RIHANNA,96,LW:RE,2,22,2011-10-23,2011,2010,10
29950,WHO YOU A,JESSIE J,97,LW:RE,40,4,2011-10-23,2011,2010,10
28385,99 PROBLEMS,JAY-Z,58,LW:RE,35,4,2011-10-30,2011,2010,10
29858,GNADE,BRUNO MARS,63,LW:RE,1,35,2011-10-30,2011,2010,10
29217,ONLY GIRL (IN THE WORLD),RIHANNA,67,LW:RE,1,44,2011-10-30,2011,2010,10
30118,EVERY TEARDROP IS A WATERFALL,COLDPLAY,71,LW:RE,6,16,2011-10-30,2011,2010,10
15072,NO DIGGITY,BLACKSTREET FT DR DRE,77,LW:RE,9,8,2011-10-30,2011,2010,10
929,THRILLER,MICHAEL JACKSON,79,LW:RE,10,46,2011-10-30,2011,2010,10
22040,STOP CRYING YOUR HEART OUT,OASIS,87,LW:RE,2,19,2011-10-30,2011,2010,10
29885,BLIND FAITH,CHASE & STATUS FT LIAM BAILEY,89,LW:RE,5,34,2011-10-30,2011,2010,10
27775,PURPLE RAIN,PRINCE & THE REVOLUTION,100,LW:RE,8,13,2011-10-30,2011,2010,10
29982,ET,KATY PERRY FT KANYE WEST,40,LW:RE,3,21,2011-11-06,2011,2010,11
30198,SWAGGER JAGGER,CHER LLOYD,73,LW:RE,1,12,2011-11-06,2011,2010,11
29965,SKINNY LOVE,BIRDY,88,LW:RE,17,26,2011-11-06,2011,2010,11
12215,ALWAYS,BON JOVI,92,LW:RE,2,23,2011-11-06,2011,2010,11
9365,NOVEMBER RAIN,GUNS N' ROSES,95,LW:RE,4,6,2011-11-06,2011,2010,11
30224,WHAT THE WATER GAVE ME,FLORENCE & THE MACHINE,98,LW:RE,24,5,2011-11-06,2011,2010,11
30061,MR SAXOBEAT,ALEXANDRA STAN,99,LW:RE,3,27,2011-11-06,2011,2010,11
30193,CINEMA,BENNY BENASSI FT GARY GO,100,LW:RE,20,14,2011-11-06,2011,2010,11
30203,WHO'S LAUGHING NOW,JESSIE J,61,LW:RE,16,13,2011-11-13,2011,2010,11
28560,MAKE YOU FEEL MY LOVE,ADELE,74,LW:RE,4,67,2011-11-13,2011,2010,11
30209,DON'T GO,WRETCH 32 FT JOSH KUMRA,80,LW:RE,1,12,2011-11-13,2011,2010,11
17431,SAVE TONIGHT,EAGLE-EYE CHERRY,83,LW:RE,6,14,2011-11-13,2011,2010,11
30189,SHE MAKES ME WANNA,JLS FT DEV,90,LW:RE,1,14,2011-11-13,2011,2010,11
28959,FI,KASABIAN,97,LW:RE,3,31,2011-11-13,2011,2010,11
30053,GUILT,NERO,100,LW:RE,8,19,2011-11-13,2011,2010,11
28334,ONE DAY LIKE THIS,ELBOW,38,LW:RE,35,51,2011-11-20,2011,2010,11
29910,BORN THIS WAY,LADY GAGA,60,LW:RE,3,37,2011-11-20,2011,2010,11
30245,CALLED OUT IN THE DARK,SNOW PATROL,61,LW:RE,11,8,2011-11-20,2011,2010,11
28353,VIVA LA VIDA,COLDPLAY,86,LW:RE,1,62,2011-11-20,2011,2010,11
30239,LOVE ON TOP,BEYONCE,87,LW:RE,75,2,2011-11-20,2011,2010,11
30207,HEADLINES,DRAKE,92,LW:RE,57,5,2011-11-20,2011,2010,11
12556,ALL I WANT FOR CHRISTMAS IS YOU,MARIAH CAREY,100,LW:RE,2,41,2011-11-20,2011,2010,11
15346,DON'T LET GO (LOVE),EN VOGUE,23,LW:RE,5,17,2011-11-27,2011,2010,11
26511,FAIRYTALE OF NEW YORK,POGUES FT KIRSTY MACCOLL,47,LW:RE,2,50,2011-11-27,2011,2010,11
30134,LIGHTERS,BAD MEETS EVIL FT BRUNO MARS,58,LW:RE,10,22,2011-11-27,2011,2010,11
30110,YOU AND I,LADY GAGA,59,LW:RE,23,13,2011-11-27,2011,2010,11
30287,UP,JAMES MORRISON FT JESSIE J,62,LW:RE,62,2,2011-11-27,2011,2010,11
17207,TEARDROP,MASSIVE ATTACK,68,LW:RE,10,11,2011-11-27,2011,2010,11
14695,BAKFAST AT TIFFANY'S,DEEP BLUE SOMETHING,74,LW:RE,1,15,2011-11-27,2011,2010,11
30243,ALL FID UP,SATURDAYS,86,LW:RE,3,10,2011-11-27,2011,2010,11
30228,CHEERS (DRINK TO THAT),RIHANNA,94,LW:RE,15,13,2011-11-27,2011,2010,11
16260,THE DRUGS DON'T WORK,VERVE,95,LW:RE,1,19,2011-11-27,2011,2010,11
30210,HEAVEN,EMELI SANDE,97,LW:RE,2,14,2011-11-27,2011,2010,11
28036,LAST CHRISTMAS,WHAM,55,LW:RE,14,19,2011-12-04,2011,2010,12
28041,I WISH IT COULD BE CHRISTMAS EVERYDAY,WIZZARD,58,LW:RE,16,19,2011-12-04,2011,2010,12
28049,DO THEY KNOW IT'S CHRISTMAS,BAND AID,62,LW:RE,1,41,2011-12-04,2011,2010,12
72,MERRY XMAS EVERYBODY,SLADE,63,LW:RE,1,63,2011-12-04,2011,2010,12
2738,MERRY CHRISTMAS EVERYONE,SHAKIN' STEVENS,72,LW:RE,1,33,2011-12-04,2011,2010,12
30324,HIGHER LOVE,JAMES VINCENT MCMORROW,76,LW:RE,60,5,2011-12-04,2011,2010,12
26963,CHASING CARS,SNOW PATROL,86,LW:RE,6,151,2011-12-04,2011,2010,12
4774,DRIVING HOME FOR CHRISTMAS,CHRIS REA,91,LW:RE,33,22,2011-12-04,2011,2010,12
30247,GO,DELILAH,92,LW:RE,17,12,2011-12-04,2011,2010,12
30309,MISTLETOE,JUSTIN BIEBER,23,LW:RE,21,5,2011-12-11,2011,2010,12
23018,I'M WITH YOU,AVRIL LAVIGNE,58,LW:RE,7,13,2011-12-11,2011,2010,12
28089,ROCKIN' AROUND THE CHRISTMAS TE,BRENDA LEE,62,LW:RE,6,16,2011-12-11,2011,2010,12
7345,HOLD ON,WILSON PHILLIPS,63,LW:RE,63,7,2011-12-11,2011,2010,12
30384,STEP INTO CHRISTMAS,ELTON JOHN,64,LW:RE,24,11,2011-12-11,2011,2010,12
29234,CHRISTMAS LIGHTS,COLDPLAY,66,LW:RE,13,6,2011-12-11,2011,2010,12
28066,LET IT SNOW LET IT SNOW LET IT SNOW,DEAN MARTIN,70,LW:RE,70,4,2011-12-11,2011,2010,12
30158,BEST THING I NEVER HAD,BEYONCE,71,LW:RE,3,21,2011-12-11,2011,2010,12
28060,WONDERFUL CHRISTMASTIME,PAUL MCCARTNEY,72,LW:RE,6,12,2011-12-11,2011,2010,12
27155,IRPLACEABLE,BEYONCE,85,LW:RE,4,33,2011-12-11,2011,2010,12
16743,WHITE CHRISTMAS,BING CROSBY,92,LW:RE,5,17,2011-12-11,2011,2010,12
28054,HAPPY XMAS (WAR IS OVER),JOHN & YOKO/PLASTIC ONO BAND,96,LW:RE,40,14,2011-12-11,2011,2010,12
28081,SANTA BABY,KYLIE MINOGUE,100,LW:RE,76,3,2011-12-11,2011,2010,12
23862,CANNONBALL,DAMIEN RICE,19,LW:RE,9,17,2011-12-18,2011,2010,12
26216,FIX YOU,COLDPLAY,63,LW:RE,4,56,2011-12-18,2011,2010,12
30118,EVERY TEARDROP IS A WATERFALL,COLDPLAY,68,LW:RE,6,21,2011-12-18,2011,2010,12
28330,HURT,JOHNNY CASH,70,LW:RE,39,8,2011-12-18,2011,2010,12
28353,VIVA LA VIDA,COLDPLAY,81,LW:RE,1,63,2011-12-18,2011,2010,12
30189,SHE MAKES ME WANNA,JLS FT DEV,82,LW:RE,1,17,2011-12-18,2011,2010,12
29998,I NEED A DOLLAR,ALOE BLACC,83,LW:RE,2,33,2011-12-18,2011,2010,12
12530,STAY ANOTHER DAY,EAST 17,96,LW:RE,1,27,2011-12-18,2011,2010,12
9054,SMELLS LIKE TEEN SPIRIT,NIRVANA,11,LW:RE,7,13,2011-12-25,2011,2010,12
26963,CHASING CARS,SNOW PATROL,74,LW:RE,6,152,2011-12-25,2011,2010,12
30223,PARTY ALL NIGHT (SLEEP ALL DAY),SEAN KINGSTON,79,LW:RE,9,10,2011-12-25,2011,2010,12
30158,BEST THING I NEVER HAD,BEYONCE,80,LW:RE,3,22,2011-12-25,2011,2010,12
28076,STOP THE CAVALRY,JONA LEWIE,86,LW:RE,3,14,2011-12-25,2011,2010,12
29910,BORN THIS WAY,LADY GAGA,90,LW:RE,3,40,2011-12-25,2011,2010,12
30336,I NEED,MAVERICK SABRE,91,LW:RE,18,5,2011-12-25,2011,2010,12
30315,WHEN I WAS A YOUNGSTER,RIZZLE KICKS,40,LW:RE,8,7,2012-01-01,2012,2010,1
30035,THE LAZY SONG,BRUNO MARS,53,LW:RE,1,32,2012-01-01,2012,2010,1
30233,YOU NEED ME I DON'T NEED YOU,ED SHEERAN,61,LW:RE,4,15,2012-01-01,2012,2010,1
30175,GLAD YOU CAME,WANTED,64,LW:RE,1,20,2012-01-01,2012,2010,1
29858,GNADE,BRUNO MARS,65,LW:RE,1,38,2012-01-01,2012,2010,1
30325,WITH UR LOVE,CHER LLOYD FT MIKE POSNER,70,LW:RE,4,8,2012-01-01,2012,2010,1
29999,ON THE FLOOR,JENNIFER LOPEZ FT PITBULL,71,LW:RE,1,30,2012-01-01,2012,2010,1
30220,FEEL SO CLOSE,CALVIN HARRIS,73,LW:RE,2,16,2012-01-01,2012,2010,1
29227,JUST THE WAY YOU A (AMAZING),BRUNO MARS,74,LW:RE,1,62,2012-01-01,2012,2010,1
30243,ALL FID UP,SATURDAYS,75,LW:RE,3,11,2012-01-01,2012,2010,1
30203,WHO'S LAUGHING NOW,JESSIE J,77,LW:RE,16,16,2012-01-01,2012,2010,1
28963,HEAVY CROSS,GOSSIP,79,LW:RE,37,6,2012-01-01,2012,2010,1
30117,CHANGED THE WAY YOU KISS ME,EXAMPLE,80,LW:RE,1,24,2012-01-01,2012,2010,1
30041,GIVE ME EVERYTHING,PITBULL/NE-YO/AFROJACK/NAYER,81,LW:RE,1,32,2012-01-01,2012,2010,1
30118,EVERY TEARDROP IS A WATERFALL,COLDPLAY,83,LW:RE,6,22,2012-01-01,2012,2010,1
29219,FIWORK,KATY PERRY,84,LW:RE,3,58,2012-01-01,2012,2010,1
30303,COUNTDOWN,BEYONCE,85,LW:RE,35,10,2012-01-01,2012,2010,1
29280,S&M,RIHANNA,86,LW:RE,3,40,2012-01-01,2012,2010,1
30281,LOCA PEOPLE,SAK NOEL,87,LW:RE,1,11,2012-01-01,2012,2010,1
17552,IRIS,GOO GOO DOLLS,88,LW:RE,3,67,2012-01-01,2012,2010,1
30189,SHE MAKES ME WANNA,JLS FT DEV,90,LW:RE,1,18,2012-01-01,2012,2010,1
30133,LAST FRIDAY NIGHT (T.G.I.F.),KATY PERRY,95,LW:RE,9,23,2012-01-01,2012,2010,1
29756,WONDERMAN,TINIE TEMPAH FT ELLIE GOULDING,96,LW:RE,12,21,2012-01-01,2012,2010,1
30166,LOUDER,DJ FRESH FT SIAN EVANS,97,LW:RE,1,17,2012-01-01,2012,2010,1
30013,BEAUTIFUL PEOPLE,CHRIS BROWN FT BENNY BENASSI,99,LW:RE,4,34,2012-01-01,2012,2010,1
30271,IT GIRL,JASON DERULO,100,LW:RE,4,12,2012-01-01,2012,2010,1
29979,IF YOU WANNA,VACCINES,58,LW:RE,53,7,2012-01-08,2012,2010,1
30202,TITANIUM,DAVID GUETTA FT SIA,61,LW:RE,16,5,2012-01-08,2012,2010,1
30207,HEADLINES,DRAKE,68,LW:RE,57,6,2012-01-08,2012,2010,1
30210,HEAVEN,EMELI SANDE,69,LW:RE,2,15,2012-01-08,2012,2010,1
29998,I NEED A DOLLAR,ALOE BLACC,74,LW:RE,2,34,2012-01-08,2012,2010,1
28560,MAKE YOU FEEL MY LOVE,ADELE,76,LW:RE,4,69,2012-01-08,2012,2010,1
30398,YOUNG WILD FE,SNOOP DOGG/WIZ KHALIFA/BRUNO,77,LW:RE,77,2,2012-01-08,2012,2010,1
30116,TECHNO FAN,WOMBATS,92,LW:RE,60,6,2012-01-08,2012,2010,1
30376,RUMOUR HAS IT,ADELE,98,LW:RE,85,3,2012-01-08,2012,2010,1
30193,CINEMA,BENNY BENASSI FT GARY GO,100,LW:RE,20,15,2012-01-08,2012,2010,1
29965,SKINNY LOVE,BIRDY,25,LW:RE,17,29,2012-01-15,2012,2010,1
30013,BEAUTIFUL PEOPLE,CHRIS BROWN FT BENNY BENASSI,60,LW:RE,4,35,2012-01-15,2012,2010,1
29920,ALL OF THE LIGHTS,KANYE WEST FT DRAKE & RIHANNA,64,LW:RE,15,25,2012-01-15,2012,2010,1
22679,LOSE YOURSELF,EMINEM,65,LW:RE,1,42,2012-01-15,2012,2010,1
30130,BOUNCE,CALVIN HARRIS FT KELIS,66,LW:RE,2,23,2012-01-15,2012,2010,1
28737,SWEET DISPOSITION,TEMPER TRAP,68,LW:RE,6,56,2012-01-15,2012,2010,1
29982,ET,KATY PERRY FT KANYE WEST,69,LW:RE,3,24,2012-01-15,2012,2010,1
26252,GOLD DIGGER,KANYE WEST FT JAMIE FOXX,73,LW:RE,2,61,2012-01-15,2012,2010,1
29899,TONIGHT (I'M F**KIN' YOU),ENRIQUE IGLESIAS FT LUDACRIS,82,LW:RE,5,24,2012-01-15,2012,2010,1
30189,SHE MAKES ME WANNA,JLS FT DEV,83,LW:RE,1,19,2012-01-15,2012,2010,1
30389,LONELY BOY,BLACK KEYS,86,LW:RE,86,2,2012-01-15,2012,2010,1
30285,PAPI,JENNIFER LOPEZ,88,LW:RE,67,3,2012-01-15,2012,2010,1
30038,RUN THE WORLD (GIRLS),BEYONCE,89,LW:RE,11,18,2012-01-15,2012,2010,1
30255,AKA WHAT A LIFE,NOEL GALLAGHER'S HIGH FLYING,93,LW:RE,20,13,2012-01-15,2012,2010,1
27981,DON'T STOP BELIEVIN',JOURNEY,96,LW:RE,6,90,2012-01-15,2012,2010,1
29686,AT LAST,ETTA JAMES,39,LW:RE,39,5,2012-01-22,2012,2010,1
30399,INTERNET FRIENDS,KNIFE PARTY,83,LW:RE,83,2,2012-01-22,2012,2010,1
30375,LAY IT ON ME,KELLY ROWLAND FT BIG SEAN,90,LW:RE,81,2,2012-01-22,2012,2010,1
30259,DRUNK,ED SHEERAN,92,LW:RE,63,3,2012-01-22,2012,2010,1
26107,BAD DAY,DANIEL POWTER,95,LW:RE,2,46,2012-01-22,2012,2010,1
26941,UNFAITHFUL,RIHANNA,99,LW:RE,2,30,2012-01-22,2012,2010,1
30272,I WON'T LET YOU GO,JAMES MORRISON,42,LW:RE,5,14,2012-01-29,2012,2010,1
30238,FLY,NICKI MINAJ FT RIHANNA,61,LW:RE,16,13,2012-01-29,2012,2010,1
29243,WRITTEN IN THE STARS,TINIE TEMPAH FT ERIC TURNER,71,LW:RE,1,34,2012-01-29,2012,2010,1
30234,LICK YA DOWN,COVER DRIVE,80,LW:RE,9,7,2012-01-29,2012,2010,1
27830,AYO TECHNOLOGY,50 CENT/TIMBERLAKE/TIMBALAND,81,LW:RE,2,32,2012-01-29,2012,2010,1
17127,ALL MY LIFE,K-CI & JOJO,84,LW:RE,8,13,2012-01-29,2012,2010,1
24075,MAD WORLD,MICHAEL ANDREWS FT GARY JULES,88,LW:RE,1,25,2012-01-29,2012,2010,1
15471,DON'T SPEAK,NO DOUBT,89,LW:RE,1,19,2012-01-29,2012,2010,1
8021,WICKED GAME,CHRIS ISAAK,95,LW:RE,10,13,2012-01-29,2012,2010,1
23625,WHE IS THE LOVE,BLACK EYED PEAS,98,LW:RE,1,24,2012-01-29,2012,2010,1
30235,TURN ME ON,DAVID GUETTA FT NICKI MINAJ,33,LW:RE,20,5,2012-02-05,2012,2010,2
30362,NOTHING'S AL BUT LOVE,REBECCA FERGUSON,67,LW:RE,10,8,2012-02-05,2012,2010,2
30388,MIRROR,LIL WAYNE FT BRUNO MARS,68,LW:RE,68,2,2012-02-05,2012,2010,2
14132,I GOT 5 ON IT,LUNIZ,70,LW:RE,3,14,2012-02-05,2012,2010,2
23818,TURN ME ON,KEVIN LYTTLE,77,LW:RE,2,20,2012-02-05,2012,2010,2
30166,LOUDER,DJ FRESH FT SIAN EVANS,97,LW:RE,1,18,2012-02-05,2012,2010,2
30190,LET ME GO,MAVERICK SABRE,39,LW:RE,16,7,2012-02-12,2012,2010,2
30336,I NEED,MAVERICK SABRE,46,LW:RE,18,8,2012-02-12,2012,2010,2
30305,LIGHTNING,WANTED,67,LW:RE,2,16,2012-02-12,2012,2010,2
30324,HIGHER LOVE,JAMES VINCENT MCMORROW,72,LW:RE,21,13,2012-02-12,2012,2010,2
30283,CRUSH ON YOU,NERO,83,LW:RE,32,8,2012-02-12,2012,2010,2
30036,TIME,CHASE & STATUS FT DELILAH,85,LW:RE,21,15,2012-02-12,2012,2010,2
30396,CHARLIE BROWN,COLDPLAY,86,LW:RE,55,2,2012-02-12,2012,2010,2
30389,LONELY BOY,BLACK KEYS,92,LW:RE,80,5,2012-02-12,2012,2010,2
30221,JEALOUSY,WILL YOUNG,93,LW:RE,5,24,2012-02-12,2012,2010,2
4197,ALONE,HEART,94,LW:RE,3,19,2012-02-12,2012,2010,2
26963,CHASING CARS,SNOW PATROL,96,LW:RE,6,156,2012-02-12,2012,2010,2
30220,FEEL SO CLOSE,CALVIN HARRIS,97,LW:RE,2,19,2012-02-12,2012,2010,2
9135,I WILL ALWAYS LOVE YOU,WHITNEY HOUSTON,14,LW:RE,1,30,2012-02-19,2012,2010,2
30458,I WANNA DANCE WITH SOMEBODY,WHITNEY HOUSTON,20,LW:RE,1,17,2012-02-19,2012,2010,2
5546,ONE MOMENT IN TIME,WHITNEY HOUSTON,40,LW:RE,1,15,2012-02-19,2012,2010,2
18661,MY LOVE IS YOUR LOVE,WHITNEY HOUSTON,42,LW:RE,2,13,2012-02-19,2012,2010,2
10533,I HAVE NOTHING,WHITNEY HOUSTON,44,LW:RE,3,11,2012-02-19,2012,2010,2
2829,HOW WILL I KNOW,WHITNEY HOUSTON,56,LW:RE,5,13,2012-02-19,2012,2010,2
3020,THE GATEST LOVE OF ALL,WHITNEY HOUSTON,58,LW:RE,8,13,2012-02-19,2012,2010,2
2683,SAVING ALL MY LOVE FOR YOU,WHITNEY HOUSTON,59,LW:RE,1,19,2012-02-19,2012,2010,2
18252,IT'S NOT RIGHT BUT IT'S OKAY,WHITNEY HOUSTON,61,LW:RE,3,18,2012-02-19,2012,2010,2
28724,MILLION DOLLAR BILL,WHITNEY HOUSTON,62,LW:RE,5,16,2012-02-19,2012,2010,2
10829,RUN TO YOU,WHITNEY HOUSTON,67,LW:RE,15,7,2012-02-19,2012,2010,2
4965,WHE DO BROKEN HEARTS GO,WHITNEY HOUSTON,74,LW:RE,14,9,2012-02-19,2012,2010,2
29227,JUST THE WAY YOU A (AMAZING),BRUNO MARS,83,LW:RE,1,63,2012-02-19,2012,2010,2
28560,MAKE YOU FEEL MY LOVE,ADELE,88,LW:RE,4,70,2012-02-19,2012,2010,2
4404,DIDN'T WE ALMOST HAVE IT ALL,WHITNEY HOUSTON,92,LW:RE,14,9,2012-02-19,2012,2010,2
30396,CHARLIE BROWN,COLDPLAY,30,LW:RE,30,3,2012-02-26,2012,2010,2
30255,AKA WHAT A LIFE,NOEL GALLAGHER'S HIGH FLYING,47,LW:RE,20,14,2012-02-26,2012,2010,2
30432,NO LIGHT NO LIGHT,FLORENCE & THE MACHINE,50,LW:RE,50,5,2012-02-26,2012,2010,2
15681,SONG 2,BLUR,64,LW:RE,2,7,2012-02-26,2012,2010,2
30166,LOUDER,DJ FRESH FT SIAN EVANS,69,LW:RE,1,19,2012-02-26,2012,2010,2
26252,GOLD DIGGER,KANYE WEST FT JAMIE FOXX,71,LW:RE,2,63,2012-02-26,2012,2010,2
29998,I NEED A DOLLAR,ALOE BLACC,72,LW:RE,2,38,2012-02-26,2012,2010,2
12116,PARKLIFE,BLUR,74,LW:RE,10,8,2012-02-26,2012,2010,2
15969,BITTER SWEET SYMPHONY,VERVE,75,LW:RE,2,51,2012-02-26,2012,2010,2
30233,YOU NEED ME I DON'T NEED YOU,ED SHEERAN,77,LW:RE,4,17,2012-02-26,2012,2010,2
7345,HOLD ON,WILSON PHILLIPS,80,LW:RE,63,8,2012-02-26,2012,2010,2
30218,THE WOLVES,BEN HOWARD,83,LW:RE,83,2,2012-02-26,2012,2010,2
11470,GIRLS AND BOYS,BLUR,88,LW:RE,5,8,2012-02-26,2012,2010,2
30242,ALL ABOUT TONIGHT,PIXIE LOTT,96,LW:RE,1,24,2012-02-26,2012,2010,2
30175,GLAD YOU CAME,WANTED,98,LW:RE,1,22,2012-02-26,2012,2010,2
30376,RUMOUR HAS IT,ADELE,99,LW:RE,85,4,2012-02-26,2012,2010,2
30418,212,AZEALIA BANKS FT LAZY JAY,67,LW:RE,67,2,2012-03-04,2012,2010,3
30363,TALK THAT TALK,RIHANNA FT JAY-Z,75,LW:RE,25,3,2012-03-04,2012,2010,3
24321,SOMEWHE ONLY WE KNOW,KEANE,86,LW:RE,3,16,2012-03-04,2012,2010,3
23234,BRING ME TO LIFE,EVANESCENCE,87,LW:RE,1,34,2012-03-04,2012,2010,3
29999,ON THE FLOOR,JENNIFER LOPEZ FT PITBULL,88,LW:RE,1,32,2012-03-04,2012,2010,3
28606,HUMAN,KILLERS,90,LW:RE,3,53,2012-03-04,2012,2010,3
30478,I'M A BELIEVER,MONKEES,94,LW:RE,1,18,2012-03-04,2012,2010,3
28802,HALO,BEYONCE,97,LW:RE,4,44,2012-03-04,2012,2010,3
5232,FAST CAR,TRACY CHAPMAN,77,LW:RE,4,35,2012-03-11,2012,2010,3
30041,GIVE ME EVERYTHING,PITBULL/NE-YO/AFROJACK/NAYER,78,LW:RE,1,38,2012-03-11,2012,2010,3
23140,7 NATION ARMY,WHITE STRIPES,81,LW:RE,7,7,2012-03-11,2012,2010,3
30013,BEAUTIFUL PEOPLE,CHRIS BROWN FT BENNY BENASSI,90,LW:RE,4,39,2012-03-11,2012,2010,3
29219,FIWORK,KATY PERRY,92,LW:RE,3,59,2012-03-11,2012,2010,3
29570,WAKA WAKA (THIS TIME FOR AFRICA),SHAKIRA FT FRESHLYGROUND,97,LW:RE,21,31,2012-03-11,2012,2010,3
30454,THE MOTTO,DRAKE FT LIL WAYNE,99,LW:RE,92,4,2012-03-11,2012,2010,3
17552,IRIS,GOO GOO DOLLS,100,LW:RE,3,75,2012-03-11,2012,2010,3
30414,HOME AGAIN,MICHAEL KIWANUKA,62,LW:RE,29,6,2012-03-18,2012,2010,3
28878,I'M NOT ALONE,CALVIN HARRIS,69,LW:RE,1,26,2012-03-18,2012,2010,3
3530,LIVIN' ON A PRAYER,BON JOVI,73,LW:RE,4,33,2012-03-18,2012,2010,3
28700,YOU'VE GOT THE LOVE,FLORENCE & THE MACHINE,75,LW:RE,5,63,2012-03-18,2012,2010,3
28528,HOT N COLD,KATY PERRY,79,LW:RE,4,41,2012-03-18,2012,2010,3
29998,I NEED A DOLLAR,ALOE BLACC,89,LW:RE,2,40,2012-03-18,2012,2010,3
30220,FEEL SO CLOSE,CALVIN HARRIS,93,LW:RE,2,20,2012-03-18,2012,2010,3
30215,BROKEN STRINGS,JAMES MORRISON/NELLY FURTADO,94,LW:RE,2,50,2012-03-18,2012,2010,3
30160,END OF TIME,BEYONCE,58,LW:RE,58,2,2012-03-25,2012,2010,3
29979,IF YOU WANNA,VACCINES,83,LW:RE,53,9,2012-03-25,2012,2010,3
29898,PRICE TAG,JESSIE J FT BOB,87,LW:RE,1,59,2012-03-25,2012,2010,3
26963,CHASING CARS,SNOW PATROL,90,LW:RE,6,157,2012-03-25,2012,2010,3
23214,GET BUSY,SEAN PAUL,96,LW:RE,4,8,2012-03-25,2012,2010,3
20943,DROPS OF JUPITER (TELL ME),TRAIN,53,LW:RE,10,10,2012-04-01,2012,2010,4
28424,THE MAN WHO CAN'T BE MOVED,SCRIPT,61,LW:RE,2,46,2012-04-01,2012,2010,4
30447,GIVE ME ALL YOUR LUVIN',MADONNA/NICKI MINAJ/MIA,71,LW:RE,37,4,2012-04-01,2012,2010,4
30215,BROKEN STRINGS,JAMES MORRISON/NELLY FURTADO,86,LW:RE,2,51,2012-04-01,2012,2010,4
28637,I'M YOURS,JASON MRAZ,87,LW:RE,11,85,2012-04-01,2012,2010,4
30154,DOWN WITH THE TRUMPETS,RIZZLE KICKS,91,LW:RE,8,38,2012-04-01,2012,2010,4
28558,BAKEVEN,SCRIPT,95,LW:RE,21,34,2012-04-01,2012,2010,4
20397,TEENAGE DIRTBAG,WHEATUS,41,LW:RE,2,26,2012-04-08,2012,2010,4
28492,SEX ON FI,KINGS OF LEON,57,LW:RE,1,119,2012-04-08,2012,2010,4
23625,WHE IS THE LOVE,BLACK EYED PEAS,75,LW:RE,1,26,2012-04-08,2012,2010,4
27928,SUPERSTITION,STEVIE WONDER,80,LW:RE,11,19,2012-04-08,2012,2010,4
30308,GOT 2 LUV U,SEAN PAUL FT ALEXIS JORDAN,89,LW:RE,11,9,2012-04-08,2012,2010,4
28560,MAKE YOU FEEL MY LOVE,ADELE,91,LW:RE,4,72,2012-04-08,2012,2010,4
30218,THE WOLVES,BEN HOWARD,93,LW:RE,70,5,2012-04-08,2012,2010,4
30419,KISS THE STARS,PIXIE LOTT,95,LW:RE,8,12,2012-04-08,2012,2010,4
26691,NAIVE,KOOKS,100,LW:RE,5,46,2012-04-08,2012,2010,4
25986,ORDINARY PEOPLE,JOHN LEGEND,27,LW:RE,27,11,2012-04-15,2012,2010,4
29809,HE COMES THE SUN,BEATLES,58,LW:RE,58,3,2012-04-15,2012,2010,4
30486,GO YOUR OWN WAY,LISSIE,77,LW:RE,54,5,2012-04-15,2012,2010,4
29965,SKINNY LOVE,BIRDY,85,LW:RE,17,36,2012-04-15,2012,2010,4
27775,PURPLE RAIN,PRINCE & THE REVOLUTION,91,LW:RE,8,14,2012-04-15,2012,2010,4
14695,BAKFAST AT TIFFANY'S,DEEP BLUE SOMETHING,93,LW:RE,1,17,2012-04-15,2012,2010,4
21579,THE WORLD'S GATEST,R KELLY,97,LW:RE,4,13,2012-04-15,2012,2010,4
27347,HOW TO SAVE A LIFE,FRAY,42,LW:RE,4,54,2012-04-22,2012,2010,4
16731,I DON'T WANT TO MISS A THING,AEROSMITH,54,LW:RE,4,58,2012-04-22,2012,2010,4
28693,I GOTTA FEELING,BLACK EYED PEAS,58,LW:RE,1,106,2012-04-22,2012,2010,4
28520,USE SOMEBODY,KINGS OF LEON,60,LW:RE,2,87,2012-04-22,2012,2010,4
6779,THIS WOMAN'S WORK,KATE BUSH,63,LW:RE,25,7,2012-04-22,2012,2010,4
16917,MY HEART WILL GO ON,CELINE DION,76,LW:RE,1,22,2012-04-22,2012,2010,4
28385,99 PROBLEMS,JAY-Z,82,LW:RE,35,7,2012-04-22,2012,2010,4
29570,WAKA WAKA (THIS TIME FOR AFRICA),SHAKIRA FT FRESHLYGROUND,86,LW:RE,21,32,2012-04-22,2012,2010,4
11958,KISS FROM A ROSE,SEAL,87,LW:RE,4,23,2012-04-22,2012,2010,4
27605,PAINT IT BLACK,ROLLING STONES,88,LW:RE,70,10,2012-04-22,2012,2010,4
30174,SON OF A PACHER MAN,DUSTY SPRINGFIELD,91,LW:RE,87,2,2012-04-22,2012,2010,4
27858,VALERIE,MARK RONSON FT AMY WINEHOUSE,98,LW:RE,2,50,2012-04-22,2012,2010,4
19475,AMAZED,LONESTAR,99,LW:RE,21,25,2012-04-22,2012,2010,4
25642,DAKOTA,STEREOPHONICS,29,LW:RE,1,34,2012-04-29,2012,2010,4
29250,TURN MY SWAG ON,ALEXA GODDARD,42,LW:RE,20,9,2012-04-29,2012,2010,4
4006,WITH OR WITHOUT YOU,U2,43,LW:RE,4,24,2012-04-29,2012,2010,4
28449,BEGGIN',MADCON,55,LW:RE,5,44,2012-04-29,2012,2010,4
28330,HURT,JOHNNY CASH,59,LW:RE,39,9,2012-04-29,2012,2010,4
14385,IRONIC,ALANIS MORISSETTE,66,LW:RE,11,11,2012-04-29,2012,2010,4
28606,HUMAN,KILLERS,76,LW:RE,3,54,2012-04-29,2012,2010,4
3422,TRUE COLORS,CYNDI LAUPER,79,LW:RE,12,15,2012-04-29,2012,2010,4
30486,GO YOUR OWN WAY,LISSIE,83,LW:RE,54,6,2012-04-29,2012,2010,4
30215,BROKEN STRINGS,JAMES MORRISON/NELLY FURTADO,84,LW:RE,2,52,2012-04-29,2012,2010,4
29219,FIWORK,KATY PERRY,86,LW:RE,3,63,2012-04-29,2012,2010,4
30075,THE EDGE OF GLORY,LADY GAGA,88,LW:RE,6,41,2012-04-29,2012,2010,4
4820,HUNGRY EYES,ERIC CARMEN,89,LW:RE,82,11,2012-04-29,2012,2010,4
20357,THE NEXT EPISODE,DR DRE FT SNOOP DOGG,95,LW:RE,3,25,2012-04-29,2012,2010,4
30555,FRIDAY I'M IN LOVE,CURE,97,LW:RE,6,8,2012-04-29,2012,2010,4
30466,BANGARANG,SKRILLEX FT SIRAH,98,LW:RE,74,8,2012-04-29,2012,2010,4
30365,WHE HAVE YOU BEEN,RIHANNA,21,LW:RE,21,3,2012-05-06,2012,2010,5
30324,HIGHER LOVE,JAMES VINCENT MCMORROW,37,LW:RE,21,15,2012-05-06,2012,2010,5
29466,HEY SOUL SISTER,TRAIN,38,LW:RE,18,38,2012-05-06,2012,2010,5
28637,I'M YOURS,JASON MRAZ,42,LW:RE,11,87,2012-05-06,2012,2010,5
27362,LISTEN,BEYONCE,44,LW:RE,8,20,2012-05-06,2012,2010,5
24702,MR BRIGHTSIDE,KILLERS,48,LW:RE,10,85,2012-05-06,2012,2010,5
28737,SWEET DISPOSITION,TEMPER TRAP,53,LW:RE,6,57,2012-05-06,2012,2010,5
29436,SHE SAID,PLAN B,57,LW:RE,3,42,2012-05-06,2012,2010,5
27155,IRPLACEABLE,BEYONCE,58,LW:RE,4,34,2012-05-06,2012,2010,5
29171,GO YOUR OWN WAY,FLEETWOOD MAC,65,LW:RE,38,7,2012-05-06,2012,2010,5
23625,WHE IS THE LOVE,BLACK EYED PEAS,79,LW:RE,1,29,2012-05-06,2012,2010,5
30293,SHAKE IT OUT,FLORENCE & THE MACHINE,81,LW:RE,12,29,2012-05-06,2012,2010,5
20069,BEAUTIFUL DAY,U2,86,LW:RE,1,21,2012-05-06,2012,2010,5
10970,CEP,RADIOHEAD,90,LW:RE,7,21,2012-05-06,2012,2010,5
30190,LET ME GO,MAVERICK SABRE,93,LW:RE,16,10,2012-05-06,2012,2010,5
8158,GET HE,OLETA ADAMS,97,LW:RE,4,13,2012-05-06,2012,2010,5
29343,HOLLYWOOD,MARINA & THE DIAMONDS,100,LW:RE,12,15,2012-05-06,2012,2010,5
17552,IRIS,GOO GOO DOLLS,44,LW:RE,3,76,2012-05-13,2012,2010,5
30549,SILENCED BY THE NIGHT,KEANE,46,LW:RE,46,2,2012-05-13,2012,2010,5
2448,RUNNING UP THAT HILL,KATE BUSH,51,LW:RE,3,12,2012-05-13,2012,2010,5
6743,FE FALLIN',TOM PETTY,59,LW:RE,59,5,2012-05-13,2012,2010,5
30319,PRINCESS OF CHINA,COLDPLAY & RIHANNA,61,LW:RE,33,3,2012-05-13,2012,2010,5
30231,HUSH LITTLE BABY,WRETCH 32 FT ED SHEERAN,95,LW:RE,87,2,2012-05-13,2012,2010,5
30307,VIDEO GAMES,LANA DEL REY,62,LW:RE,9,30,2012-05-20,2012,2010,5
9391,UNDER THE BRIDGE,RED HOT CHILI PEPPERS,68,LW:RE,13,17,2012-05-20,2012,2010,5
14385,IRONIC,ALANIS MORISSETTE,74,LW:RE,11,12,2012-05-20,2012,2010,5
17207,TEARDROP,MASSIVE ATTACK,80,LW:RE,10,13,2012-05-20,2012,2010,5
26030,I DON'T WANT TO BE,GAVIN DEGRAW,82,LW:RE,38,5,2012-05-20,2012,2010,5
28207,AMERICAN BOY,ESTELLE FT KANYE WEST,86,LW:RE,1,44,2012-05-20,2012,2010,5
20814,THE YOU'LL BE,FAITH HILL,92,LW:RE,3,22,2012-05-20,2012,2010,5
28286,SUMMERTIME,DJ JAZZY JEFF & FRESH PRINCE,50,LW:RE,8,15,2012-05-27,2012,2010,5
25073,SHE WILL BE LOVED,MAROON 5,67,LW:RE,4,14,2012-05-27,2012,2010,5
26640,BETTER TOGETHER,JACK JOHNSON,70,LW:RE,24,6,2012-05-27,2012,2010,5
23140,7 NATION ARMY,WHITE STRIPES,71,LW:RE,7,9,2012-05-27,2012,2010,5
30293,SHAKE IT OUT,FLORENCE & THE MACHINE,83,LW:RE,12,31,2012-05-27,2012,2010,5
30589,110 PERCENT,JESSIE WARE,61,LW:RE,61,2,2012-06-03,2012,2010,6
30396,CHARLIE BROWN,COLDPLAY,73,LW:RE,22,11,2012-06-03,2012,2010,6
30517,WIDE AWAKE,KATY PERRY,74,LW:RE,69,2,2012-06-03,2012,2010,6
21964,GOD SAVE THE QUEEN,SEX PISTOLS,80,LW:RE,2,14,2012-06-03,2012,2010,6
1030,EYE OF THE TIGER,SURVIVOR,81,LW:RE,1,29,2012-06-03,2012,2010,6
29171,GO YOUR OWN WAY,FLEETWOOD MAC,88,LW:RE,38,8,2012-06-03,2012,2010,6
30548,BURN IT DOWN,LINKIN PARK,91,LW:RE,27,4,2012-06-03,2012,2010,6
29898,PRICE TAG,JESSIE J FT BOB,96,LW:RE,1,68,2012-06-03,2012,2010,6
29485,NEED YOU NOW,LADY ANTEBELLUM,22,LW:RE,21,21,2012-06-10,2012,2010,6
30131,THE A TEAM,ED SHEERAN,46,LW:RE,3,48,2012-06-10,2012,2010,6
27928,SUPERSTITION,STEVIE WONDER,52,LW:RE,11,20,2012-06-10,2012,2010,6
28558,BAKEVEN,SCRIPT,73,LW:RE,21,41,2012-06-10,2012,2010,6
28693,I GOTTA FEELING,BLACK EYED PEAS,78,LW:RE,1,109,2012-06-10,2012,2010,6
30629,IT MUST BE LOVE,MADNESS,81,LW:RE,4,13,2012-06-10,2012,2010,6
30313,AD ALL ABOUT IT,PROFESSOR GREEN FT EMELI SANDE,82,LW:RE,1,21,2012-06-10,2012,2010,6
23625,WHE IS THE LOVE,BLACK EYED PEAS,89,LW:RE,1,32,2012-06-10,2012,2010,6
5,OUR HOUSE,MADNESS,92,LW:RE,5,14,2012-06-10,2012,2010,6
30512,ILL MANORS,PLAN B,95,LW:RE,6,9,2012-06-10,2012,2010,6
29581,ALL THE LOVERS,KYLIE MINOGUE,97,LW:RE,3,19,2012-06-10,2012,2010,6
30293,SHAKE IT OUT,FLORENCE & THE MACHINE,49,LW:RE,12,33,2012-06-17,2012,2010,6
30532,CLIMAX,USHER,62,LW:RE,4,9,2012-06-17,2012,2010,6
30255,AKA WHAT A LIFE,NOEL GALLAGHER'S HIGH FLYING,72,LW:RE,20,17,2012-06-17,2012,2010,6
21996,3 LIONS,BADDIEL/SKINNER/LIGHTNING SEED,77,LW:RE,1,37,2012-06-17,2012,2010,6
1030,EYE OF THE TIGER,SURVIVOR,87,LW:RE,1,30,2012-06-17,2012,2010,6
30360,LEVELS,AVICII,91,LW:RE,4,29,2012-06-17,2012,2010,6
30343,GOOD FEELING,FLO RIDA,93,LW:RE,1,30,2012-06-17,2012,2010,6
29247,DYNAMITE,TAIO CRUZ,95,LW:RE,1,37,2012-06-17,2012,2010,6
30526,POUND THE ALARM,NICKI MINAJ,61,LW:RE,61,2,2012-06-24,2012,2010,6
30055,DIRTY TALK,WYNTER GORDON,63,LW:RE,25,20,2012-06-24,2012,2010,6
28145,LOW,FLO RIDA FT T-PAIN,66,LW:RE,2,76,2012-06-24,2012,2010,6
30318,RUNAWAY BABY,BRUNO MARS,69,LW:RE,19,5,2012-06-24,2012,2010,6
7345,HOLD ON,WILSON PHILLIPS,72,LW:RE,63,9,2012-06-24,2012,2010,6
27504,WHAT I'VE DONE,LINKIN PARK,76,LW:RE,6,31,2012-06-24,2012,2010,6
10970,CEP,RADIOHEAD,77,LW:RE,7,23,2012-06-24,2012,2010,6
28826,RIGHT ROUND,FLO RIDA FT KESHA,94,LW:RE,1,25,2012-06-24,2012,2010,6
30651,EVER FALLEN IN LOVE,BUZZCOCKS,98,LW:RE,12,12,2012-06-24,2012,2010,6
30548,BURN IT DOWN,LINKIN PARK,53,LW:RE,27,5,2012-07-01,2012,2010,7
28385,99 PROBLEMS,JAY-Z,58,LW:RE,35,9,2012-07-01,2012,2010,7
30657,THE VELDT,DEADMAU5 FT CHRIS JAMES,69,LW:RE,68,2,2012-07-01,2012,2010,7
30195,OTIS,JAY-Z/KANYE WEST/OTIS REDDING,76,LW:RE,28,14,2012-07-01,2012,2010,7
30512,ILL MANORS,PLAN B,80,LW:RE,6,11,2012-07-01,2012,2010,7
26691,NAIVE,KOOKS,85,LW:RE,5,49,2012-07-01,2012,2010,7
29085,RUN THIS TOWN,JAY-Z FT RIHANNA & KANYE WEST,90,LW:RE,1,15,2012-07-01,2012,2010,7
9997,JUMP AROUND,HOUSE OF PAIN,93,LW:RE,32,33,2012-07-01,2012,2010,7
30363,TALK THAT TALK,RIHANNA FT JAY-Z,95,LW:RE,25,11,2012-07-01,2012,2010,7
30308,GOT 2 LUV U,SEAN PAUL FT ALEXIS JORDAN,96,LW:RE,11,10,2012-07-01,2012,2010,7
30511,TURN UP THE MUSIC,CHRIS BROWN,61,LW:RE,1,12,2012-07-08,2012,2010,7
29466,HEY SOUL SISTER,TRAIN,75,LW:RE,18,43,2012-07-08,2012,2010,7
2437,SUMMER OF '69,BRYAN ADAMS,89,LW:RE,42,10,2012-07-08,2012,2010,7
30481,LOVE ME,STOOSHE FT TRAVIE MCCOY,91,LW:RE,5,7,2012-07-08,2012,2010,7
30635,AS LONG AS YOU LOVE ME,JUSTIN BIEBER FT BIG SEAN,92,LW:RE,30,3,2012-07-08,2012,2010,7
30359,DANCE WITH ME TONIGHT,OLLY MURS,94,LW:RE,1,30,2012-07-08,2012,2010,7
29892,SOMEONE LIKE YOU,ADELE,97,LW:RE,1,71,2012-07-08,2012,2010,7
23862,CANNONBALL,DAMIEN RICE,98,LW:RE,9,20,2012-07-08,2012,2010,7
25964,YOU' BEAUTIFUL,JAMES BLUNT,99,LW:RE,1,41,2012-07-08,2012,2010,7
30649,DEMPTION DAYS,JOSH OSHO/GHOSTFACE KILLAH,100,LW:RE,89,2,2012-07-08,2012,2010,7
30670,BOTH OF US,BOB FT TAYLOR SWIFT,46,LW:RE,46,2,2012-07-15,2012,2010,7
29245,LOVE THE WAY YOU LIE,EMINEM FT RIHANNA,48,LW:RE,2,55,2012-07-15,2012,2010,7
27736,DAM CATCH ME,NEWTON FAULKNER,52,LW:RE,7,44,2012-07-15,2012,2010,7
30374,THE FEAR,BEN HOWARD,65,LW:RE,65,2,2012-07-15,2012,2010,7
30111,JAR OF HEARTS,CHRISTINA PERRI,68,LW:RE,4,49,2012-07-15,2012,2010,7
29979,IF YOU WANNA,VACCINES,70,LW:RE,35,12,2012-07-15,2012,2010,7
18092,CLOSING TIME,SEMISONIC,71,LW:RE,25,11,2012-07-15,2012,2010,7
30672,WELCOME HOME,RADICAL FACE,74,LW:RE,74,3,2012-07-15,2012,2010,7
16260,THE DRUGS DON'T WORK,VERVE,82,LW:RE,1,20,2012-07-15,2012,2010,7
30673,STAND BY ME,BEN E KING,84,LW:RE,27,8,2012-07-15,2012,2010,7
30336,I NEED,MAVERICK SABRE,90,LW:RE,18,11,2012-07-15,2012,2010,7
28755,GANGSTA'S PARADISE,COOLIO FT LV,99,LW:RE,1,28,2012-07-15,2012,2010,7
6906,NOTHING COMPAS 2 U,SINEAD O'CONNOR,100,LW:RE,1,17,2012-07-15,2012,2010,7
30594,TIMEBOMB,KYLIE MINOGUE,42,LW:RE,31,7,2012-07-22,2012,2010,7
29892,SOMEONE LIKE YOU,ADELE,66,LW:RE,1,72,2012-07-22,2012,2010,7
5232,FAST CAR,TRACY CHAPMAN,84,LW:RE,4,38,2012-07-22,2012,2010,7
28334,ONE DAY LIKE THIS,ELBOW,89,LW:RE,35,53,2012-07-22,2012,2010,7
19856,CALIFORNICATION,RED HOT CHILI PEPPERS,92,LW:RE,16,7,2012-07-22,2012,2010,7
24702,MR BRIGHTSIDE,KILLERS,95,LW:RE,10,89,2012-07-22,2012,2010,7
29219,FIWORK,KATY PERRY,99,LW:RE,3,65,2012-07-22,2012,2010,7
30318,RUNAWAY BABY,BRUNO MARS,56,LW:RE,19,7,2012-07-29,2012,2010,7
30512,ILL MANORS,PLAN B,59,LW:RE,6,12,2012-07-29,2012,2010,7
30499,PART OF ME,KATY PERRY,63,LW:RE,1,18,2012-07-29,2012,2010,7
30455,HOT RIGHT NOW,DJ FRESH FT RITA ORA,65,LW:RE,1,23,2012-07-29,2012,2010,7
30544,CAN'T SAY NO,CONOR MAYNARD,77,LW:RE,2,13,2012-07-29,2012,2010,7
28749,BONKERS,DIZZEE RASCAL/VAN HELDEN,80,LW:RE,1,33,2012-07-29,2012,2010,7
30607,WHEN SHE WAS MINE,LAWSON,81,LW:RE,4,8,2012-07-29,2012,2010,7
30656,SURVIVAL,MUSE,82,LW:RE,25,3,2012-07-29,2012,2010,7
30546,PRIMADONNA,MARINA & THE DIAMONDS,83,LW:RE,11,13,2012-07-29,2012,2010,7
30576,ONLY LOVE,BEN HOWARD,89,LW:RE,37,11,2012-07-29,2012,2010,7
30675,NATIONAL ANTHEM,LANA DEL REY,92,LW:RE,92,2,2012-07-29,2012,2010,7
30511,TURN UP THE MUSIC,CHRIS BROWN,93,LW:RE,1,14,2012-07-29,2012,2010,7
29261,PASS OUT,TINIE TEMPAH,94,LW:RE,1,65,2012-07-29,2012,2010,7
26334,I BET YOU LOOK GOOD ON THE DANCEFLOOR,ARCTIC MONKEYS,95,LW:RE,1,36,2012-07-29,2012,2010,7
25489,GALVANIZE,CHEMICAL BROTHERS,67,LW:RE,3,20,2012-08-05,2012,2010,8
30247,GO,DELILAH,84,LW:RE,17,13,2012-08-05,2012,2010,8
30423,MIDNIGHT CITY,M83,88,LW:RE,34,11,2012-08-05,2012,2010,8
29098,UPRISING,MUSE,89,LW:RE,9,24,2012-08-05,2012,2010,8
29998,I NEED A DOLLAR,ALOE BLACC,97,LW:RE,2,41,2012-08-05,2012,2010,8
30660,UNDER THE WESTWAY,BLUR,45,LW:RE,34,2,2012-08-12,2012,2010,8
17431,SAVE TONIGHT,EAGLE-EYE CHERRY,52,LW:RE,6,17,2012-08-12,2012,2010,8
30599,NO CHURCH IN THE WILD,JAY-Z/KANYE WEST/FRANK,63,LW:RE,37,11,2012-08-12,2012,2010,8
16731,I DON'T WANT TO MISS A THING,AEROSMITH,78,LW:RE,4,60,2012-08-12,2012,2010,8
28558,BAKEVEN,SCRIPT,81,LW:RE,21,42,2012-08-12,2012,2010,8
29240,RAISE YOUR GLASS,PINK,88,LW:RE,13,30,2012-08-12,2012,2010,8
29435,THIS AIN'T A LOVE SONG,SCOUTING FOR GIRLS,89,LW:RE,1,23,2012-08-12,2012,2010,8
30632,LIGHTNING BOLT,JAKE BUGG,90,LW:RE,88,3,2012-08-12,2012,2010,8
30607,WHEN SHE WAS MINE,LAWSON,91,LW:RE,4,9,2012-08-12,2012,2010,8
30459,AD ALL ABOUT IT PT 3,EMELI SANDE,3,LW:RE,3,4,2012-08-19,2012,2010,8
28334,ONE DAY LIKE THIS,ELBOW,4,LW:RE,4,54,2012-08-19,2012,2010,8
2448,RUNNING UP THAT HILL,KATE BUSH,6,LW:RE,3,13,2012-08-19,2012,2010,8
18008,IMAGINE,JOHN LENNON,18,LW:RE,1,41,2012-08-19,2012,2010,8
30254,WHAT MAKES YOU BEAUTIFUL,ONE DIRECTION,32,LW:RE,1,48,2012-08-19,2012,2010,8
13820,WONDERWALL,OASIS,38,LW:RE,2,76,2012-08-19,2012,2010,8
29247,DYNAMITE,TAIO CRUZ,42,LW:RE,1,39,2012-08-19,2012,2010,8
27598,WATERLOO SUNSET,KINKS,47,LW:RE,47,2,2012-08-19,2012,2010,8
27934,RULE THE WORLD,TAKE THAT,52,LW:RE,2,98,2012-08-19,2012,2010,8
30683,HARDER THAN YOU THINK,PUBLIC ENEMY,56,LW:RE,27,4,2012-08-19,2012,2010,8
18442,RIGHT HE RIGHT NOW,FATBOY SLIM,62,LW:RE,2,14,2012-08-19,2012,2010,8
30313,AD ALL ABOUT IT,PROFESSOR GREEN FT EMELI SANDE,71,LW:RE,1,22,2012-08-19,2012,2010,8
17379,THE ROCKAFELLER SKANK,FATBOY SLIM,75,LW:RE,6,17,2012-08-19,2012,2010,8
29898,PRICE TAG,JESSIE J FT BOB,79,LW:RE,1,70,2012-08-19,2012,2010,8
30129,MR BLUE SKY,ELO,88,LW:RE,88,3,2012-08-19,2012,2010,8
16439,SPICE UP YOUR LIFE,SPICE GIRLS,95,LW:RE,1,19,2012-08-19,2012,2010,8
5,OUR HOUSE,MADNESS,99,LW:RE,5,15,2012-08-19,2012,2010,8
30377,MAMA DO THE HUMP,RIZZLE KICKS,56,LW:RE,2,38,2012-08-26,2012,2010,8
24702,MR BRIGHTSIDE,KILLERS,58,LW:RE,10,93,2012-08-26,2012,2010,8
30714,MILLION VOICES,OTTO KNOWS,60,LW:RE,60,2,2012-08-26,2012,2010,8
28755,GANGSTA'S PARADISE,COOLIO FT LV,63,LW:RE,1,29,2012-08-26,2012,2010,8
21031,FOLLOW ME,UNCLE KRACKER,64,LW:RE,3,23,2012-08-26,2012,2010,8
29302,FIFLIES,OWL CITY,68,LW:RE,1,36,2012-08-26,2012,2010,8
29686,AT LAST,ETTA JAMES,73,LW:RE,39,8,2012-08-26,2012,2010,8
27928,SUPERSTITION,STEVIE WONDER,75,LW:RE,11,21,2012-08-26,2012,2010,8
28805,LOVE STORY,TAYLOR SWIFT,76,LW:RE,2,33,2012-08-26,2012,2010,8
30455,HOT RIGHT NOW,DJ FRESH FT RITA ORA,82,LW:RE,1,26,2012-08-26,2012,2010,8
28712,EMPI STATE OF MIND (PART II),ALICIA KEYS,92,LW:RE,4,55,2012-08-26,2012,2010,8
6743,FE FALLIN',TOM PETTY,95,LW:RE,59,6,2012-08-26,2012,2010,8
30290,WE FOUND LOVE,RIHANNA FT CALVIN HARRIS,97,LW:RE,1,46,2012-08-26,2012,2010,8
30492,GYHOUND,SWEDISH HOUSE MAFIA,98,LW:RE,13,23,2012-08-26,2012,2010,8
30314,EARTHQUAKE,LABRINTH FT TINIE TEMPAH,100,LW:RE,2,43,2012-08-26,2012,2010,8
30318,RUNAWAY BABY,BRUNO MARS,70,LW:RE,19,11,2012-09-02,2012,2010,9
30091,SAVE THE WORLD,SWEDISH HOUSE MAFIA,77,LW:RE,10,15,2012-09-02,2012,2010,9
30556,YOUNG,TULISA,80,LW:RE,1,16,2012-09-02,2012,2010,9
28739,IN FOR THE KILL,LA ROUX,91,LW:RE,2,48,2012-09-02,2012,2010,9
28959,FI,KASABIAN,93,LW:RE,3,32,2012-09-02,2012,2010,9
30220,FEEL SO CLOSE,CALVIN HARRIS,94,LW:RE,2,22,2012-09-02,2012,2010,9
11958,KISS FROM A ROSE,SEAL,95,LW:RE,4,24,2012-09-02,2012,2010,9
30316,PARADISE,COLDPLAY,96,LW:RE,1,42,2012-09-02,2012,2010,9
30493,I WON'T GIVE UP,JASON MRAZ,98,LW:RE,13,23,2012-09-02,2012,2010,9
27736,DAM CATCH ME,NEWTON FAULKNER,99,LW:RE,7,46,2012-09-02,2012,2010,9
13221,A GIRL LIKE YOU,EDWYN COLLINS,56,LW:RE,4,15,2012-09-09,2012,2010,9
30131,THE A TEAM,ED SHEERAN,69,LW:RE,3,53,2012-09-09,2012,2010,9
30512,ILL MANORS,PLAN B,72,LW:RE,6,15,2012-09-09,2012,2010,9
30614,SMALL BUMP,ED SHEERAN,94,LW:RE,25,14,2012-09-09,2012,2010,9
29965,SKINNY LOVE,BIRDY,95,LW:RE,17,40,2012-09-09,2012,2010,9
29243,WRITTEN IN THE STARS,TINIE TEMPAH FT ERIC TURNER,98,LW:RE,1,37,2012-09-09,2012,2010,9
29475,YOU'LL NEVER WALK ALONE,GERRY & THE PACEMAKERS,12,LW:RE,1,21,2012-09-16,2012,2010,9
28353,VIVA LA VIDA,COLDPLAY,63,LW:RE,1,64,2012-09-16,2012,2010,9
29686,AT LAST,ETTA JAMES,68,LW:RE,39,9,2012-09-16,2012,2010,9
19731,YELLOW,COLDPLAY,76,LW:RE,4,23,2012-09-16,2012,2010,9
22601,THE SCIENTIST,COLDPLAY,78,LW:RE,10,17,2012-09-16,2012,2010,9
26216,FIX YOU,COLDPLAY,83,LW:RE,4,57,2012-09-16,2012,2010,9
28424,THE MAN WHO CAN'T BE MOVED,SCRIPT,90,LW:RE,2,57,2012-09-16,2012,2010,9
21280,LAST NITE,STROKES,93,LW:RE,14,8,2012-09-16,2012,2010,9
27347,HOW TO SAVE A LIFE,FRAY,71,LW:RE,4,57,2012-09-23,2012,2010,9
30313,AD ALL ABOUT IT,PROFESSOR GREEN FT EMELI SANDE,83,LW:RE,1,25,2012-09-23,2012,2010,9
30131,THE A TEAM,ED SHEERAN,86,LW:RE,3,54,2012-09-23,2012,2010,9
28747,LITTLE LION MAN,MUMFORD & SONS,95,LW:RE,24,42,2012-09-23,2012,2010,9
26963,CHASING CARS,SNOW PATROL,97,LW:RE,6,158,2012-09-23,2012,2010,9
30493,I WON'T GIVE UP,JASON MRAZ,23,LW:RE,13,24,2012-09-30,2012,2010,9
30786,ANNIE'S SONG,JOHN DENVER,49,LW:RE,1,14,2012-09-30,2012,2010,9
30111,JAR OF HEARTS,CHRISTINA PERRI,69,LW:RE,4,51,2012-09-30,2012,2010,9
30336,I NEED,MAVERICK SABRE,82,LW:RE,18,13,2012-09-30,2012,2010,9
30417,STRONGER,KELLY CLARKSON,86,LW:RE,8,30,2012-09-30,2012,2010,9
29351,THE CAVE,MUMFORD & SONS,87,LW:RE,31,41,2012-09-30,2012,2010,9
4006,WITH OR WITHOUT YOU,U2,91,LW:RE,4,25,2012-09-30,2012,2010,9
30360,LEVELS,AVICII,98,LW:RE,4,43,2012-09-30,2012,2010,9
30574,BLESS THE BROKEN RADIO,RASCAL FLATTS,57,LW:RE,41,3,2012-10-07,2012,2010,10
30659,ONE MO NIGHT,MAROON 5,64,LW:RE,64,2,2012-10-07,2012,2010,10
30313,AD ALL ABOUT IT,PROFESSOR GREEN FT EMELI SANDE,78,LW:RE,1,26,2012-10-07,2012,2010,10
30091,SAVE THE WORLD,SWEDISH HOUSE MAFIA,79,LW:RE,10,16,2012-10-07,2012,2010,10
28585,GOD'S GONNA CUT YOU DOWN,JOHNNY CASH,83,LW:RE,77,2,2012-10-07,2012,2010,10
29892,SOMEONE LIKE YOU,ADELE,90,LW:RE,1,74,2012-10-07,2012,2010,10
30129,MR BLUE SKY,ELO,97,LW:RE,88,4,2012-10-07,2012,2010,10
30455,HOT RIGHT NOW,DJ FRESH FT RITA ORA,98,LW:RE,1,31,2012-10-07,2012,2010,10
30689,FINALE,MADEON,99,LW:RE,35,3,2012-10-07,2012,2010,10
20814,THE YOU'LL BE,FAITH HILL,47,LW:RE,3,23,2012-10-14,2012,2010,10
30786,ANNIE'S SONG,JOHN DENVER,52,LW:RE,1,15,2012-10-14,2012,2010,10
30417,STRONGER,KELLY CLARKSON,59,LW:RE,8,31,2012-10-14,2012,2010,10
30779,ONE DAY/CKONING SONG,ASAF AVIDAN & THE MOJOS,64,LW:RE,64,2,2012-10-14,2012,2010,10
30769,ALL I WANT,KODALINE,75,LW:RE,74,2,2012-10-14,2012,2010,10
27934,RULE THE WORLD,TAKE THAT,85,LW:RE,2,99,2012-10-14,2012,2010,10
26898,SEXY LOVE,NE-YO,88,LW:RE,5,18,2012-10-14,2012,2010,10
30545,SO GOOD,BOB,91,LW:RE,7,13,2012-10-14,2012,2010,10
5287,NEVER TEAR US APART,INXS,93,LW:RE,58,3,2012-10-14,2012,2010,10
30818,I WAS MADE FOR LOVIN' YOU,KISS,94,LW:RE,50,8,2012-10-14,2012,2010,10
30146,PUMPED UP KICKS,FOSTER THE PEOPLE,99,LW:RE,18,43,2012-10-14,2012,2010,10
30648,BEAUTY AND A BEAT,JUSTIN BIEBER FT NICKI MINAJ,20,LW:RE,20,2,2012-10-21,2012,2010,10
28805,LOVE STORY,TAYLOR SWIFT,55,LW:RE,2,36,2012-10-21,2012,2010,10
21852,NO MO DRAMA,MARY J BLIGE,59,LW:RE,9,10,2012-10-21,2012,2010,10
30621,SCAM,USHER,65,LW:RE,5,16,2012-10-21,2012,2010,10
30131,THE A TEAM,ED SHEERAN,67,LW:RE,3,55,2012-10-21,2012,2010,10
29965,SKINNY LOVE,BIRDY,70,LW:RE,17,44,2012-10-21,2012,2010,10
27775,PURPLE RAIN,PRINCE & THE REVOLUTION,75,LW:RE,8,15,2012-10-21,2012,2010,10
30707,TAKING OVER ME,LAWSON,77,LW:RE,3,6,2012-10-21,2012,2010,10
22037,WHEVER YOU WILL GO,CALLING,78,LW:RE,3,26,2012-10-21,2012,2010,10
15969,BITTER SWEET SYMPHONY,VERVE,81,LW:RE,2,54,2012-10-21,2012,2010,10
30673,STAND BY ME,BEN E KING,88,LW:RE,27,9,2012-10-21,2012,2010,10
30830,APOLOGIZE,TIMBALAND PTS ONEREPUBLIC,90,LW:RE,3,48,2012-10-21,2012,2010,10
11958,KISS FROM A ROSE,SEAL,100,LW:RE,4,25,2012-10-21,2012,2010,10
30314,EARTHQUAKE,LABRINTH FT TINIE TEMPAH,56,LW:RE,2,49,2012-10-28,2012,2010,10
30569,EXPSS YOURSELF,LABRINTH,78,LW:RE,12,16,2012-10-28,2012,2010,10
30591,PICKING UP THE PIECES,PALOMA FAITH,81,LW:RE,7,21,2012-10-28,2012,2010,10
30788,I CAN'T MAKE YOU LOVE ME,ADELE,86,LW:RE,37,3,2012-10-28,2012,2010,10
30456,NEXT TO ME,EMELI SANDE,88,LW:RE,2,34,2012-10-28,2012,2010,10
929,THRILLER,MICHAEL JACKSON,89,LW:RE,10,48,2012-10-28,2012,2010,10
23818,TURN ME ON,KEVIN LYTTLE,94,LW:RE,2,21,2012-10-28,2012,2010,10
30768,ANGELS,XX,96,LW:RE,43,6,2012-10-28,2012,2010,10
30567,MY KIND OF LOVE,EMELI SANDE,97,LW:RE,17,21,2012-10-28,2012,2010,10
30211,MOVES LIKE JAGGER,MAROON 5 FT CHRISTINA AGUILERA,100,LW:RE,2,62,2012-10-28,2012,2010,10
27975,GHOSTBUSTERS,RAY PARKER JR,63,LW:RE,2,37,2012-11-04,2012,2010,11
23234,BRING ME TO LIFE,EVANESCENCE,65,LW:RE,1,35,2012-11-04,2012,2010,11
27977,MONSTER MASH,BOBBY BORIS PICKETT,75,LW:RE,60,5,2012-11-04,2012,2010,11
30551,LET'S GO,CALVIN HARRIS FT NE-YO,79,LW:RE,2,17,2012-11-04,2012,2010,11
23658,WHITE FLAG,DIDO,80,LW:RE,2,15,2012-11-04,2012,2010,11
30220,FEEL SO CLOSE,CALVIN HARRIS,86,LW:RE,2,23,2012-11-04,2012,2010,11
26216,FIX YOU,COLDPLAY,95,LW:RE,4,58,2012-11-04,2012,2010,11
30131,THE A TEAM,ED SHEERAN,98,LW:RE,3,56,2012-11-04,2012,2010,11
30336,I NEED,MAVERICK SABRE,99,LW:RE,18,15,2012-11-04,2012,2010,11
27362,LISTEN,BEYONCE,43,LW:RE,8,21,2012-11-11,2012,2010,11
29648,GOLD DUST,DJ FRESH,50,LW:RE,24,24,2012-11-11,2012,2010,11
15471,DON'T SPEAK,NO DOUBT,56,LW:RE,1,21,2012-11-11,2012,2010,11
28805,LOVE STORY,TAYLOR SWIFT,61,LW:RE,2,38,2012-11-11,2012,2010,11
30739,JUST BE,PALOMA FAITH,66,LW:RE,66,4,2012-11-11,2012,2010,11
29219,FIWORK,KATY PERRY,70,LW:RE,3,66,2012-11-11,2012,2010,11
30565,R.I.P.,RITA ORA FT TINIE TEMPAH,74,LW:RE,1,24,2012-11-11,2012,2010,11
30341,A THOUSAND YEARS,CHRISTINA PERRI,75,LW:RE,32,14,2012-11-11,2012,2010,11
30290,WE FOUND LOVE,RIHANNA FT CALVIN HARRIS,78,LW:RE,1,54,2012-11-11,2012,2010,11
30455,HOT RIGHT NOW,DJ FRESH FT RITA ORA,82,LW:RE,1,32,2012-11-11,2012,2010,11
30828,GIVE ME LOVE,ED SHEERAN,18,LW:RE,18,2,2012-11-18,2012,2010,11
1845,THE POWER OF LOVE,FRANKIE GOES TO HOLLYWOOD,59,LW:RE,1,34,2012-11-18,2012,2010,11
29965,SKINNY LOVE,BIRDY,63,LW:RE,17,45,2012-11-18,2012,2010,11
30131,THE A TEAM,ED SHEERAN,67,LW:RE,3,57,2012-11-18,2012,2010,11
28520,USE SOMEBODY,KINGS OF LEON,70,LW:RE,2,90,2012-11-18,2012,2010,11
28130,HOMETOWN GLORY,ADELE,71,LW:RE,19,29,2012-11-18,2012,2010,11
9300,TEARS IN HEAVEN,ERIC CLAPTON,73,LW:RE,5,14,2012-11-18,2012,2010,11
30810,I KNEW YOU WE TROUBLE,TAYLOR SWIFT,79,LW:RE,23,5,2012-11-18,2012,2010,11
30771,SIX DEGES OF SEPARATION,SCRIPT,81,LW:RE,81,2,2012-11-18,2012,2010,11
29243,WRITTEN IN THE STARS,TINIE TEMPAH FT ERIC TURNER,83,LW:RE,1,38,2012-11-18,2012,2010,11
12556,ALL I WANT FOR CHRISTMAS IS YOU,MARIAH CAREY,88,LW:RE,2,47,2012-11-18,2012,2010,11
26511,FAIRYTALE OF NEW YORK,POGUES FT KIRSTY MACCOLL,91,LW:RE,2,56,2012-11-18,2012,2010,11
30438,BORN TO DIE,LANA DEL REY,92,LW:RE,9,18,2012-11-18,2012,2010,11
30291,WHEVER YOU WILL GO,CHARLENE SORAIA,94,LW:RE,3,27,2012-11-18,2012,2010,11
22601,THE SCIENTIST,COLDPLAY,95,LW:RE,10,18,2012-11-18,2012,2010,11
20440,IT WASN'T ME,SHAGGY FT RIKROK,99,LW:RE,1,29,2012-11-18,2012,2010,11
30365,WHE HAVE YOU BEEN,RIHANNA,100,LW:RE,6,26,2012-11-18,2012,2010,11
30697,WE'LL BE COMING BACK,CALVIN HARRIS FT EXAMPLE,82,LW:RE,2,16,2012-11-25,2012,2010,11
13943,INSOMNIA,FAITHLESS,96,LW:RE,3,63,2012-11-25,2012,2010,11
25490,WIS,ATHLETE,40,LW:RE,4,21,2012-12-02,2012,2010,12
28036,LAST CHRISTMAS,WHAM,55,LW:RE,14,23,2012-12-02,2012,2010,12
28041,I WISH IT COULD BE CHRISTMAS EVERYDAY,WIZZARD,58,LW:RE,16,23,2012-12-02,2012,2010,12
24256,RUN,SNOW PATROL,72,LW:RE,5,26,2012-12-02,2012,2010,12
30418,212,AZEALIA BANKS FT LAZY JAY,74,LW:RE,12,36,2012-12-02,2012,2010,12
26216,FIX YOU,COLDPLAY,77,LW:RE,4,61,2012-12-02,2012,2010,12
72,MERRY XMAS EVERYBODY,SLADE,80,LW:RE,1,67,2012-12-02,2012,2010,12
28049,DO THEY KNOW IT'S CHRISTMAS,BAND AID,82,LW:RE,1,45,2012-12-02,2012,2010,12
2738,MERRY CHRISTMAS EVERYONE,SHAKIN' STEVENS,83,LW:RE,1,37,2012-12-02,2012,2010,12
28520,USE SOMEBODY,KINGS OF LEON,85,LW:RE,2,91,2012-12-02,2012,2010,12
30620,WHISTLE,FLO RIDA,88,LW:RE,2,23,2012-12-02,2012,2010,12
30111,JAR OF HEARTS,CHRISTINA PERRI,89,LW:RE,4,52,2012-12-02,2012,2010,12
19410,STILL D,DR DRE FT SNOOP DOGG,90,LW:RE,6,12,2012-12-02,2012,2010,12
30290,WE FOUND LOVE,RIHANNA FT CALVIN HARRIS,94,LW:RE,1,56,2012-12-02,2012,2010,12
30359,DANCE WITH ME TONIGHT,OLLY MURS,96,LW:RE,1,33,2012-12-02,2012,2010,12
30621,SCAM,USHER,99,LW:RE,5,21,2012-12-02,2012,2010,12
4774,DRIVING HOME FOR CHRISTMAS,CHRIS REA,54,LW:RE,33,26,2012-12-09,2012,2010,12
28089,ROCKIN' AROUND THE CHRISTMAS TE,BRENDA LEE,57,LW:RE,6,19,2012-12-09,2012,2010,12
30466,BANGARANG,SKRILLEX FT SIRAH,62,LW:RE,24,38,2012-12-09,2012,2010,12
28066,LET IT SNOW LET IT SNOW LET IT SNOW,DEAN MARTIN,69,LW:RE,69,6,2012-12-09,2012,2010,12
30384,STEP INTO CHRISTMAS,ELTON JOHN,75,LW:RE,24,14,2012-12-09,2012,2010,12
12530,STAY ANOTHER DAY,EAST 17,79,LW:RE,1,29,2012-12-09,2012,2010,12
28054,HAPPY XMAS (WAR IS OVER),JOHN & YOKO/PLASTIC ONO BAND,81,LW:RE,40,17,2012-12-09,2012,2010,12
30423,MIDNIGHT CITY,M83,84,LW:RE,34,13,2012-12-09,2012,2010,12
30461,N****S IN PARIS,JAY-Z & KANYE WEST,85,LW:RE,10,42,2012-12-09,2012,2010,12
28805,LOVE STORY,TAYLOR SWIFT,87,LW:RE,2,40,2012-12-09,2012,2010,12
30843,DRINKING FROM THE BOTTLE,CALVIN HARRIS FT TINIE TEMPAH,92,LW:RE,17,5,2012-12-09,2012,2010,12
30715,HOW WE DO (PARTY),RITA ORA,94,LW:RE,1,16,2012-12-09,2012,2010,12
28060,WONDERFUL CHRISTMASTIME,PAUL MCCARTNEY,96,LW:RE,6,14,2012-12-09,2012,2010,12
28081,SANTA BABY,KYLIE MINOGUE,100,LW:RE,76,4,2012-12-09,2012,2010,12
29715,IMPOSSIBLE,SHONTELLE,22,LW:RE,9,11,2012-12-16,2012,2010,12
30776,CLOWN,EMELI SANDE,35,LW:RE,35,2,2012-12-16,2012,2010,12
30850,YEAH YEAH,WILLY MOON,65,LW:RE,34,5,2012-12-16,2012,2010,12
30290,WE FOUND LOVE,RIHANNA FT CALVIN HARRIS,66,LW:RE,1,57,2012-12-16,2012,2010,12
30386,IT'S BEGINNING TO LOOK A LOT LIKE,MICHAEL BUBLE,77,LW:RE,77,4,2012-12-16,2012,2010,12
30202,TITANIUM,DAVID GUETTA FT SIA,86,LW:RE,1,52,2012-12-16,2012,2010,12
30907,DIFFENT,ROBBIE WILLIAMS,64,LW:RE,64,2,2012-12-23,2012,2010,12
30487,PURSUIT OF HAPPINESS,KID CUDI FT MGMT & RATATAT,72,LW:RE,72,3,2012-12-23,2012,2010,12
30766,CLIQUE,KANYE WEST/JAY Z/BIG SEAN,83,LW:RE,25,11,2012-12-23,2012,2010,12
30632,LIGHTNING BOLT,JAKE BUGG,85,LW:RE,85,4,2012-12-23,2012,2010,12
30316,PARADISE,COLDPLAY,91,LW:RE,1,49,2012-12-23,2012,2010,12
30359,DANCE WITH ME TONIGHT,OLLY MURS,92,LW:RE,1,34,2012-12-23,2012,2010,12
29234,CHRISTMAS LIGHTS,COLDPLAY,96,LW:RE,13,9,2012-12-23,2012,2010,12
30710,LITTLE TALKS,OF MONSTERS & MEN,100,LW:RE,12,19,2012-12-23,2012,2010,12
30644,PAYPHONE,MAROON 5 FT WIZ KHALIFA,44,LW:RE,1,26,2012-12-30,2013,2010,12
30466,BANGARANG,SKRILLEX FT SIRAH,47,LW:RE,24,40,2012-12-30,2013,2010,12
30620,WHISTLE,FLO RIDA,50,LW:RE,2,24,2012-12-30,2013,2010,12
30733,GOOD TIME,OWL CITY/CARLY RAE JEPSEN,54,LW:RE,5,18,2012-12-30,2013,2010,12
30715,HOW WE DO (PARTY),RITA ORA,57,LW:RE,1,18,2012-12-30,2013,2010,12
30747,LET ME LOVE YOU (UNTIL YOU LEARN TO LOVE,NE-YO,63,LW:RE,1,16,2012-12-30,2013,2010,12
30704,SOME NIGHTS,FUN,64,LW:RE,7,21,2012-12-30,2013,2010,12
30785,VA VA VOOM,NICKI MINAJ,69,LW:RE,20,12,2012-12-30,2013,2010,12
30526,POUND THE ALARM,NICKI MINAJ,71,LW:RE,8,27,2012-12-30,2013,2010,12
30457,STARSHIPS,NICKI MINAJ,73,LW:RE,2,41,2012-12-30,2013,2010,12
30696,HEATWAVE,WILEY FT MS D,74,LW:RE,1,18,2012-12-30,2013,2010,12
30202,TITANIUM,DAVID GUETTA FT SIA,76,LW:RE,1,53,2012-12-30,2013,2010,12
30762,SHE WOLF (FALLING TO PIECES),DAVID GUETTA FT SIA,77,LW:RE,8,15,2012-12-30,2013,2010,12
24702,MR BRIGHTSIDE,KILLERS,79,LW:RE,10,98,2012-12-30,2013,2010,12
30183,SEXY AND I KNOW IT,LMFAO,80,LW:RE,5,60,2012-12-30,2013,2010,12
30569,EXPSS YOURSELF,LABRINTH,84,LW:RE,12,18,2012-12-30,2013,2010,12
30853,I FOUND YOU,WANTED,85,LW:RE,3,6,2012-12-30,2013,2010,12
30456,NEXT TO ME,EMELI SANDE,86,LW:RE,2,35,2012-12-30,2013,2010,12
30565,R.I.P.,RITA ORA FT TINIE TEMPAH,89,LW:RE,1,25,2012-12-30,2013,2010,12
30767,TURN AROUND,CONOR MAYNARD FT NE-YO,90,LW:RE,8,12,2012-12-30,2013,2010,12
9997,JUMP AROUND,HOUSE OF PAIN,91,LW:RE,32,37,2012-12-30,2013,2010,12
30697,WE'LL BE COMING BACK,CALVIN HARRIS FT EXAMPLE,92,LW:RE,2,17,2012-12-30,2013,2010,12
30492,GYHOUND,SWEDISH HOUSE MAFIA,97,LW:RE,13,35,2012-12-30,2013,2010,12
30211,MOVES LIKE JAGGER,MAROON 5 FT CHRISTINA AGUILERA,98,LW:RE,2,63,2012-12-30,2013,2010,12
30654,DON'T WAKE ME UP,CHRIS BROWN,99,LW:RE,2,17,2012-12-30,2013,2010,12
28424,THE MAN WHO CAN'T BE MOVED,SCRIPT,100,LW:RE,2,58,2012-12-30,2013,2010,12
30632,LIGHTNING BOLT,JAKE BUGG,42,LW:RE,42,5,2013-01-06,2013,2010,1
30803,TWO FINGERS,JAKE BUGG,50,LW:RE,28,8,2013-01-06,2013,2010,1
30916,DON'T SAVE ME,HAIM,51,LW:RE,51,3,2013-01-06,2013,2010,1
30932,ANOTHER LOVE,TOM ODELL,56,LW:RE,56,2,2013-01-06,2013,2010,1
30562,MAKE IT BUN DEM,SKRILLEX/DAMIAN JR GONG MARLEY,65,LW:RE,65,3,2013-01-06,2013,2010,1
30418,212,AZEALIA BANKS FT LAZY JAY,81,LW:RE,12,38,2013-01-06,2013,2010,1
26252,GOLD DIGGER,KANYE WEST FT JAMIE FOXX,83,LW:RE,2,65,2013-01-06,2013,2010,1
30645,BLACK HEART,STOOSHE,90,LW:RE,3,23,2013-01-06,2013,2010,1
26963,CHASING CARS,SNOW PATROL,95,LW:RE,6,160,2013-01-06,2013,2010,1
30210,HEAVEN,EMELI SANDE,97,LW:RE,2,27,2013-01-06,2013,2010,1
30599,NO CHURCH IN THE WILD,JAY-Z/KANYE WEST/FRANK,98,LW:RE,37,13,2013-01-06,2013,2010,1
30487,PURSUIT OF HAPPINESS,KID CUDI FT MGMT & RATATAT,99,LW:RE,72,4,2013-01-06,2013,2010,1
30896,LIES,BURNS,48,LW:RE,32,6,2013-01-13,2013,2010,1
15072,NO DIGGITY,BLACKSTREET FT DR DRE,52,LW:RE,9,11,2013-01-13,2013,2010,1
30930,LOST,FRANK OCEAN,53,LW:RE,53,2,2013-01-13,2013,2010,1
30864,FOVER NOW,NE-YO,62,LW:RE,62,2,2013-01-13,2013,2010,1
30919,F**KIN' PROBLEMS,ASAP ROCKY FT DRAKE/2 CHAINZ,67,LW:RE,67,2,2013-01-13,2013,2010,1
22679,LOSE YOURSELF,EMINEM,70,LW:RE,1,44,2013-01-13,2013,2010,1
28492,SEX ON FI,KINGS OF LEON,81,LW:RE,1,123,2013-01-13,2013,2010,1
20943,DROPS OF JUPITER (TELL ME),TRAIN,93,LW:RE,10,18,2013-01-13,2013,2010,1
28520,USE SOMEBODY,KINGS OF LEON,95,LW:RE,2,92,2013-01-13,2013,2010,1
30820,STANDING IN THE DARK,LAWSON,77,LW:RE,6,10,2013-01-20,2013,2010,1
30920,MATILDA,ALT-J,83,LW:RE,83,2,2013-01-20,2013,2010,1
30537,TOO CLOSE,ALEX CLARE,87,LW:RE,4,32,2013-01-20,2013,2010,1
30834,FLAWS,BASTILLE,97,LW:RE,21,4,2013-01-20,2013,2010,1
9054,SMELLS LIKE TEEN SPIRIT,NIRVANA,100,LW:RE,7,16,2013-01-20,2013,2010,1
30963,IF YOU' NEVER GONNA MOVE,JESSIE WARE,54,LW:RE,54,4,2013-01-27,2013,2010,1
28520,USE SOMEBODY,KINGS OF LEON,62,LW:RE,2,93,2013-01-27,2013,2010,1
28502,KIDS,MGMT,84,LW:RE,16,44,2013-01-27,2013,2010,1
30785,VA VA VOOM,NICKI MINAJ,85,LW:RE,20,15,2013-01-27,2013,2010,1
28805,LOVE STORY,TAYLOR SWIFT,86,LW:RE,2,41,2013-01-27,2013,2010,1
30418,212,AZEALIA BANKS FT LAZY JAY,93,LW:RE,12,40,2013-01-27,2013,2010,1
30871,CLOSE ENEMIES,EXAMPLE,94,LW:RE,37,3,2013-01-27,2013,2010,1
30937,BECAUSE WE CAN,BON JOVI,96,LW:RE,38,2,2013-01-27,2013,2010,1
22037,WHEVER YOU WILL GO,CALLING,98,LW:RE,3,28,2013-01-27,2013,2010,1
30635,AS LONG AS YOU LOVE ME,JUSTIN BIEBER FT BIG SEAN,54,LW:RE,22,20,2013-02-03,2013,2010,2
29245,LOVE THE WAY YOU LIE,EMINEM FT RIHANNA,56,LW:RE,2,57,2013-02-03,2013,2010,2
27347,HOW TO SAVE A LIFE,FRAY,57,LW:RE,4,61,2013-02-03,2013,2010,2
25073,SHE WILL BE LOVED,MAROON 5,65,LW:RE,4,15,2013-02-03,2013,2010,2
21546,HOW YOU MIND ME,NICKELBACK,66,LW:RE,4,39,2013-02-03,2013,2010,2
29273,AIRPLANES,BOB FT HAYLEY WILLIAMS,74,LW:RE,1,34,2013-02-03,2013,2010,2
30531,BOYFRIEND,JUSTIN BIEBER,75,LW:RE,2,19,2013-02-03,2013,2010,2
28869,THE CHAIN,FLEETWOOD MAC,98,LW:RE,81,3,2013-02-03,2013,2010,2
24377,I MISS YOU,BLINK 182,100,LW:RE,8,11,2013-02-03,2013,2010,2
30965,INDIAN SUMMER,STEREOPHONICS,53,LW:RE,53,2,2013-02-10,2013,2010,2
20373,MS JACKSON,OUTKAST,57,LW:RE,2,13,2013-02-10,2013,2010,2
18025,KEEP ON MOVIN',FIVE,91,LW:RE,1,20,2013-02-10,2013,2010,2
30803,TWO FINGERS,JAKE BUGG,92,LW:RE,28,12,2013-02-10,2013,2010,2
28643,DOG DAYS A OVER,FLORENCE & THE MACHINE,95,LW:RE,23,47,2013-02-10,2013,2010,2
30740,WINGS,LITTLE MIX,96,LW:RE,1,23,2013-02-10,2013,2010,2
29171,GO YOUR OWN WAY,FLEETWOOD MAC,97,LW:RE,38,9,2013-02-10,2013,2010,2
30763,I WILL WAIT,MUMFORD & SONS,46,LW:RE,12,22,2013-02-17,2013,2010,2
30533,WE A YOUNG,FUN FT JANELLE MONAE,69,LW:RE,1,43,2013-02-17,2013,2010,2
30972,CHOCOLATE,1975,71,LW:RE,71,2,2013-02-17,2013,2010,2
30991,ALL ABOUT YOU,MCFLY,80,LW:RE,1,19,2013-02-17,2013,2010,2
30290,WE FOUND LOVE,RIHANNA FT CALVIN HARRIS,83,LW:RE,1,62,2013-02-17,2013,2010,2
30644,PAYPHONE,MAROON 5 FT WIZ KHALIFA,94,LW:RE,1,30,2013-02-17,2013,2010,2
28334,ONE DAY LIKE THIS,ELBOW,96,LW:RE,4,63,2013-02-17,2013,2010,2
30254,WHAT MAKES YOU BEAUTIFUL,ONE DIRECTION,97,LW:RE,1,71,2013-02-17,2013,2010,2
30576,ONLY LOVE,BEN HOWARD,9,LW:RE,9,12,2013-02-24,2013,2010,2
30456,NEXT TO ME,EMELI SANDE,45,LW:RE,2,37,2013-02-24,2013,2010,2
30328,PEOPLE HELP THE PEOPLE,BIRDY,55,LW:RE,33,4,2013-02-24,2013,2010,2
28747,LITTLE LION MAN,MUMFORD & SONS,63,LW:RE,24,46,2013-02-24,2013,2010,2
1030,EYE OF THE TIGER,SURVIVOR,65,LW:RE,1,31,2013-02-24,2013,2010,2
30249,KEEP YOUR HEAD UP,BEN HOWARD,75,LW:RE,74,6,2013-02-24,2013,2010,2
26861,HIPS DON'T LIE,SHAKIRA FT WYCLEF JEAN,77,LW:RE,1,48,2013-02-24,2013,2010,2
27830,AYO TECHNOLOGY,50 CENT/TIMBERLAKE/TIMBALAND,79,LW:RE,2,34,2013-02-24,2013,2010,2
30537,TOO CLOSE,ALEX CLARE,81,LW:RE,4,35,2013-02-24,2013,2010,2
30932,ANOTHER LOVE,TOM ODELL,84,LW:RE,56,6,2013-02-24,2013,2010,2
22283,COMPLICATED,AVRIL LAVIGNE,87,LW:RE,3,10,2013-02-24,2013,2010,2
30591,PICKING UP THE PIECES,PALOMA FAITH,91,LW:RE,7,25,2013-02-24,2013,2010,2
16506,TORN,NATALIE IMBRUGLIA,96,LW:RE,2,21,2013-02-24,2013,2010,2
27736,DAM CATCH ME,NEWTON FAULKNER,99,LW:RE,7,47,2013-02-24,2013,2010,2
30457,STARSHIPS,NICKI MINAJ,100,LW:RE,2,44,2013-02-24,2013,2010,2
20397,TEENAGE DIRTBAG,WHEATUS,48,LW:RE,2,29,2013-03-03,2013,2010,3
30540,MERCY,KANYE WEST/BIG SEAN/PUSHA T,61,LW:RE,61,2,2013-03-03,2013,2010,3
30896,LIES,BURNS,79,LW:RE,32,9,2013-03-03,2013,2010,3
5027,EVERYWHE,FLEETWOOD MAC,87,LW:RE,4,11,2013-03-03,2013,2010,3
12253,ZOMBIE,CRANBERRIES,95,LW:RE,94,2,2013-03-03,2013,2010,3
25104,JESUS WALKS,KANYE WEST,99,LW:RE,16,7,2013-03-03,2013,2010,3
22844,CRY ME A RIVER,JUSTIN TIMBERLAKE,100,LW:RE,2,18,2013-03-03,2013,2010,3
21503,ANGEL,SARAH MCLACHLAN,57,LW:RE,36,5,2013-03-10,2013,2010,3
17552,IRIS,GOO GOO DOLLS,64,LW:RE,3,78,2013-03-10,2013,2010,3
160,AFRICA,TOTO,67,LW:RE,3,12,2013-03-10,2013,2010,3
30461,N****S IN PARIS,JAY-Z & KANYE WEST,87,LW:RE,10,53,2013-03-10,2013,2010,3
30466,BANGARANG,SKRILLEX FT SIRAH,90,LW:RE,24,48,2013-03-10,2013,2010,3
30988,FALLING,HAIM,95,LW:RE,70,2,2013-03-10,2013,2010,3
30254,WHAT MAKES YOU BEAUTIFUL,ONE DIRECTION,97,LW:RE,1,73,2013-03-10,2013,2010,3
29171,GO YOUR OWN WAY,FLEETWOOD MAC,98,LW:RE,38,10,2013-03-10,2013,2010,3
30341,A THOUSAND YEARS,CHRISTINA PERRI,27,LW:RE,13,30,2013-03-17,2013,2010,3
25603,LET ME LOVE YOU,MARIO,58,LW:RE,2,24,2013-03-17,2013,2010,3
30802,SWIMMING POOLS (DRANK),KENDRICK LAMAR,59,LW:RE,59,2,2013-03-17,2013,2010,3
30937,BECAUSE WE CAN,BON JOVI,65,LW:RE,38,3,2013-03-17,2013,2010,3
6290,SIT DOWN,JAMES,73,LW:RE,7,11,2013-03-17,2013,2010,3
30849,I NEED YOUR LOVE,CALVIN HARRIS/ELLIE GOULDING,75,LW:RE,75,2,2013-03-17,2013,2010,3
29270,FOR THE FIRST TIME,SCRIPT,87,LW:RE,4,21,2013-03-17,2013,2010,3
31000,CAN'T PTEND,TOM ODELL,96,LW:RE,67,3,2013-03-17,2013,2010,3
21388,HANDBAGS AND GLADRAGS,STEREOPHONICS,99,LW:RE,4,20,2013-03-17,2013,2010,3
15072,NO DIGGITY,BLACKSTREET FT DR DRE,72,LW:RE,9,17,2013-03-24,2013,2010,3
27035,SEXYBACK,JUSTIN TIMBERLAKE,81,LW:RE,1,39,2013-03-24,2013,2010,3
28520,USE SOMEBODY,KINGS OF LEON,82,LW:RE,2,96,2013-03-24,2013,2010,3
22037,WHEVER YOU WILL GO,CALLING,86,LW:RE,3,29,2013-03-24,2013,2010,3
30855,TIDAL WAVE,SUB FOCUS FT ALPINES,89,LW:RE,12,16,2013-03-24,2013,2010,3
30308,GOT 2 LUV U,SEAN PAUL FT ALEXIS JORDAN,96,LW:RE,11,12,2013-03-24,2013,2010,3
30249,KEEP YOUR HEAD UP,BEN HOWARD,97,LW:RE,74,8,2013-03-24,2013,2010,3
11934,LET'S GET ADY TO RHUMBLE,PJ & DUNCAN,1,LW:RE,1,12,2013-03-31,2013,2010,3
30842,CAN YOU HEAR ME (AYAYAYA),WILEY/SKEPTA/JME/MS D,63,LW:RE,3,16,2013-03-31,2013,2010,3
30891,DIE YOUNG,KESHA,64,LW:RE,7,17,2013-03-31,2013,2010,3
29998,I NEED A DOLLAR,ALOE BLACC,66,LW:RE,2,42,2013-03-31,2013,2010,3
30714,MILLION VOICES,OTTO KNOWS,75,LW:RE,14,24,2013-03-31,2013,2010,3
23185,IGNITION MIX,R KELLY,76,LW:RE,1,22,2013-03-31,2013,2010,3
21283,HARDER BETTER FASTER STRONGER,DAFT PUNK,90,LW:RE,25,6,2013-03-31,2013,2010,3
30950,RADIOACTIVE,RITA ORA,95,LW:RE,18,10,2013-03-31,2013,2010,3
28805,LOVE STORY,TAYLOR SWIFT,97,LW:RE,2,44,2013-03-31,2013,2010,3
30867,DNA,LITTLE MIX,98,LW:RE,3,13,2013-03-31,2013,2010,3
21132,WHAT WOULD YOU DO,CITY HIGH,99,LW:RE,3,19,2013-03-31,2013,2010,3
30884,HIGH SCHOOL,NICKI MINAJ & LIL WAYNE,65,LW:RE,65,2,2013-04-07,2013,2010,4
25633,TROUBLE,RAY LAMONTAGNE,71,LW:RE,25,14,2013-04-07,2013,2010,4
31024,STILL INTO YOU,PARAMORE,83,LW:RE,56,3,2013-04-07,2013,2010,4
30606,FEEL THE LOVE,RUDIMENTAL FT JOHN NEWMAN,87,LW:RE,1,42,2013-04-07,2013,2010,4
30493,I WON'T GIVE UP,JASON MRAZ,88,LW:RE,11,34,2013-04-07,2013,2010,4
30254,WHAT MAKES YOU BEAUTIFUL,ONE DIRECTION,97,LW:RE,1,76,2013-04-07,2013,2010,4
30875,NOT GIVING IN,RUDIMENTAL/NEWMAN/CLARE,98,LW:RE,14,14,2013-04-07,2013,2010,4
30993,TROGRADE,JAMES BLAKE,100,LW:RE,92,2,2013-04-07,2013,2010,4
26640,BETTER TOGETHER,JACK JOHNSON,56,LW:RE,24,7,2013-04-14,2013,2010,4
20678,RIDE WIT ME,NELLY FT CITY SPUD,67,LW:RE,3,13,2013-04-14,2013,2010,4
29411,RIDIN' SOLO,JASON DERULO,68,LW:RE,2,34,2013-04-14,2013,2010,4
30158,BEST THING I NEVER HAD,BEYONCE,69,LW:RE,3,26,2013-04-14,2013,2010,4
24171,YEAH,USHER FT LIL' JON & LUDACRIS,71,LW:RE,1,21,2013-04-14,2013,2010,4
16944,TRULY MADLY DEEPLY,SAVAGE GARDEN,72,LW:RE,4,31,2013-04-14,2013,2010,4
29466,HEY SOUL SISTER,TRAIN,78,LW:RE,18,47,2013-04-14,2013,2010,4
24541,F**K IT (I DON'T WANT YOU BACK),EAMON,80,LW:RE,1,23,2013-04-14,2013,2010,4
23455,BATHE,BLU CANTRELL FT SEAN PAUL,83,LW:RE,1,19,2013-04-14,2013,2010,4
30533,WE A YOUNG,FUN FT JANELLE MONAE,84,LW:RE,1,46,2013-04-14,2013,2010,4
24944,DRY YOUR EYES,STREETS,92,LW:RE,1,14,2013-04-14,2013,2010,4
22601,THE SCIENTIST,COLDPLAY,93,LW:RE,10,19,2013-04-14,2013,2010,4
30459,AD ALL ABOUT IT PT 3,EMELI SANDE,96,LW:RE,3,35,2013-04-14,2013,2010,4
31007,NOW,PARAMORE,100,LW:RE,39,4,2013-04-14,2013,2010,4
30606,FEEL THE LOVE,RUDIMENTAL FT JOHN NEWMAN,75,LW:RE,1,43,2013-04-21,2013,2010,4
30765,PLAY HARD,DAVID GUETTA FT NE-YO/AKON,78,LW:RE,22,7,2013-04-21,2013,2010,4
30875,NOT GIVING IN,RUDIMENTAL/NEWMAN/CLARE,82,LW:RE,14,15,2013-04-21,2013,2010,4
15072,NO DIGGITY,BLACKSTREET FT DR DRE,94,LW:RE,9,20,2013-04-21,2013,2010,4
30834,FLAWS,BASTILLE,100,LW:RE,21,16,2013-04-21,2013,2010,4
17552,IRIS,GOO GOO DOLLS,39,LW:RE,3,79,2013-04-28,2013,2010,4
27981,DON'T STOP BELIEVIN',JOURNEY,48,LW:RE,6,92,2013-04-28,2013,2010,4
28795,DEAD AND GONE,TI FT JUSTIN TIMBERLAKE,53,LW:RE,4,22,2013-04-28,2013,2010,4
28385,99 PROBLEMS,JAY-Z,59,LW:RE,35,10,2013-04-28,2013,2010,4
31079,CHANGES,2PAC,66,LW:RE,3,13,2013-04-28,2013,2010,4
30667,SPECTRUM,FLORENCE & THE MACHINE,73,LW:RE,1,37,2013-04-28,2013,2010,4
27636,TEENAGERS,MY CHEMICAL ROMANCE,77,LW:RE,9,21,2013-04-28,2013,2010,4
15706,AROUND THE WORLD,DAFT PUNK,86,LW:RE,5,6,2013-04-28,2013,2010,4
20884,PERFECT GENTLEMAN,WYCLEF JEAN,91,LW:RE,4,18,2013-04-28,2013,2010,4
30268,LEGO HOUSE,ED SHEERAN,92,LW:RE,5,44,2013-04-28,2013,2010,4
19645,FORGOT ABOUT D,DR DRE FT EMINEM,93,LW:RE,7,15,2013-04-28,2013,2010,4
28259,PROPANE NIGHTMAS,PENDULUM,98,LW:RE,9,28,2013-04-28,2013,2010,4
30202,TITANIUM,DAVID GUETTA FT SIA,99,LW:RE,1,68,2013-04-28,2013,2010,4
28229,NOT NINETEEN FOVER,COURTEENERS,100,LW:RE,19,5,2013-04-28,2013,2010,4
19816,FESTYLER,BOMFUNK MC'S,71,LW:RE,2,16,2013-05-05,2013,2010,5
29898,PRICE TAG,JESSIE J FT BOB,77,LW:RE,1,71,2013-05-05,2013,2010,5
28249,NO AIR,JORDIN SPARKS FT CHRIS BROWN,82,LW:RE,3,37,2013-05-05,2013,2010,5
30816,BENEATH YOUR BEAUTIFUL,LABRINTH FT EMELI SANDE,83,LW:RE,1,27,2013-05-05,2013,2010,5
30908,IMPOSSIBLE,JAMES ARTHUR,84,LW:RE,1,20,2013-05-05,2013,2010,5
5232,FAST CAR,TRACY CHAPMAN,87,LW:RE,4,39,2013-05-05,2013,2010,5
27155,IRPLACEABLE,BEYONCE,88,LW:RE,4,36,2013-05-05,2013,2010,5
30522,CALL ME MAYBE,CARLY RAE JEPSEN,89,LW:RE,1,54,2013-05-05,2013,2010,5
31046,ON TOP OF THE WORLD,IMAGINE DRAGONS,90,LW:RE,34,4,2013-05-05,2013,2010,5
26764,DANI CALIFORNIA,RED HOT CHILI PEPPERS,91,LW:RE,2,25,2013-05-05,2013,2010,5
29238,JUST A DAM,NELLY,94,LW:RE,8,23,2013-05-05,2013,2010,5
24622,EVERYBODY'S CHANGING,KEANE,95,LW:RE,4,12,2013-05-05,2013,2010,5
30239,LOVE ON TOP,BEYONCE,98,LW:RE,13,21,2013-05-05,2013,2010,5
25986,ORDINARY PEOPLE,JOHN LEGEND,36,LW:RE,4,19,2013-05-12,2013,2010,5
23625,WHE IS THE LOVE,BLACK EYED PEAS,40,LW:RE,1,33,2013-05-12,2013,2010,5
30345,TAKE CA,DRAKE FT RIHANNA,47,LW:RE,9,40,2013-05-12,2013,2010,5
30984,PLEASE DON'T SAY YOU LOVE ME,GABRIELLE APLIN,65,LW:RE,6,12,2013-05-12,2013,2010,5
30599,NO CHURCH IN THE WILD,JAY-Z/KANYE WEST/FRANK,66,LW:RE,37,15,2013-05-12,2013,2010,5
22478,DILEMMA,NELLY FT KELLY ROWLAND,71,LW:RE,1,22,2013-05-12,2013,2010,5
30174,SON OF A PACHER MAN,DUSTY SPRINGFIELD,75,LW:RE,62,4,2013-05-12,2013,2010,5
29950,WHO YOU A,JESSIE J,85,LW:RE,8,21,2013-05-12,2013,2010,5
5946,PARADISE CITY,GUNS N' ROSES,91,LW:RE,6,11,2013-05-12,2013,2010,5
30272,I WON'T LET YOU GO,JAMES MORRISON,94,LW:RE,5,18,2013-05-12,2013,2010,5
30763,I WILL WAIT,MUMFORD & SONS,97,LW:RE,12,31,2013-05-12,2013,2010,5
30328,PEOPLE HELP THE PEOPLE,BIRDY,36,LW:RE,33,9,2013-05-19,2013,2010,5
30710,LITTLE TALKS,OF MONSTERS & MEN,44,LW:RE,12,23,2013-05-19,2013,2010,5
28520,USE SOMEBODY,KINGS OF LEON,50,LW:RE,2,99,2013-05-19,2013,2010,5
30704,SOME NIGHTS,FUN,53,LW:RE,7,24,2013-05-19,2013,2010,5
15072,NO DIGGITY,BLACKSTREET FT DR DRE,57,LW:RE,9,22,2013-05-19,2013,2010,5
14935,ADY OR NOT,FUGEES,94,LW:RE,1,13,2013-05-19,2013,2010,5
21388,HANDBAGS AND GLADRAGS,STEREOPHONICS,97,LW:RE,4,22,2013-05-19,2013,2010,5
23658,WHITE FLAG,DIDO,98,LW:RE,2,16,2013-05-19,2013,2010,5
23234,BRING ME TO LIFE,EVANESCENCE,40,LW:RE,1,36,2013-05-26,2013,2010,5
28424,THE MAN WHO CAN'T BE MOVED,SCRIPT,43,LW:RE,2,59,2013-05-26,2013,2010,5
28938,D,DANIEL MERRIWEATHER,52,LW:RE,5,28,2013-05-26,2013,2010,5
28802,HALO,BEYONCE,59,LW:RE,4,45,2013-05-26,2013,2010,5
20357,THE NEXT EPISODE,DR DRE FT SNOOP DOGG,74,LW:RE,3,26,2013-05-26,2013,2010,5
30601,EUPHORIA,LOREEN,75,LW:RE,3,16,2013-05-26,2013,2010,5
24442,SOMEBODY TOLD ME,KILLERS,77,LW:RE,3,30,2013-05-26,2013,2010,5
31030,UP IN THE AIR,30 SECONDS TO MARS,85,LW:RE,45,2,2013-05-26,2013,2010,5
30992,ARMY OF TWO,OLLY MURS,91,LW:RE,12,14,2013-05-26,2013,2010,5
4898,MAN IN THE MIRROR,MICHAEL JACKSON,94,LW:RE,2,29,2013-05-26,2013,2010,5
30799,ANYTHING COULD HAPPEN,ELLIE GOULDING,39,LW:RE,5,24,2013-06-02,2013,2010,6
30960,EXPLOSIONS,ELLIE GOULDING,42,LW:RE,13,15,2013-06-02,2013,2010,6
30336,I NEED,MAVERICK SABRE,61,LW:RE,18,16,2013-06-02,2013,2010,6
25745,SWITCH,WILL SMITH,68,LW:RE,4,25,2013-06-02,2013,2010,6
30667,SPECTRUM,FLORENCE & THE MACHINE,71,LW:RE,1,38,2013-06-02,2013,2010,6
27054,STARLIGHT,MUSE,82,LW:RE,13,21,2013-06-02,2013,2010,6
31099,VERSE SKYDIVING,HOT NATURED FT ANABEL ENGLUND,83,LW:RE,81,2,2013-06-02,2013,2010,6
18766,ALL STAR,SMASH MOUTH,84,LW:RE,24,7,2013-06-02,2013,2010,6
6743,FE FALLIN',TOM PETTY,86,LW:RE,59,8,2013-06-02,2013,2010,6
30919,F**KIN' PROBLEMS,ASAP ROCKY FT DRAKE/2 CHAINZ,93,LW:RE,50,8,2013-06-02,2013,2010,6
27364,RUNNING UP THAT HILL,PLACEBO,95,LW:RE,44,5,2013-06-02,2013,2010,6
30328,PEOPLE HELP THE PEOPLE,BIRDY,96,LW:RE,33,10,2013-06-02,2013,2010,6
30875,NOT GIVING IN,RUDIMENTAL/NEWMAN/CLARE,97,LW:RE,14,20,2013-06-02,2013,2010,6
24702,MR BRIGHTSIDE,KILLERS,98,LW:RE,10,100,2013-06-02,2013,2010,6
30995,IF YOU COULD SEE ME NOW,SCRIPT,99,LW:RE,20,14,2013-06-02,2013,2010,6
28286,SUMMERTIME,DJ JAZZY JEFF & FRESH PRINCE,41,LW:RE,8,17,2013-06-09,2013,2010,6
28637,I'M YOURS,JASON MRAZ,42,LW:RE,11,91,2013-06-09,2013,2010,6
30835,EVERYTHING HAS CHANGED,TAYLOR SWIFT FT ED SHEERAN,53,LW:RE,50,2,2013-06-09,2013,2010,6
30714,MILLION VOICES,OTTO KNOWS,57,LW:RE,14,29,2013-06-09,2013,2010,6
31135,GHETTO SUPASTAR (THAT IS WHAT YOU A),PRAS MICHEL FT ODB & MYA,59,LW:RE,2,23,2013-06-09,2013,2010,6
29965,SKINNY LOVE,BIRDY,64,LW:RE,17,47,2013-06-09,2013,2010,6
29485,NEED YOU NOW,LADY ANTEBELLUM,66,LW:RE,15,46,2013-06-09,2013,2010,6
20193,ONE MO TIME,DAFT PUNK,76,LW:RE,2,23,2013-06-09,2013,2010,6
28605,LIVE YOUR LIFE,TI FT RIHANNA,82,LW:RE,2,24,2013-06-09,2013,2010,6
30729,BOM BOM,SAM & THE WOMP,83,LW:RE,1,23,2013-06-09,2013,2010,6
29112,SONGBIRD,EVA CASSIDY,87,LW:RE,56,2,2013-06-09,2013,2010,6
28012,FOOTPRINTS IN THE SAND,LEONA LEWIS,90,LW:RE,25,12,2013-06-09,2013,2010,6
29466,HEY SOUL SISTER,TRAIN,95,LW:RE,18,48,2013-06-09,2013,2010,6
31026,HIGH HOPES,KODALINE,100,LW:RE,16,7,2013-06-09,2013,2010,6
28910,TINY DANCER (HOLD ME CLOSER),IRONIK/CHIPMUNK/ELTON JOHN,76,LW:RE,3,17,2013-06-16,2013,2010,6
30378,DEDICATION TO MY EX (MISS THAT),LLOYD FT ANDRE 3000/LIL WAYNE,84,LW:RE,3,21,2013-06-16,2013,2010,6
30995,IF YOU COULD SEE ME NOW,SCRIPT,93,LW:RE,20,15,2013-06-16,2013,2010,6
30202,TITANIUM,DAVID GUETTA FT SIA,96,LW:RE,1,74,2013-06-16,2013,2010,6
30763,I WILL WAIT,MUMFORD & SONS,97,LW:RE,12,33,2013-06-16,2013,2010,6
31149,GOLDEN BROWN,STRANGLERS,98,LW:RE,2,13,2013-06-16,2013,2010,6
29098,UPRISING,MUSE,100,LW:RE,9,25,2013-06-16,2013,2010,6
30932,ANOTHER LOVE,TOM ODELL,10,LW:RE,10,7,2013-06-23,2013,2010,6
24052,MY IMMORTAL,EVANESCENCE,74,LW:RE,7,15,2013-06-23,2013,2010,6
1372,DANCING IN THE DARK,BRUCE SPRINGSTEEN,87,LW:RE,4,30,2013-06-23,2013,2010,6
31089,POWER TRIP,J COLE FT MIGUEL,100,LW:RE,46,7,2013-06-23,2013,2010,6
27520,LIFE ON MARS,DAVID BOWIE,89,LW:RE,3,16,2013-06-30,2013,2010,6
30632,LIGHTNING BOLT,JAKE BUGG,90,LW:RE,26,17,2013-06-30,2013,2010,6
23234,BRING ME TO LIFE,EVANESCENCE,92,LW:RE,1,38,2013-06-30,2013,2010,6
28910,TINY DANCER (HOLD ME CLOSER),IRONIK/CHIPMUNK/ELTON JOHN,96,LW:RE,3,18,2013-06-30,2013,2010,6
30471,R U MINE,ARCTIC MONKEYS,99,LW:RE,23,8,2013-06-30,2013,2010,6
30841,CANDY,ROBBIE WILLIAMS,100,LW:RE,1,24,2013-06-30,2013,2010,6
28353,VIVA LA VIDA,COLDPLAY,45,LW:RE,1,65,2013-07-07,2013,2010,7
28747,LITTLE LION MAN,MUMFORD & SONS,47,LW:RE,24,48,2013-07-07,2013,2010,7
28860,SHOW ME LOVE,STEVE ANGELLO & LAIDBACK LUKE,49,LW:RE,11,13,2013-07-07,2013,2010,7
30377,MAMA DO THE HUMP,RIZZLE KICKS,52,LW:RE,2,41,2013-07-07,2013,2010,7
30455,HOT RIGHT NOW,DJ FRESH FT RITA ORA,56,LW:RE,1,33,2013-07-07,2013,2010,7
27667,BIG GIRLS DON'T CRY,FERGIE,58,LW:RE,2,35,2013-07-07,2013,2010,7
26640,BETTER TOGETHER,JACK JOHNSON,61,LW:RE,24,9,2013-07-07,2013,2010,7
21393,IN TOO DEEP,SUM 41,62,LW:RE,13,12,2013-07-07,2013,2010,7
30794,BABEL,MUMFORD & SONS,76,LW:RE,76,2,2013-07-07,2013,2010,7
26334,I BET YOU LOOK GOOD ON THE DANCEFLOOR,ARCTIC MONKEYS,77,LW:RE,1,38,2013-07-07,2013,2010,7
29351,THE CAVE,MUMFORD & SONS,80,LW:RE,31,43,2013-07-07,2013,2010,7
28647,RUN,LEONA LEWIS,86,LW:RE,1,36,2013-07-07,2013,2010,7
20678,RIDE WIT ME,NELLY FT CITY SPUD,91,LW:RE,3,15,2013-07-07,2013,2010,7
27327,STARZ IN THEIR EYES,JUST JACK,93,LW:RE,2,25,2013-07-07,2013,2010,7
29266,HOLD YOU,GYPTIAN,94,LW:RE,16,18,2013-07-07,2013,2010,7
30988,FALLING,HAIM,95,LW:RE,30,12,2013-07-07,2013,2010,7
20847,PURPLE PILLS,D12,99,LW:RE,2,18,2013-07-07,2013,2010,7
30576,ONLY LOVE,BEN HOWARD,100,LW:RE,9,19,2013-07-07,2013,2010,7
25829,FEEL GOOD INC,GORILLAZ,72,LW:RE,2,48,2013-07-14,2013,2010,7
30360,LEVELS,AVICII,79,LW:RE,4,44,2013-07-14,2013,2010,7
24118,CALL ON ME,ERIC PRYDZ,82,LW:RE,1,41,2013-07-14,2013,2010,7
31047,IT'S TIME,IMAGINE DRAGONS,90,LW:RE,40,6,2013-07-14,2013,2010,7
31175,DON'T THINK THEY KNOW,CHRIS BROWN FT AALIYAH,95,LW:RE,94,2,2013-07-14,2013,2010,7
22478,DILEMMA,NELLY FT KELLY ROWLAND,96,LW:RE,1,24,2013-07-14,2013,2010,7
30877,RIGHT NOW,RIHANNA FT DAVID GUETTA,97,LW:RE,36,3,2013-07-14,2013,2010,7
673,D D WINE,UB40,99,LW:RE,1,15,2013-07-14,2013,2010,7
19337,DANCING IN THE MOONLIGHT,TOPLOADER,63,LW:RE,7,35,2013-07-21,2013,2010,7
30576,ONLY LOVE,BEN HOWARD,74,LW:RE,9,20,2013-07-21,2013,2010,7
30559,SILHOUETTES,AVICII,78,LW:RE,22,21,2013-07-21,2013,2010,7
24702,MR BRIGHTSIDE,KILLERS,87,LW:RE,10,105,2013-07-21,2013,2010,7
30811,LATCH,DISCLOSURE FT SAM SMITH,89,LW:RE,11,39,2013-07-21,2013,2010,7
31046,ON TOP OF THE WORLD,IMAGINE DRAGONS,92,LW:RE,34,6,2013-07-21,2013,2010,7
31216,RIGHT HE,RUDIMENTAL FT FOXES,63,LW:RE,63,2,2013-07-28,2013,2010,7
29965,SKINNY LOVE,BIRDY,71,LW:RE,17,48,2013-07-28,2013,2010,7
30036,TIME,CHASE & STATUS FT DELILAH,72,LW:RE,21,19,2013-07-28,2013,2010,7
30406,DOMINO,JESSIE J,75,LW:RE,1,39,2013-07-28,2013,2010,7
31020,HEY PORSCHE,NELLY,79,LW:RE,6,18,2013-07-28,2013,2010,7
31063,THATPOWER,WILL I AM FT JUSTIN BIEBER,82,LW:RE,2,13,2013-07-28,2013,2010,7
31024,STILL INTO YOU,PARAMORE,89,LW:RE,15,16,2013-07-28,2013,2010,7
31044,IT'S A BEAUTIFUL DAY,MICHAEL BUBLE,96,LW:RE,10,9,2013-07-28,2013,2010,7
30810,I KNEW YOU WE TROUBLE,TAYLOR SWIFT,98,LW:RE,2,39,2013-07-28,2013,2010,7
10970,CEP,RADIOHEAD,99,LW:RE,7,25,2013-07-28,2013,2010,7
31088,YOU KNOW YOU LIKE IT,ALUNAGEORGE,39,LW:RE,39,3,2013-08-04,2013,2010,8
30316,PARADISE,COLDPLAY,62,LW:RE,1,57,2013-08-04,2013,2010,8
30493,I WON'T GIVE UP,JASON MRAZ,76,LW:RE,11,36,2013-08-04,2013,2010,8
27667,BIG GIRLS DON'T CRY,FERGIE,82,LW:RE,2,37,2013-08-04,2013,2010,8
28647,RUN,LEONA LEWIS,83,LW:RE,1,38,2013-08-04,2013,2010,8
1948,THE BOYS OF SUMMER,DON HENLEY,93,LW:RE,12,21,2013-08-04,2013,2010,8
30667,SPECTRUM,FLORENCE & THE MACHINE,95,LW:RE,1,39,2013-08-04,2013,2010,8
30796,DIAMONDS,RIHANNA,97,LW:RE,1,43,2013-08-04,2013,2010,8
30811,LATCH,DISCLOSURE FT SAM SMITH,99,LW:RE,11,40,2013-08-04,2013,2010,8
30876,BACK IN BLACK,AC/DC,100,LW:RE,27,4,2013-08-04,2013,2010,8
25964,YOU' BEAUTIFUL,JAMES BLUNT,63,LW:RE,1,42,2013-08-11,2013,2010,8
31234,CALIFORNIA DAMIN',MAMAS & THE PAPAS,80,LW:RE,9,10,2013-08-11,2013,2010,8
14253,TURN OF THE MACK,MARK MORRISON,85,LW:RE,1,27,2013-08-11,2013,2010,8
19645,FORGOT ABOUT D,DR DRE FT EMINEM,89,LW:RE,7,17,2013-08-11,2013,2010,8
30360,LEVELS,AVICII,90,LW:RE,4,47,2013-08-11,2013,2010,8
30645,BLACK HEART,STOOSHE,96,LW:RE,3,24,2013-08-11,2013,2010,8
30972,CHOCOLATE,1975,98,LW:RE,19,20,2013-08-11,2013,2010,8
28520,USE SOMEBODY,KINGS OF LEON,64,LW:RE,2,101,2013-08-18,2013,2010,8
26963,CHASING CARS,SNOW PATROL,66,LW:RE,6,161,2013-08-18,2013,2010,8
22162,A THOUSAND MILES,VANESSA CARLTON,70,LW:RE,6,18,2013-08-18,2013,2010,8
30423,MIDNIGHT CITY,M83,77,LW:RE,34,14,2013-08-18,2013,2010,8
30667,SPECTRUM,FLORENCE & THE MACHINE,80,LW:RE,1,40,2013-08-18,2013,2010,8
24321,SOMEWHE ONLY WE KNOW,KEANE,85,LW:RE,3,17,2013-08-18,2013,2010,8
20397,TEENAGE DIRTBAG,WHEATUS,86,LW:RE,2,32,2013-08-18,2013,2010,8
30714,MILLION VOICES,OTTO KNOWS,89,LW:RE,14,36,2013-08-18,2013,2010,8
31080,YOUNG AND BEAUTIFUL,LANA DEL REY,92,LW:RE,23,11,2013-08-18,2013,2010,8
31187,BOUNCE,IGGY AZALEA,95,LW:RE,13,5,2013-08-18,2013,2010,8
24408,STACY'S MOM,FOUNTAINS OF WAYNE,73,LW:RE,11,8,2013-08-25,2013,2010,8
30705,WILDEST MOMENTS,JESSIE WARE,83,LW:RE,46,6,2013-08-25,2013,2010,8
19408,ALL THE SMALL THINGS,BLINK 182,87,LW:RE,2,14,2013-08-25,2013,2010,8
30811,LATCH,DISCLOSURE FT SAM SMITH,88,LW:RE,11,41,2013-08-25,2013,2010,8
21393,IN TOO DEEP,SUM 41,89,LW:RE,13,15,2013-08-25,2013,2010,8
31214,THUNDER CLATTER,WILD CUB,94,LW:RE,59,2,2013-08-25,2013,2010,8
30254,WHAT MAKES YOU BEAUTIFUL,ONE DIRECTION,97,LW:RE,1,77,2013-08-25,2013,2010,8
18766,ALL STAR,SMASH MOUTH,98,LW:RE,24,8,2013-08-25,2013,2010,8
26252,GOLD DIGGER,KANYE WEST FT JAMIE FOXX,40,LW:RE,2,66,2013-09-01,2013,2010,9
22679,LOSE YOURSELF,EMINEM,42,LW:RE,1,46,2013-09-01,2013,2010,9
28700,YOU'VE GOT THE LOVE,FLORENCE & THE MACHINE,57,LW:RE,5,65,2013-09-01,2013,2010,9
27362,LISTEN,BEYONCE,66,LW:RE,8,22,2013-09-01,2013,2010,9
30972,CHOCOLATE,1975,69,LW:RE,19,22,2013-09-01,2013,2010,9
30537,TOO CLOSE,ALEX CLARE,71,LW:RE,4,36,2013-09-01,2013,2010,9
23185,IGNITION MIX,R KELLY,72,LW:RE,1,26,2013-09-01,2013,2010,9
28739,IN FOR THE KILL,LA ROUX,73,LW:RE,2,50,2013-09-01,2013,2010,9
30316,PARADISE,COLDPLAY,76,LW:RE,1,60,2013-09-01,2013,2010,9
30459,AD ALL ABOUT IT PT 3,EMELI SANDE,77,LW:RE,3,47,2013-09-01,2013,2010,9
17431,SAVE TONIGHT,EAGLE-EYE CHERRY,81,LW:RE,6,19,2013-09-01,2013,2010,9
28502,KIDS,MGMT,82,LW:RE,16,46,2013-09-01,2013,2010,9
30979,STARTED FROM THE BOTTOM,DRAKE,85,LW:RE,25,13,2013-09-01,2013,2010,9
30799,ANYTHING COULD HAPPEN,ELLIE GOULDING,92,LW:RE,5,26,2013-09-01,2013,2010,9
29965,SKINNY LOVE,BIRDY,96,LW:RE,17,52,2013-09-01,2013,2010,9
28647,RUN,LEONA LEWIS,98,LW:RE,1,40,2013-09-01,2013,2010,9
4048,NOTHING'S GONNA STOP US NOW,STARSHIP,39,LW:RE,1,19,2013-09-08,2013,2010,9
10533,I HAVE NOTHING,WHITNEY HOUSTON,61,LW:RE,3,12,2013-09-08,2013,2010,9
31253,ALMOST IS NEVER ENOUGH,ARIANA GRANDE FT NATHAN SYKES,85,LW:RE,49,2,2013-09-08,2013,2010,9
21489,HERO,ENRIQUE IGLESIAS,89,LW:RE,1,33,2013-09-08,2013,2010,9
31201,SUPERSOAKER,KINGS OF LEON,95,LW:RE,32,7,2013-09-08,2013,2010,9
31076,LIKE HOME,NICKY ROMERO & NERVO,99,LW:RE,33,3,2013-09-08,2013,2010,9
30808,DON'T YOU WORRY CHILD,SWEDISH HOUSE MAFIA/MARTIN,40,LW:RE,1,47,2013-09-15,2013,2010,9
30471,R U MINE,ARCTIC MONKEYS,45,LW:RE,23,11,2013-09-15,2013,2010,9
30202,TITANIUM,DAVID GUETTA FT SIA,60,LW:RE,1,84,2013-09-15,2013,2010,9
30976,WHEN I WAS YOUR MAN,BRUNO MARS,66,LW:RE,2,30,2013-09-15,2013,2010,9
30796,DIAMONDS,RIHANNA,67,LW:RE,1,45,2013-09-15,2013,2010,9
31230,WAIT FOR ME,KINGS OF LEON,75,LW:RE,31,5,2013-09-15,2013,2010,9
18766,ALL STAR,SMASH MOUTH,76,LW:RE,24,9,2013-09-15,2013,2010,9
30111,JAR OF HEARTS,CHRISTINA PERRI,78,LW:RE,4,53,2013-09-15,2013,2010,9
28647,RUN,LEONA LEWIS,84,LW:RE,1,41,2013-09-15,2013,2010,9
29383,OPPOSITE OF ADULTS,CHIDDY BANG,90,LW:RE,12,19,2013-09-15,2013,2010,9
31153,WASTING MY YOUNG YEARS,LONDON GRAMMAR,92,LW:RE,31,4,2013-09-15,2013,2010,9
30035,THE LAZY SONG,BRUNO MARS,93,LW:RE,1,34,2013-09-15,2013,2010,9
30423,MIDNIGHT CITY,M83,96,LW:RE,34,16,2013-09-15,2013,2010,9
26174,PON DE PLAY,RIHANNA,99,LW:RE,2,26,2013-09-15,2013,2010,9
30473,SKYSCRAPER,DEMI LOVATO,59,LW:RE,32,4,2013-09-22,2013,2010,9
31267,GIVE IT 2 U,ROBIN THICKE/KENDRICK LAMAR,61,LW:RE,61,3,2013-09-22,2013,2010,9
31121,LOSE YOURSELF TO DANCE,DAFT PUNK FT PHARRELL WILLIAMS,66,LW:RE,66,2,2013-09-22,2013,2010,9
30865,LITTLE THINGS,ONE DIRECTION,67,LW:RE,1,25,2013-09-22,2013,2010,9
28938,D,DANIEL MERRIWEATHER,75,LW:RE,5,31,2013-09-22,2013,2010,9
31108,WE OWN IT (FAST & FURIOUS),2 CHAINZ FT WIZ KHALIFA,86,LW:RE,6,11,2013-09-22,2013,2010,9
29112,SONGBIRD,EVA CASSIDY,95,LW:RE,56,3,2013-09-22,2013,2010,9
31156,BLACK SKINHEAD,KANYE WEST,96,LW:RE,34,12,2013-09-22,2013,2010,9
30979,STARTED FROM THE BOTTOM,DRAKE,46,LW:RE,25,14,2013-09-29,2013,2010,9
30345,TAKE CA,DRAKE FT RIHANNA,57,LW:RE,9,42,2013-09-29,2013,2010,9
25098,LEAVE (GET OUT),JOJO,61,LW:RE,2,9,2013-09-29,2013,2010,9
30316,PARADISE,COLDPLAY,77,LW:RE,1,63,2013-09-29,2013,2010,9
20814,THE YOU'LL BE,FAITH HILL,89,LW:RE,3,24,2013-09-29,2013,2010,9
30493,I WON'T GIVE UP,JASON MRAZ,14,LW:RE,11,38,2013-10-06,2013,2010,10
31320,LAST NIGHT (BEER FEAR),LUCY SPRAGGAN,18,LW:RE,11,3,2013-10-06,2013,2010,10
30776,CLOWN,EMELI SANDE,47,LW:RE,4,26,2013-10-06,2013,2010,10
17552,IRIS,GOO GOO DOLLS,53,LW:RE,3,88,2013-10-06,2013,2010,10
30865,LITTLE THINGS,ONE DIRECTION,68,LW:RE,1,26,2013-10-06,2013,2010,10
22040,STOP CRYING YOUR HEART OUT,OASIS,71,LW:RE,2,20,2013-10-06,2013,2010,10
30910,STAY,RIHANNA FT MIKKY EKKO,74,LW:RE,4,30,2013-10-06,2013,2010,10
30459,AD ALL ABOUT IT PT 3,EMELI SANDE,80,LW:RE,3,50,2013-10-06,2013,2010,10
30988,FALLING,HAIM,85,LW:RE,30,13,2013-10-06,2013,2010,10
30860,I'M KISSING YOU,DES'REE,91,LW:RE,83,2,2013-10-06,2013,2010,10
31255,I DON'T NEED A ASON,DIZZEE RASCAL,95,LW:RE,69,2,2013-10-06,2013,2010,10
31061,POUR IT UP,RIHANNA,96,LW:RE,70,4,2013-10-06,2013,2010,10
30976,WHEN I WAS YOUR MAN,BRUNO MARS,100,LW:RE,2,32,2013-10-06,2013,2010,10
30710,LITTLE TALKS,OF MONSTERS & MEN,52,LW:RE,12,39,2013-10-13,2013,2010,10
31168,LOST & NOT FOUND,CHASE & STATUS FT LOUIS MTTRS,70,LW:RE,9,11,2013-10-13,2013,2010,10
28716,THE CLIMB,MILEY CYRUS,74,LW:RE,11,23,2013-10-13,2013,2010,10
29885,BLIND FAITH,CHASE & STATUS FT LIAM BAILEY,89,LW:RE,5,36,2013-10-13,2013,2010,10
30909,SCAM & SHOUT,WILL I AM FT BRITNEY SPEARS,91,LW:RE,1,34,2013-10-13,2013,2010,10
25073,SHE WILL BE LOVED,MAROON 5,92,LW:RE,4,18,2013-10-13,2013,2010,10
19305,PU SHOS,ALL SAINTS,94,LW:RE,1,20,2013-10-13,2013,2010,10
26918,LAST QUEST,PAOLO NUTINI,99,LW:RE,5,40,2013-10-13,2013,2010,10
31181,TRUE LOVE,PINK FT LILY ROSE COOPER,100,LW:RE,16,14,2013-10-13,2013,2010,10
31276,SKIP TO THE GOOD BIT,RIZZLE KICKS,44,LW:RE,44,2,2013-10-20,2013,2010,10
20814,THE YOU'LL BE,FAITH HILL,86,LW:RE,3,25,2013-10-20,2013,2010,10
30826,HO HEY,LUMINEERS,87,LW:RE,8,50,2013-10-20,2013,2010,10
15072,NO DIGGITY,BLACKSTREET FT DR DRE,91,LW:RE,9,24,2013-10-20,2013,2010,10
30799,ANYTHING COULD HAPPEN,ELLIE GOULDING,92,LW:RE,5,28,2013-10-20,2013,2010,10
30988,FALLING,HAIM,93,LW:RE,30,14,2013-10-20,2013,2010,10
30202,TITANIUM,DAVID GUETTA FT SIA,99,LW:RE,1,86,2013-10-20,2013,2010,10
21503,ANGEL,SARAH MCLACHLAN,87,LW:RE,36,6,2013-10-27,2013,2010,10
24622,EVERYBODY'S CHANGING,KEANE,89,LW:RE,4,13,2013-10-27,2013,2010,10
31278,GIRLS,1975,95,LW:RE,93,2,2013-10-27,2013,2010,10
31283,FLEKTOR,ARCADE FIRE,98,LW:RE,44,3,2013-10-27,2013,2010,10
29219,FIWORK,KATY PERRY,100,LW:RE,3,67,2013-10-27,2013,2010,10
929,THRILLER,MICHAEL JACKSON,48,LW:RE,10,50,2013-11-03,2013,2010,11
27362,LISTEN,BEYONCE,61,LW:RE,8,25,2013-11-03,2013,2010,11
11958,KISS FROM A ROSE,SEAL,67,LW:RE,4,26,2013-11-03,2013,2010,11
27975,GHOSTBUSTERS,RAY PARKER JR,69,LW:RE,2,38,2013-11-03,2013,2010,11
27977,MONSTER MASH,BOBBY BORIS PICKETT,76,LW:RE,60,6,2013-11-03,2013,2010,11
30798,SKYFALL,ADELE,81,LW:RE,2,32,2013-11-03,2013,2010,11
30972,CHOCOLATE,1975,88,LW:RE,19,29,2013-11-03,2013,2010,11
30755,GANGNAM STYLE,PSY,92,LW:RE,1,52,2013-11-03,2013,2010,11
31156,BLACK SKINHEAD,KANYE WEST,93,LW:RE,34,14,2013-11-03,2013,2010,11
31129,CARRY YOU,UNION J,98,LW:RE,6,6,2013-11-03,2013,2010,11
30459,AD ALL ABOUT IT PT 3,EMELI SANDE,99,LW:RE,3,51,2013-11-03,2013,2010,11
31332,BERZERK,EMINEM,30,LW:RE,2,4,2013-11-10,2013,2010,11
31361,SURVIVAL,EMINEM,34,LW:RE,22,2,2013-11-10,2013,2010,11
31303,SEXY LADY,JESSIE J,36,LW:RE,22,3,2013-11-10,2013,2010,11
31346,RAP GOD,EMINEM,45,LW:RE,5,3,2013-11-10,2013,2010,11
31046,ON TOP OF THE WORLD,IMAGINE DRAGONS,57,LW:RE,34,11,2013-11-10,2013,2010,11
30908,IMPOSSIBLE,JAMES ARTHUR,58,LW:RE,1,22,2013-11-10,2013,2010,11
31229,TRAMPOLINE,TINIE TEMPAH FT 2 CHAINZ,69,LW:RE,3,11,2013-11-10,2013,2010,11
29219,FIWORK,KATY PERRY,89,LW:RE,3,68,2013-11-10,2013,2010,11
30865,LITTLE THINGS,ONE DIRECTION,97,LW:RE,1,27,2013-11-10,2013,2010,11
9268,STAY,SHAKESPEARS SISTER,99,LW:RE,1,22,2013-11-10,2013,2010,11
24321,SOMEWHE ONLY WE KNOW,KEANE,100,LW:RE,3,20,2013-11-10,2013,2010,11
30826,HO HEY,LUMINEERS,58,LW:RE,8,53,2013-11-17,2013,2010,11
24622,EVERYBODY'S CHANGING,KEANE,65,LW:RE,4,14,2013-11-17,2013,2010,11
31295,HEY BROTHER,AVICII,80,LW:RE,58,3,2013-11-17,2013,2010,11
27077,WHEN YOU WE YOUNG,KILLERS,87,LW:RE,2,20,2013-11-17,2013,2010,11
24702,MR BRIGHTSIDE,KILLERS,88,LW:RE,10,106,2013-11-17,2013,2010,11
22769,YEAR 3000,BUSTED,91,LW:RE,2,18,2013-11-17,2013,2010,11
12556,ALL I WANT FOR CHRISTMAS IS YOU,MARIAH CAREY,98,LW:RE,2,54,2013-11-17,2013,2010,11
31155,BANG BANG,WILL I AM,56,LW:RE,3,18,2013-11-24,2013,2010,11
31286,BOUND 2,KANYE WEST,84,LW:RE,55,4,2013-11-24,2013,2010,11
26511,FAIRYTALE OF NEW YORK,POGUES FT KIRSTY MACCOLL,85,LW:RE,2,63,2013-11-24,2013,2010,11
31191,THINKING ABOUT YOU,CALVIN HARRIS FT AYAH MARAR,89,LW:RE,8,16,2013-11-24,2013,2010,11
20200,ONLY TIME,ENYA,95,LW:RE,32,4,2013-11-24,2013,2010,11
1398,SMALLTOWN BOY,BRONSKI BEAT,99,LW:RE,3,17,2013-11-24,2013,2010,11
5232,FAST CAR,TRACY CHAPMAN,72,LW:RE,4,42,2013-12-01,2013,2010,12
15346,DON'T LET GO (LOVE),EN VOGUE,80,LW:RE,5,22,2013-12-01,2013,2010,12
30763,I WILL WAIT,MUMFORD & SONS,82,LW:RE,12,44,2013-12-01,2013,2010,12
28036,LAST CHRISTMAS,WHAM,91,LW:RE,14,28,2013-12-01,2013,2010,12
28041,I WISH IT COULD BE CHRISTMAS EVERYDAY,WIZZARD,92,LW:RE,16,27,2013-12-01,2013,2010,12
2738,MERRY CHRISTMAS EVERYONE,SHAKIN' STEVENS,56,LW:RE,1,41,2013-12-08,2013,2010,12
72,MERRY XMAS EVERYBODY,SLADE,57,LW:RE,1,71,2013-12-08,2013,2010,12
28049,DO THEY KNOW IT'S CHRISTMAS,BAND AID,62,LW:RE,1,49,2013-12-08,2013,2010,12
28089,ROCKIN' AROUND THE CHRISTMAS TE,BRENDA LEE,67,LW:RE,6,22,2013-12-08,2013,2010,12
29965,SKINNY LOVE,BIRDY,69,LW:RE,17,59,2013-12-08,2013,2010,12
4774,DRIVING HOME FOR CHRISTMAS,CHRIS REA,72,LW:RE,33,30,2013-12-08,2013,2010,12
30858,THE POWER OF LOVE,GABRIELLE APLIN,88,LW:RE,1,16,2013-12-08,2013,2010,12
12530,STAY ANOTHER DAY,EAST 17,89,LW:RE,1,32,2013-12-08,2013,2010,12
31405,BUDAPEST,GEORGE EZRA,94,LW:RE,72,2,2013-12-08,2013,2010,12
28035,IT'S THE MOST WONDERFUL TIME OF THE YEAR,ANDY WILLIAMS,98,LW:RE,21,10,2013-12-08,2013,2010,12
31395,I SEE FI,ED SHEERAN,47,LW:RE,13,4,2013-12-15,2013,2010,12
31425,LITTLE ME,LITTLE MIX,51,LW:RE,51,2,2013-12-15,2013,2010,12
24702,MR BRIGHTSIDE,KILLERS,75,LW:RE,10,107,2013-12-15,2013,2010,12
31446,I WAN'NA BE LIKE YOU,ROBBIE WILLIAMS FT OLLY MURS,78,LW:RE,78,3,2013-12-15,2013,2010,12
30932,ANOTHER LOVE,TOM ODELL,84,LW:RE,10,21,2013-12-15,2013,2010,12
31113,LA LA LA,NAUGHTY BOY FT SAM SMITH,95,LW:RE,1,29,2013-12-15,2013,2010,12
30976,WHEN I WAS YOUR MAN,BRUNO MARS,96,LW:RE,2,37,2013-12-15,2013,2010,12
24076,CHRISTMAS TIME (DON'T LET THE BELLS END),DARKNESS,97,LW:RE,2,20,2013-12-15,2013,2010,12
30878,HIGHWAY TO HELL,AC/DC,4,LW:RE,4,3,2013-12-22,2013,2010,12
30473,SKYSCRAPER,DEMI LOVATO,37,LW:RE,7,11,2013-12-22,2013,2010,12
31456,MIDNIGHT MEMORIES,ONE DIRECTION,62,LW:RE,49,2,2013-12-22,2013,2010,12
30799,ANYTHING COULD HAPPEN,ELLIE GOULDING,71,LW:RE,5,29,2013-12-22,2013,2010,12
30386,IT'S BEGINNING TO LOOK A LOT LIKE,MICHAEL BUBLE,81,LW:RE,77,6,2013-12-22,2013,2010,12
28606,HUMAN,KILLERS,83,LW:RE,3,55,2013-12-22,2013,2010,12
28054,HAPPY XMAS (WAR IS OVER),JOHN & YOKO/PLASTIC ONO BAND,88,LW:RE,40,20,2013-12-22,2013,2010,12
30755,GANGNAM STYLE,PSY,94,LW:RE,1,53,2013-12-22,2013,2010,12
30808,DON'T YOU WORRY CHILD,SWEDISH HOUSE MAFIA/MARTIN,100,LW:RE,1,57,2013-12-22,2013,2010,12
31288,IT'S MY PARTY,JESSIE J,40,LW:RE,3,12,2013-12-29,2014,2010,12
31332,BERZERK,EMINEM,51,LW:RE,2,10,2013-12-29,2014,2010,12
30849,I NEED YOUR LOVE,CALVIN HARRIS/ELLIE GOULDING,58,LW:RE,4,28,2013-12-29,2014,2010,12
31333,R U CRAZY,CONOR MAYNARD,60,LW:RE,4,10,2013-12-29,2014,2010,12
31358,YOU' NOBODY 'TIL SOMEBODY LOVES YOU,JAMES ARTHUR,69,LW:RE,2,9,2013-12-29,2014,2010,12
31150,THE OTHER SIDE,JASON DERULO,71,LW:RE,2,21,2013-12-29,2014,2010,12
31239,APPLAUSE,LADY GAGA,75,LW:RE,5,18,2013-12-29,2014,2010,12
31346,RAP GOD,EMINEM,77,LW:RE,5,7,2013-12-29,2014,2010,12
31382,CHILDN OF THE SUN,TINIE TEMPAH FT JOHN MARTIN,79,LW:RE,6,7,2013-12-29,2014,2010,12
31359,BOOYAH,SHOWTEK/WE ARE LOUD/WILSON,82,LW:RE,5,9,2013-12-29,2014,2010,12
31031,CAN'T HOLD US,MACKLEMORE/RYAN LEWIS/DALTON,83,LW:RE,3,36,2013-12-29,2014,2010,12
30892,RADIOACTIVE,IMAGINE DRAGONS,85,LW:RE,12,52,2013-12-29,2014,2010,12
15072,NO DIGGITY,BLACKSTREET FT DR DRE,86,LW:RE,9,28,2013-12-29,2014,2010,12
26252,GOLD DIGGER,KANYE WEST FT JAMIE FOXX,88,LW:RE,2,71,2013-12-29,2014,2010,12
31345,JULIET,LAWSON,89,LW:RE,3,8,2013-12-29,2014,2010,12
31155,BANG BANG,WILL I AM,90,LW:RE,3,20,2013-12-29,2014,2010,12
31349,ALL THAT MATTERS,JUSTIN BIEBER,94,LW:RE,20,3,2013-12-29,2014,2010,12
3530,LIVIN' ON A PRAYER,BON JOVI,95,LW:RE,4,36,2013-12-29,2014,2010,12
31278,GIRLS,1975,96,LW:RE,45,9,2013-12-29,2014,2010,12
2437,SUMMER OF '69,BRYAN ADAMS,97,LW:RE,42,13,2013-12-29,2014,2010,12
30254,WHAT MAKES YOU BEAUTIFUL,ONE DIRECTION,98,LW:RE,1,78,2013-12-29,2014,2010,12
27937,ROCKSTAR,NICKELBACK,99,LW:RE,2,57,2013-12-29,2014,2010,12
31260,LOST GENERATION,RIZZLE KICKS,100,LW:RE,6,11,2013-12-29,2014,2010,12
31062,WAITING ALL NIGHT,RUDIMENTAL FT ELLA EYRE,54,LW:RE,1,31,2014-01-05,2014,2010,1
30826,HO HEY,LUMINEERS,61,LW:RE,8,57,2014-01-05,2014,2010,1
30875,NOT GIVING IN,RUDIMENTAL/NEWMAN/CLARE,67,LW:RE,14,22,2014-01-05,2014,2010,1
31281,WHAT I MIGHT DO,BEN PEARCE,70,LW:RE,7,15,2014-01-05,2014,2010,1
31271,STRONG,LONDON GRAMMAR,77,LW:RE,16,12,2014-01-05,2014,2010,1
30606,FEEL THE LOVE,RUDIMENTAL FT JOHN NEWMAN,83,LW:RE,1,64,2014-01-05,2014,2010,1
31480,RIPTIDE,VANCE JOY,85,LW:RE,85,3,2014-01-05,2014,2010,1
28700,YOU'VE GOT THE LOVE,FLORENCE & THE MACHINE,86,LW:RE,5,67,2014-01-05,2014,2010,1
31476,NIGHTCALL,LONDON GRAMMAR,87,LW:RE,53,3,2014-01-05,2014,2010,1
30972,CHOCOLATE,1975,93,LW:RE,19,32,2014-01-05,2014,2010,1
30632,LIGHTNING BOLT,JAKE BUGG,94,LW:RE,26,19,2014-01-05,2014,2010,1
31046,ON TOP OF THE WORLD,IMAGINE DRAGONS,96,LW:RE,34,15,2014-01-05,2014,2010,1
31467,THANK YOU,BUSTA RHYMES/Q-TIP/KANYE WEST,98,LW:RE,70,4,2014-01-05,2014,2010,1
31491,DEEPER,ELLA EYRE,72,LW:RE,72,2,2014-01-12,2014,2010,1
30341,A THOUSAND YEARS,CHRISTINA PERRI,77,LW:RE,11,67,2014-01-12,2014,2010,1
31339,ADO YOU,MILEY CYRUS,82,LW:RE,61,2,2014-01-12,2014,2010,1
31346,RAP GOD,EMINEM,83,LW:RE,5,8,2014-01-12,2014,2010,1
30933,FOVER,HAIM,86,LW:RE,75,3,2014-01-12,2014,2010,1
30808,DON'T YOU WORRY CHILD,SWEDISH HOUSE MAFIA/MARTIN,88,LW:RE,1,58,2014-01-12,2014,2010,1
31485,RUDEBOY,SIGMA FT DOCTOR,94,LW:RE,56,2,2014-01-12,2014,2010,1
31493,PTTY HURTS,BEYONCE,97,LW:RE,93,2,2014-01-12,2014,2010,1
31247,SONNENTANZ (SUN DON'T SHINE),KLANGKARUSSELL FT WILL HEARD,57,LW:RE,3,17,2014-01-19,2014,2010,1
15072,NO DIGGITY,BLACKSTREET FT DR DRE,69,LW:RE,9,30,2014-01-19,2014,2010,1
29965,SKINNY LOVE,BIRDY,70,LW:RE,17,60,2014-01-19,2014,2010,1
30473,SKYSCRAPER,DEMI LOVATO,75,LW:RE,7,13,2014-01-19,2014,2010,1
25342,I PDICT A RIOT,KAISER CHIEFS,77,LW:RE,9,40,2014-01-19,2014,2010,1
28802,HALO,BEYONCE,85,LW:RE,4,49,2014-01-19,2014,2010,1
26252,GOLD DIGGER,KANYE WEST FT JAMIE FOXX,87,LW:RE,2,73,2014-01-19,2014,2010,1
24321,SOMEWHE ONLY WE KNOW,KEANE,88,LW:RE,3,26,2014-01-19,2014,2010,1
22679,LOSE YOURSELF,EMINEM,89,LW:RE,1,51,2014-01-19,2014,2010,1
5440,SWEET CHILD O' MINE,GUNS N' ROSES,94,LW:RE,24,30,2014-01-19,2014,2010,1
30910,STAY,RIHANNA FT MIKKY EKKO,98,LW:RE,4,31,2014-01-19,2014,2010,1
31050,DEMONS,IMAGINE DRAGONS,63,LW:RE,63,2,2014-01-26,2014,2010,1
31405,BUDAPEST,GEORGE EZRA,68,LW:RE,68,3,2014-01-26,2014,2010,1
31291,DARK HORSE,KATY PERRY FT JUICY J,70,LW:RE,21,8,2014-01-26,2014,2010,1
30270,NO GTS,DAPPY,83,LW:RE,1,21,2014-01-26,2014,2010,1
31342,MY N***A,YG/JEEZY/RICH HOMIE QUAN,96,LW:RE,53,4,2014-01-26,2014,2010,1
30604,HOLLOW TALK,CHOIR OF YOUNG BELIEVERS,98,LW:RE,93,2,2014-01-26,2014,2010,1
30808,DON'T YOU WORRY CHILD,SWEDISH HOUSE MAFIA/MARTIN,99,LW:RE,1,59,2014-01-26,2014,2010,1
683,IT'S RAINING MEN,WEATHER GIRLS,31,LW:RE,31,8,2014-02-02,2014,2010,2
31440,WHAT NOW,RIHANNA,53,LW:RE,25,10,2014-02-02,2014,2010,2
31262,SAME LOVE,MACKLEMORE/LEWIS/LAMBERT,58,LW:RE,6,15,2014-02-02,2014,2010,2
31269,LIVED A LIE,YOU ME AT SIX,68,LW:RE,11,3,2014-02-02,2014,2010,2
30960,EXPLOSIONS,ELLIE GOULDING,74,LW:RE,13,17,2014-02-02,2014,2010,2
31026,HIGH HOPES,KODALINE,79,LW:RE,16,11,2014-02-02,2014,2010,2
26252,GOLD DIGGER,KANYE WEST FT JAMIE FOXX,87,LW:RE,2,74,2014-02-02,2014,2010,2
31465,FSH START FEVER,YOU ME AT SIX,92,LW:RE,46,3,2014-02-02,2014,2010,2
20373,MS JACKSON,OUTKAST,93,LW:RE,2,14,2014-02-02,2014,2010,2
30765,PLAY HARD,DAVID GUETTA FT NE-YO/AKON,97,LW:RE,6,29,2014-02-02,2014,2010,2
21611,WHENEVER WHEVER,SHAKIRA,99,LW:RE,2,22,2014-02-02,2014,2010,2
31211,F FOR YOU,DISCLOSURE,29,LW:RE,20,10,2014-02-09,2014,2010,2
31271,STRONG,LONDON GRAMMAR,70,LW:RE,16,15,2014-02-09,2014,2010,2
31456,MIDNIGHT MEMORIES,ONE DIRECTION,73,LW:RE,46,6,2014-02-09,2014,2010,2
30866,LOCKED OUT OF HEAVEN,BRUNO MARS,81,LW:RE,2,36,2014-02-09,2014,2010,2
30776,CLOWN,EMELI SANDE,89,LW:RE,4,27,2014-02-09,2014,2010,2
31046,ON TOP OF THE WORLD,IMAGINE DRAGONS,91,LW:RE,34,17,2014-02-09,2014,2010,2
30810,I KNEW YOU WE TROUBLE,TAYLOR SWIFT,94,LW:RE,2,40,2014-02-09,2014,2010,2
31116,TASU,BRUNO MARS,96,LW:RE,12,25,2014-02-09,2014,2010,2
16651,ANGELS,ROBBIE WILLIAMS,98,LW:RE,4,68,2014-02-09,2014,2010,2
31380,EAT SLEEP RAVE PEAT,FATBOYSLIM/RIVASTARR/BEARDYMAN,54,LW:RE,3,15,2014-02-16,2014,2010,2
31278,GIRLS,1975,64,LW:RE,45,13,2014-02-16,2014,2010,2
31474,CONFIDENT,JUSTIN BIEBER FT CHANCE,79,LW:RE,33,2,2014-02-16,2014,2010,2
27347,HOW TO SAVE A LIFE,FRAY,85,LW:RE,4,64,2014-02-16,2014,2010,2
31359,BOOYAH,SHOWTEK/WE ARE LOUD/WILSON,88,LW:RE,5,15,2014-02-16,2014,2010,2
27680,FOUNDATIONS,KATE NASH,90,LW:RE,2,35,2014-02-16,2014,2010,2
31113,LA LA LA,NAUGHTY BOY FT SAM SMITH,94,LW:RE,1,37,2014-02-16,2014,2010,2
29227,JUST THE WAY YOU A (AMAZING),BRUNO MARS,96,LW:RE,1,66,2014-02-16,2014,2010,2
27736,DAM CATCH ME,NEWTON FAULKNER,98,LW:RE,7,48,2014-02-16,2014,2010,2
31062,WAITING ALL NIGHT,RUDIMENTAL FT ELLA EYRE,42,LW:RE,1,34,2014-02-23,2014,2010,2
30471,R U MINE,ARCTIC MONKEYS,55,LW:RE,23,13,2014-02-23,2014,2010,2
30811,LATCH,DISCLOSURE FT SAM SMITH,59,LW:RE,11,43,2014-02-23,2014,2010,2
31116,TASU,BRUNO MARS,61,LW:RE,12,26,2014-02-23,2014,2010,2
30968,WHITE NOISE,DISCLOSURE/ALUNAGEORGE,67,LW:RE,2,25,2014-02-23,2014,2010,2
30606,FEEL THE LOVE,RUDIMENTAL FT JOHN NEWMAN,68,LW:RE,1,65,2014-02-23,2014,2010,2
31235,THINGS WE LOST IN THE FI,BASTILLE,88,LW:RE,28,12,2014-02-23,2014,2010,2
31240,WHY'D YOU ONLY CALL ME WHEN YOU' HIGH,ARCTIC MONKEYS,90,LW:RE,8,14,2014-02-23,2014,2010,2
30875,NOT GIVING IN,RUDIMENTAL/NEWMAN/CLARE,95,LW:RE,14,26,2014-02-23,2014,2010,2
31209,BEST SONG EVER,ONE DIRECTION,96,LW:RE,2,28,2014-02-23,2014,2010,2
2672,WE BUILT THIS CITY,STARSHIP,26,LW:RE,12,14,2014-03-02,2014,2010,3
10297,THINGS CAN ONLY GET BETTER,D:REAM,66,LW:RE,1,18,2014-03-02,2014,2010,3
31342,MY N***A,YG/JEEZY/RICH HOMIE QUAN,72,LW:RE,53,5,2014-03-02,2014,2010,3
29751,THE FIRST TIME EVER I SAW YOUR FACE,ROBERTA FLACK,77,LW:RE,14,18,2014-03-02,2014,2010,3
31533,LUNA,BOMBAY BICYCLE CLUB,82,LW:RE,78,3,2014-03-02,2014,2010,3
31080,YOUNG AND BEAUTIFUL,LANA DEL REY,86,LW:RE,23,12,2014-03-02,2014,2010,3
30834,FLAWS,BASTILLE,88,LW:RE,21,17,2014-03-02,2014,2010,3
7345,HOLD ON,WILSON PHILLIPS,98,LW:RE,63,10,2014-03-02,2014,2010,3
31156,BLACK SKINHEAD,KANYE WEST,100,LW:RE,34,15,2014-03-02,2014,2010,3
31441,UP DOWN (DO THIS ALL DAY),T-PAIN FT BOB,50,LW:RE,50,2,2014-03-09,2014,2010,3
31105,DEAR DARLIN',OLLY MURS,75,LW:RE,5,36,2014-03-09,2014,2010,3
30341,A THOUSAND YEARS,CHRISTINA PERRI,79,LW:RE,11,74,2014-03-09,2014,2010,3
31026,HIGH HOPES,KODALINE,89,LW:RE,16,12,2014-03-09,2014,2010,3
31447,UNDER CONTROL,CALVIN HARRIS/ALESSO/HURTS,91,LW:RE,1,13,2014-03-09,2014,2010,3
31221,SUMMERTIME SADNESS,LANA DEL REY VS CEDRIC GERVAIS,96,LW:RE,4,33,2014-03-09,2014,2010,3
22679,LOSE YOURSELF,EMINEM,98,LW:RE,1,52,2014-03-09,2014,2010,3
31287,TALK DIRTY,JASON DERULO FT 2 CHAINZ,100,LW:RE,1,24,2014-03-09,2014,2010,3
31189,HOLY GRAIL,JAY-Z FT JUSTIN TIMBERLAKE,85,LW:RE,7,20,2014-03-16,2014,2010,3
30980,JUST GIVE ME A ASON,PINK FT NATE RUESS,87,LW:RE,2,40,2014-03-16,2014,2010,3
31380,EAT SLEEP RAVE PEAT,FATBOYSLIM/RIVASTARR/BEARDYMAN,98,LW:RE,3,18,2014-03-16,2014,2010,3
13766,DON'T YOU WANT ME,HUMAN LEAGUE,19,LW:RE,16,4,2014-03-23,2014,2010,3
31432,LET ME GO,GARY BARLOW,77,LW:RE,2,17,2014-03-23,2014,2010,3
28334,ONE DAY LIKE THIS,ELBOW,90,LW:RE,4,64,2014-03-23,2014,2010,3
30875,NOT GIVING IN,RUDIMENTAL/NEWMAN/CLARE,93,LW:RE,14,27,2014-03-23,2014,2010,3
31113,LA LA LA,NAUGHTY BOY FT SAM SMITH,100,LW:RE,1,41,2014-03-23,2014,2010,3
31271,STRONG,LONDON GRAMMAR,69,LW:RE,16,20,2014-03-30,2014,2010,3
31236,IT'S TRICKY,RUN DMC,73,LW:RE,73,2,2014-03-30,2014,2010,3
31287,TALK DIRTY,JASON DERULO FT 2 CHAINZ,88,LW:RE,1,25,2014-03-30,2014,2010,3
31547,LITTLE MONSTER,ROYAL BLOOD,99,LW:RE,95,2,2014-03-30,2014,2010,3
31504,FOR THE FIRST TIME IN FOVER,IDINA MENZEL/KRISTEN BELL,56,LW:RE,56,12,2014-04-06,2014,2010,4
31105,DEAR DARLIN',OLLY MURS,84,LW:RE,5,37,2014-04-06,2014,2010,4
31085,YOU & ME,DISCLOSURE FT ELIZA DOOLITTLE,85,LW:RE,10,18,2014-04-06,2014,2010,4
31331,WCKING BALL,MILEY CYRUS,93,LW:RE,1,21,2014-04-06,2014,2010,4
31221,SUMMERTIME SADNESS,LANA DEL REY VS CEDRIC GERVAIS,94,LW:RE,4,34,2014-04-06,2014,2010,4
31381,STORY OF MY LIFE,ONE DIRECTION,98,LW:RE,2,22,2014-04-06,2014,2010,4
31563,PARTITION,BEYONCE,100,LW:RE,74,4,2014-04-06,2014,2010,4
31395,I SEE FI,ED SHEERAN,50,LW:RE,13,15,2014-04-13,2014,2010,4
31540,IF I LOSE MYSELF,ONEREPUBLIC & ALESSO,74,LW:RE,8,12,2014-04-13,2014,2010,4
31512,WILD HEART,VAMPS,76,LW:RE,3,11,2014-04-13,2014,2010,4
31431,OF THE NIGHT,BASTILLE,77,LW:RE,2,19,2014-04-13,2014,2010,4
31495,MILLION POUND GIRL (BADDER THAN BAD),FUSE ODG,86,LW:RE,5,13,2014-04-13,2014,2010,4
31447,UNDER CONTROL,CALVIN HARRIS/ALESSO/HURTS,87,LW:RE,1,15,2014-04-13,2014,2010,4
31513,BRAVEHEART,NEON JUNGLE,96,LW:RE,4,11,2014-04-13,2014,2010,4
31587,OUR TIME,LILY ALLEN,100,LW:RE,86,2,2014-04-13,2014,2010,4
31317,CAN WE DANCE,VAMPS,71,LW:RE,2,22,2014-04-20,2014,2010,4
28167,CHURCH,T-PAIN FT TEDDY VERSETI,80,LW:RE,35,13,2014-04-20,2014,2010,4
31456,MIDNIGHT MEMORIES,ONE DIRECTION,84,LW:RE,39,13,2014-04-20,2014,2010,4
31451,YOU & I,ONE DIRECTION,49,LW:RE,19,2,2014-04-27,2014,2010,4
21579,THE WORLD'S GATEST,R KELLY,72,LW:RE,4,14,2014-04-27,2014,2010,4
31547,LITTLE MONSTER,ROYAL BLOOD,74,LW:RE,74,3,2014-04-27,2014,2010,4
21546,HOW YOU MIND ME,NICKELBACK,92,LW:RE,4,42,2014-04-27,2014,2010,4
30892,RADIOACTIVE,IMAGINE DRAGONS,96,LW:RE,12,67,2014-04-27,2014,2010,4
31221,SUMMERTIME SADNESS,LANA DEL REY VS CEDRIC GERVAIS,99,LW:RE,4,35,2014-04-27,2014,2010,4
20943,DROPS OF JUPITER (TELL ME),TRAIN,54,LW:RE,10,20,2014-05-04,2014,2010,5
28520,USE SOMEBODY,KINGS OF LEON,64,LW:RE,2,102,2014-05-04,2014,2010,5
31612,FEVER,BLACK KEYS,72,LW:RE,68,2,2014-05-04,2014,2010,5
29998,I NEED A DOLLAR,ALOE BLACC,79,LW:RE,2,46,2014-05-04,2014,2010,5
29965,SKINNY LOVE,BIRDY,86,LW:RE,17,65,2014-05-04,2014,2010,5
28755,GANGSTA'S PARADISE,COOLIO FT LV,87,LW:RE,1,32,2014-05-04,2014,2010,5
31498,XO,BEYONCE,89,LW:RE,22,17,2014-05-04,2014,2010,5
28959,FI,KASABIAN,90,LW:RE,3,33,2014-05-04,2014,2010,5
31589,IF I COULD CHANGE YOUR MIND,HAIM,96,LW:RE,27,7,2014-05-04,2014,2010,5
20397,TEENAGE DIRTBAG,WHEATUS,56,LW:RE,2,37,2014-05-11,2014,2010,5
31177,LOVE ME AGAIN,JOHN NEWMAN,67,LW:RE,1,43,2014-05-11,2014,2010,5
31487,FACE TO FACE,GARY BARLOW & ELTON JOHN,69,LW:RE,69,2,2014-05-11,2014,2010,5
31493,PTTY HURTS,BEYONCE,70,LW:RE,70,3,2014-05-11,2014,2010,5
31635,WAKE ME UP,ALOE BLACC,79,LW:RE,69,2,2014-05-11,2014,2010,5
31567,AIR BALLOON,LILY ALLEN,82,LW:RE,7,8,2014-05-11,2014,2010,5
29273,AIRPLANES,BOB FT HAYLEY WILLIAMS,86,LW:RE,1,36,2014-05-11,2014,2010,5
24111,DROP IT LIKE IT'S HOT,SNOOP DOGG FT PHARRELL,88,LW:RE,10,19,2014-05-11,2014,2010,5
30493,I WON'T GIVE UP,JASON MRAZ,90,LW:RE,11,44,2014-05-11,2014,2010,5
31473,LOSING SLEEP,JOHN NEWMAN,92,LW:RE,48,9,2014-05-11,2014,2010,5
31357,ROYALS,LORDE,97,LW:RE,1,27,2014-05-11,2014,2010,5
30341,A THOUSAND YEARS,CHRISTINA PERRI,98,LW:RE,11,79,2014-05-11,2014,2010,5
27228,PATIENCE,TAKE THAT,99,LW:RE,1,56,2014-05-11,2014,2010,5
25783,HOPE,TWISTA FT FAITH EVANS,39,LW:RE,25,10,2014-05-18,2014,2010,5
30978,CLARITY,ZEDD/FOXES,65,LW:RE,29,10,2014-05-18,2014,2010,5
31557,LET GO FOR TONIGHT,FOXES,86,LW:RE,7,9,2014-05-18,2014,2010,5
31661,MIDNIGHT,COLDPLAY,48,LW:RE,48,2,2014-05-25,2014,2010,5
21905,WHAT'S LUV,FAT JOE FT ASHANTI,58,LW:RE,4,9,2014-05-25,2014,2010,5
31221,SUMMERTIME SADNESS,LANA DEL REY VS CEDRIC GERVAIS,68,LW:RE,4,38,2014-05-25,2014,2010,5
23818,TURN ME ON,KEVIN LYTTLE,74,LW:RE,2,22,2014-05-25,2014,2010,5
22769,YEAR 3000,BUSTED,82,LW:RE,2,20,2014-05-25,2014,2010,5
16731,I DON'T WANT TO MISS A THING,AEROSMITH,83,LW:RE,4,63,2014-05-25,2014,2010,5
30748,HALL OF FAME,SCRIPT FT WILL I AM,86,LW:RE,1,48,2014-05-25,2014,2010,5
29466,HEY SOUL SISTER,TRAIN,92,LW:RE,18,49,2014-05-25,2014,2010,5
31050,DEMONS,IMAGINE DRAGONS,94,LW:RE,13,18,2014-05-25,2014,2010,5
31238,BURN,ELLIE GOULDING,95,LW:RE,1,37,2014-05-25,2014,2010,5
31247,SONNENTANZ (SUN DON'T SHINE),KLANGKARUSSELL FT WILL HEARD,96,LW:RE,3,19,2014-05-25,2014,2010,5
31375,TENNIS COURT,LORDE,99,LW:RE,78,3,2014-05-25,2014,2010,5
20440,IT WASN'T ME,SHAGGY FT RIKROK,100,LW:RE,1,30,2014-05-25,2014,2010,5
31534,ONCE UPON A DAM,LANA DEL REY,60,LW:RE,60,2,2014-06-01,2014,2010,6
30341,A THOUSAND YEARS,CHRISTINA PERRI,70,LW:RE,11,80,2014-06-01,2014,2010,6
31620,SCAM (FUNK MY LIFE UP),PAOLO NUTINI,79,LW:RE,12,7,2014-06-01,2014,2010,6
31381,STORY OF MY LIFE,ONE DIRECTION,83,LW:RE,2,28,2014-06-01,2014,2010,6
26897,SHE MOVES IN HER OWN WAY,KOOKS,84,LW:RE,7,39,2014-06-01,2014,2010,6
31729,MISTY BLUE,DOROTHY MOORE,95,LW:RE,5,13,2014-06-01,2014,2010,6
31113,LA LA LA,NAUGHTY BOY FT SAM SMITH,96,LW:RE,1,42,2014-06-01,2014,2010,6
31064,GET LUCKY,DAFT PUNK FT PHARRELL WILLIAMS,97,LW:RE,1,52,2014-06-01,2014,2010,6
30808,DON'T YOU WORRY CHILD,SWEDISH HOUSE MAFIA/MARTIN,100,LW:RE,1,60,2014-06-01,2014,2010,6
31069,LET HER GO,PASSENGER,63,LW:RE,2,59,2014-06-08,2014,2010,6
31668,EXPLODES,KASABIAN,71,LW:RE,52,2,2014-06-08,2014,2010,6
19731,YELLOW,COLDPLAY,78,LW:RE,4,24,2014-06-08,2014,2010,6
30892,RADIOACTIVE,IMAGINE DRAGONS,83,LW:RE,12,70,2014-06-08,2014,2010,6
31613,WHISPERS,PASSENGER,84,LW:RE,70,3,2014-06-08,2014,2010,6
28424,THE MAN WHO CAN'T BE MOVED,SCRIPT,88,LW:RE,2,63,2014-06-08,2014,2010,6
28959,FI,KASABIAN,92,LW:RE,3,34,2014-06-08,2014,2010,6
30606,FEEL THE LOVE,RUDIMENTAL FT JOHN NEWMAN,98,LW:RE,1,67,2014-06-08,2014,2010,6
29351,THE CAVE,MUMFORD & SONS,99,LW:RE,31,44,2014-06-08,2014,2010,6
31557,LET GO FOR TONIGHT,FOXES,100,LW:RE,7,10,2014-06-08,2014,2010,6
21996,3 LIONS,BADDIEL/SKINNER/LIGHTNING SEED,27,LW:RE,1,38,2014-06-15,2014,2010,6
22002,WORLD IN MOTION,NEW ORDER,43,LW:RE,22,9,2014-06-15,2014,2010,6
17376,VINDALOO,FAT LES,55,LW:RE,2,20,2014-06-15,2014,2010,6
31604,CHANGES,FAUL & WAD AD VS PNAU,61,LW:RE,3,10,2014-06-15,2014,2010,6
12314,PUSH THE FEELING ON,NIGHTCRAWLERS,73,LW:RE,3,22,2014-06-15,2014,2010,6
31646,HEART'S ON FI,PASSENGER,85,LW:RE,63,2,2014-06-15,2014,2010,6
31405,BUDAPEST,GEORGE EZRA,4,LW:RE,4,4,2014-06-22,2014,2010,6
31493,PTTY HURTS,BEYONCE,65,LW:RE,65,6,2014-06-22,2014,2010,6
28520,USE SOMEBODY,KINGS OF LEON,72,LW:RE,2,103,2014-06-22,2014,2010,6
30547,DRIVE BY,TRAIN,91,LW:RE,6,31,2014-06-22,2014,2010,6
31525,MMM YEAH,AUSTIN MAHONE & PITBULL,34,LW:RE,34,2,2014-06-29,2014,2010,6
31395,I SEE FI,ED SHEERAN,83,LW:RE,13,24,2014-06-29,2014,2010,6
31490,LET IT GO,DEMI LOVATO,86,LW:RE,42,27,2014-06-29,2014,2010,6
31620,SCAM (FUNK MY LIFE UP),PAOLO NUTINI,92,LW:RE,12,9,2014-06-29,2014,2010,6
30269,JOLENE,DOLLY PARTON,52,LW:RE,7,13,2014-07-06,2014,2010,7
8767,ENTER SANDMAN,METALLICA,70,LW:RE,5,11,2014-07-06,2014,2010,7
27449,9 TO 5,DOLLY PARTON,75,LW:RE,47,13,2014-07-06,2014,2010,7
31050,DEMONS,IMAGINE DRAGONS,77,LW:RE,13,19,2014-07-06,2014,2010,7
30892,RADIOACTIVE,IMAGINE DRAGONS,88,LW:RE,12,73,2014-07-06,2014,2010,7
27467,ISLANDS IN THE STAM,DOLLY PARTON & KENNY ROGERS,89,LW:RE,84,4,2014-07-06,2014,2010,7
30811,LATCH,DISCLOSURE FT SAM SMITH,92,LW:RE,11,45,2014-07-06,2014,2010,7
31238,BURN,ELLIE GOULDING,98,LW:RE,1,39,2014-07-06,2014,2010,7
31344,SAIL,AWOLNATION,79,LW:RE,17,27,2014-07-13,2014,2010,7
31152,DO I WANNA KNOW,ARCTIC MONKEYS,86,LW:RE,11,43,2014-07-13,2014,2010,7
31268,ROAR,KATY PERRY,89,LW:RE,1,44,2014-07-13,2014,2010,7
31501,BEST DAY OF MY LIFE,AMERICAN AUTHORS,93,LW:RE,17,21,2014-07-13,2014,2010,7
31177,LOVE ME AGAIN,JOHN NEWMAN,95,LW:RE,1,51,2014-07-13,2014,2010,7
31064,GET LUCKY,DAFT PUNK FT PHARRELL WILLIAMS,98,LW:RE,1,53,2014-07-13,2014,2010,7
27928,SUPERSTITION,STEVIE WONDER,100,LW:RE,11,24,2014-07-13,2014,2010,7
31611,TURN DOWN FOR WHAT,DJ SNAKE & LIL JON,63,LW:RE,23,16,2014-07-20,2014,2010,7
31232,HOLD ON WE' GOING HOME,DRAKE FT MAJID JORDAN,77,LW:RE,4,35,2014-07-20,2014,2010,7
30972,CHOCOLATE,1975,81,LW:RE,19,34,2014-07-20,2014,2010,7
31561,ADDICTED TO YOU,AVICII,91,LW:RE,14,16,2014-07-20,2014,2010,7
30813,RUN BOY RUN,WOODKID,98,LW:RE,44,6,2014-07-20,2014,2010,7
31357,ROYALS,LORDE,100,LW:RE,1,28,2014-07-20,2014,2010,7
31808,ALWAYS,MK FT ALANA,12,LW:RE,12,3,2014-07-27,2014,2010,7
31763,HUNGER OF THE PINE,ALT-J,90,LW:RE,90,3,2014-07-27,2014,2010,7
24702,MR BRIGHTSIDE,KILLERS,92,LW:RE,10,112,2014-07-27,2014,2010,7
30341,A THOUSAND YEARS,CHRISTINA PERRI,94,LW:RE,11,82,2014-07-27,2014,2010,7
31064,GET LUCKY,DAFT PUNK FT PHARRELL WILLIAMS,99,LW:RE,1,54,2014-07-27,2014,2010,7
31544,EVERYTHING IS AWESOME,TEGAN & SARA FT LONELY ISLAND,100,LW:RE,17,7,2014-07-27,2014,2010,7
31786,AMNESIA,5 SECONDS OF SUMMER,99,LW:RE,73,4,2014-08-03,2014,2010,8
31728,I'M NOT THE ONLY ONE,SAM SMITH,69,LW:RE,69,2,2014-08-10,2014,2010,8
31238,BURN,ELLIE GOULDING,95,LW:RE,1,43,2014-08-10,2014,2010,8
31501,BEST DAY OF MY LIFE,AMERICAN AUTHORS,97,LW:RE,17,24,2014-08-10,2014,2010,8
31793,FOR THE FIRST TIME IN FOVER,IDINA MENZEL & KRISTEN BELL,98,LW:RE,38,28,2014-08-10,2014,2010,8
31662,BLACK WIDOW,IGGY AZALEA FT RITA ORA,32,LW:RE,32,2,2014-08-17,2014,2010,8
30845,BENEDICTION,HOT NATURED & ALI LOVE,46,LW:RE,40,2,2014-08-17,2014,2010,8
24702,MR BRIGHTSIDE,KILLERS,100,LW:RE,10,113,2014-08-17,2014,2010,8
31645,IRON SKY,PAOLO NUTINI,81,LW:RE,59,3,2014-08-24,2014,2010,8
2448,RUNNING UP THAT HILL,KATE BUSH,51,LW:RE,3,16,2014-08-31,2014,2010,8
31549,SAY SOMETHING,A GREAT BIG WORLD/AGUILERA,56,LW:RE,4,16,2014-08-31,2014,2010,8
31862,WUTHERING HEIGHTS,KATE BUSH,57,LW:RE,1,14,2014-08-31,2014,2010,8
6779,THIS WOMAN'S WORK,KATE BUSH,80,LW:RE,25,8,2014-08-31,2014,2010,8
31547,LITTLE MONSTER,ROYAL BLOOD,85,LW:RE,74,4,2014-08-31,2014,2010,8
30811,LATCH,DISCLOSURE FT SAM SMITH,94,LW:RE,11,51,2014-08-31,2014,2010,8
30866,LOCKED OUT OF HEAVEN,BRUNO MARS,98,LW:RE,2,37,2014-08-31,2014,2010,8
31486,DRUNK IN LOVE,BEYONCE FT JAY-Z,99,LW:RE,9,27,2014-08-31,2014,2010,8
31836,ZOMBIE,JAMIE T,92,LW:RE,74,2,2014-09-07,2014,2010,9
31357,ROYALS,LORDE,93,LW:RE,1,30,2014-09-07,2014,2010,9
28903,WHO'S LOVIN' YOU,JACKSON 5,94,LW:RE,36,5,2014-09-07,2014,2010,9
31604,CHANGES,FAUL & WAD AD VS PNAU,96,LW:RE,3,20,2014-09-07,2014,2010,9
31823,COME OVER,CLEAN BANDIT FT STYLO G,93,LW:RE,45,6,2014-09-14,2014,2010,9
31763,HUNGER OF THE PINE,ALT-J,59,LW:RE,59,6,2014-09-21,2014,2010,9
26216,FIX YOU,COLDPLAY,60,LW:RE,4,62,2014-09-21,2014,2010,9
31836,ZOMBIE,JAMIE T,70,LW:RE,70,3,2014-09-21,2014,2010,9
31303,SEXY LADY,JESSIE J,98,LW:RE,22,7,2014-09-21,2014,2010,9
27347,HOW TO SAVE A LIFE,FRAY,66,LW:RE,4,66,2014-09-28,2014,2010,9
30811,LATCH,DISCLOSURE FT SAM SMITH,81,LW:RE,11,54,2014-09-28,2014,2010,9
30341,A THOUSAND YEARS,CHRISTINA PERRI,85,LW:RE,11,83,2014-09-28,2014,2010,9
31850,I FORGET WHE WE WE,BEN HOWARD,88,LW:RE,60,4,2014-09-28,2014,2010,9
31050,DEMONS,IMAGINE DRAGONS,95,LW:RE,13,30,2014-09-28,2014,2010,9
30493,I WON'T GIVE UP,JASON MRAZ,100,LW:RE,11,45,2014-09-28,2014,2010,9
31874,ANIMALS,MAROON 5,67,LW:RE,67,2,2014-10-05,2014,2010,10
29155,I DIDN'T KNOW MY OWN STNGTH,WHITNEY HOUSTON,82,LW:RE,44,2,2014-10-05,2014,2010,10
31415,HOW LONG WILL I LOVE YOU,ELLIE GOULDING,94,LW:RE,3,46,2014-10-05,2014,2010,10
28647,RUN,LEONA LEWIS,96,LW:RE,1,44,2014-10-05,2014,2010,10
17552,IRIS,GOO GOO DOLLS,66,LW:RE,3,89,2014-10-12,2014,2010,10
26963,CHASING CARS,SNOW PATROL,91,LW:RE,6,165,2014-10-12,2014,2010,10
31771,PHOTOGRAPH,ED SHEERAN,99,LW:RE,44,12,2014-10-19,2014,2010,10
5232,FAST CAR,TRACY CHAPMAN,48,LW:RE,4,44,2014-10-26,2014,2010,10
31710,DANGEROUS LOVE,FUSE ODG FT SEAN PAUL,85,LW:RE,3,22,2014-10-26,2014,2010,10
26216,FIX YOU,COLDPLAY,99,LW:RE,4,63,2014-10-26,2014,2010,10
929,THRILLER,MICHAEL JACKSON,57,LW:RE,10,51,2014-11-02,2014,2010,11
31690,ONE,ED SHEERAN,85,LW:RE,18,17,2014-11-02,2014,2010,11
31771,PHOTOGRAPH,ED SHEERAN,87,LW:RE,44,13,2014-11-02,2014,2010,11
27975,GHOSTBUSTERS,RAY PARKER JR,89,LW:RE,2,39,2014-11-02,2014,2010,11
31932,GUST OF WIND,PHARRELL WILLIAMS,94,LW:RE,79,2,2014-11-02,2014,2010,11
31291,DARK HORSE,KATY PERRY FT JUICY J,95,LW:RE,4,43,2014-11-02,2014,2010,11
31494,TIMBER,PITBULL FT KESHA,97,LW:RE,1,40,2014-11-02,2014,2010,11
31773,I'M A MESS,ED SHEERAN,98,LW:RE,49,11,2014-11-02,2014,2010,11
31776,TENERIFE SEA,ED SHEERAN,100,LW:RE,62,6,2014-11-02,2014,2010,11
25986,ORDINARY PEOPLE,JOHN LEGEND,74,LW:RE,4,25,2014-11-09,2014,2010,11
31196,WAKE ME UP,AVICII,77,LW:RE,1,63,2014-11-09,2014,2010,11
31627,NOBODY TO LOVE,SIGMA,91,LW:RE,1,29,2014-11-09,2014,2010,11
30268,LEGO HOUSE,ED SHEERAN,95,LW:RE,5,47,2014-11-09,2014,2010,11
31954,BLANK SPACE,TAYLOR SWIFT,11,LW:RE,11,2,2014-11-16,2014,2010,11
31918,GOD ONLY KNOWS,BRIAN WILSON & VARIOUS ARTISTS,39,LW:RE,20,4,2014-11-16,2014,2010,11
31943,SOMETHING FROM NOTHING,FOO FIGHTERS,73,LW:RE,73,2,2014-11-16,2014,2010,11
21256,PARTY HARD,ANDREW WK,86,LW:RE,19,5,2014-11-16,2014,2010,11
31799,ME AND MY BROKEN HEART,RIXTON,94,LW:RE,1,16,2014-11-16,2014,2010,11
31415,HOW LONG WILL I LOVE YOU,ELLIE GOULDING,98,LW:RE,3,48,2014-11-16,2014,2010,11
31689,GOOD GIRLS,5 SECONDS OF SUMMER,25,LW:RE,19,8,2014-11-23,2014,2010,11
28049,DO THEY KNOW IT'S CHRISTMAS,BAND AID,61,LW:RE,1,52,2014-11-23,2014,2010,11
12556,ALL I WANT FOR CHRISTMAS IS YOU,MARIAH CAREY,68,LW:RE,2,61,2014-11-23,2014,2010,11
31912,YELLOW FLICKER BEAT,LORDE,74,LW:RE,74,2,2014-11-23,2014,2010,11
26511,FAIRYTALE OF NEW YORK,POGUES FT KIRSTY MACCOLL,80,LW:RE,2,69,2014-11-23,2014,2010,11
31497,DO YOU WANT TO BUILD A SNOWMAN,KRISTEN BELL/AGATHA LEE MONN,85,LW:RE,26,35,2014-11-23,2014,2010,11
31069,LET HER GO,PASSENGER,97,LW:RE,2,80,2014-11-23,2014,2010,11
31665,LOYAL,CHRIS BROWN/LIL WAYNE/TYGA,98,LW:RE,10,34,2014-11-23,2014,2010,11
31486,DRUNK IN LOVE,BEYONCE FT JAY-Z,70,LW:RE,9,29,2014-11-30,2014,2010,11
31879,BODY LANGUAGE,KID INK FT USHER & TINASHE,72,LW:RE,46,5,2014-11-30,2014,2010,11
31826,LOVE RUNS OUT,ONEREPUBLIC,80,LW:RE,3,16,2014-11-30,2014,2010,11
28036,LAST CHRISTMAS,WHAM,86,LW:RE,14,33,2014-11-30,2014,2010,11
31890,LET IT GO,JAMES BAY,91,LW:RE,62,3,2014-11-30,2014,2010,11
31630,STAY HIGH,TOVE LO,99,LW:RE,6,34,2014-11-30,2014,2010,11
28041,I WISH IT COULD BE CHRISTMAS EVERYDAY,WIZZARD,52,LW:RE,16,32,2014-12-07,2014,2010,12
2738,MERRY CHRISTMAS EVERYONE,SHAKIN' STEVENS,53,LW:RE,1,44,2014-12-07,2014,2010,12
4774,DRIVING HOME FOR CHRISTMAS,CHRIS REA,67,LW:RE,33,34,2014-12-07,2014,2010,12
72,MERRY XMAS EVERYBODY,SLADE,68,LW:RE,1,75,2014-12-07,2014,2010,12
28089,ROCKIN' AROUND THE CHRISTMAS TE,BRENDA LEE,69,LW:RE,6,25,2014-12-07,2014,2010,12
30386,IT'S BEGINNING TO LOOK A LOT LIKE,MICHAEL BUBLE,79,LW:RE,77,7,2014-12-07,2014,2010,12
28035,IT'S THE MOST WONDERFUL TIME OF THE YEAR,ANDY WILLIAMS,86,LW:RE,21,12,2014-12-07,2014,2010,12
12530,STAY ANOTHER DAY,EAST 17,95,LW:RE,1,35,2014-12-07,2014,2010,12
31657,ONLY LOVE CAN HURT LIKE THIS,PALOMA FAITH,96,LW:RE,6,32,2014-12-07,2014,2010,12
30384,STEP INTO CHRISTMAS,ELTON JOHN,97,LW:RE,24,16,2014-12-07,2014,2010,12
31903,LEFT HAND FE,ALT-J,98,LW:RE,91,2,2014-12-07,2014,2010,12
31915,GLOW,ELLA HENDERSON,100,LW:RE,7,7,2014-12-07,2014,2010,12
31231,COUNTING STARS,ONEREPUBLIC,68,LW:RE,1,69,2014-12-14,2014,2010,12
31463,ONE MO SLEEP,LEONA LEWIS,80,LW:RE,3,5,2014-12-14,2014,2010,12
31771,PHOTOGRAPH,ED SHEERAN,90,LW:RE,44,16,2014-12-14,2014,2010,12
28066,LET IT SNOW LET IT SNOW LET IT SNOW,DEAN MARTIN,92,LW:RE,69,8,2014-12-14,2014,2010,12
28054,HAPPY XMAS (WAR IS OVER),JOHN & YOKO/PLASTIC ONO BAND,94,LW:RE,40,21,2014-12-14,2014,2010,12
30400,SANTA CLAUS IS COMING TO TOWN,MICHAEL BUBLE,95,LW:RE,95,2,2014-12-14,2014,2010,12
31549,SAY SOMETHING,A GREAT BIG WORLD/AGUILERA,98,LW:RE,4,28,2014-12-14,2014,2010,12
31415,HOW LONG WILL I LOVE YOU,ELLIE GOULDING,100,LW:RE,3,49,2014-12-14,2014,2010,12
25458,THE NUMBER OF THE BEAST,IRON MAIDEN,44,LW:RE,3,8,2014-12-21,2014,2010,12
31050,DEMONS,IMAGINE DRAGONS,51,LW:RE,13,31,2014-12-21,2014,2010,12
31973,WHE DO BROKEN HEARTS GO,ONE DIRECTION,65,LW:RE,47,3,2014-12-21,2014,2010,12
32002,SANTA TELL ME,ARIANA GRANDE,80,LW:RE,79,2,2014-12-21,2014,2010,12
31959,ONLY,NICKI MINAJ/DRAKE/LIL WAYNE,82,LW:RE,35,4,2014-12-21,2014,2010,12
31480,RIPTIDE,VANCE JOY,87,LW:RE,10,52,2014-12-21,2014,2010,12
31779,PROBLEM,ARIANA GRANDE FT IGGY AZALEA,98,LW:RE,1,24,2014-12-21,2014,2010,12
16743,WHITE CHRISTMAS,BING CROSBY,75,LW:RE,5,18,2014-12-28,2015,2010,12
31911,OH CECILIA (BAKING MY HEART),VAMPS,76,LW:RE,9,11,2014-12-28,2015,2010,12
28062,MARY'S BOY CHILD/OH MY LORD,BONEY M,79,LW:RE,47,4,2014-12-28,2015,2010,12
31807,BOOM CLAP,CHARLI XCX,81,LW:RE,6,21,2014-12-28,2015,2010,12
31858,MAPS,MAROON 5,82,LW:RE,2,17,2014-12-28,2015,2010,12
31497,DO YOU WANT TO BUILD A SNOWMAN,KRISTEN BELL/AGATHA LEE MONN,85,LW:RE,26,39,2014-12-28,2015,2010,12
73,I BELIEVE IN FATHER CHRISTMAS,GREG LAKE,86,LW:RE,2,15,2014-12-28,2015,2010,12
30400,SANTA CLAUS IS COMING TO TOWN,MICHAEL BUBLE,87,LW:RE,87,3,2014-12-28,2015,2010,12
31492,SLEIGH RIDE,RONETTES,89,LW:RE,89,2,2014-12-28,2015,2010,12
29234,CHRISTMAS LIGHTS,COLDPLAY,93,LW:RE,13,10,2014-12-28,2015,2010,12
31937,TINA,FUSE ODG FT ANGEL,94,LW:RE,9,9,2014-12-28,2015,2010,12
30394,CHRISTMAS (BABY PLEASE COME HOME),MICHAEL BUBLE,95,LW:RE,47,3,2014-12-28,2015,2010,12
31806,CRAZY STUPID LOVE,CHERYL COLE FT TINIE TEMPAH,99,LW:RE,1,20,2014-12-28,2015,2010,12
31629,FANCY,IGGY AZALEA FT CHARLI XCX,100,LW:RE,5,35,2014-12-28,2015,2010,12
31494,TIMBER,PITBULL FT KESHA,62,LW:RE,1,41,2015-01-04,2015,2010,1
31640,HIDEAWAY,KIESZA,68,LW:RE,1,36,2015-01-04,2015,2010,1
31657,ONLY LOVE CAN HURT LIKE THIS,PALOMA FAITH,69,LW:RE,6,35,2015-01-04,2015,2010,1
31841,LOVERS ON THE SUN,DAVID GUETTA FT SAM MARTIN,70,LW:RE,1,17,2015-01-04,2015,2010,1
31765,GECKO (OVERDRIVE),OLIVER HELDENS & BECKY HILL,72,LW:RE,1,26,2015-01-04,2015,2010,1
32024,LIPS A MOVIN,MEGHAN TRAINOR,73,LW:RE,73,2,2015-01-04,2015,2010,1
24702,MR BRIGHTSIDE,KILLERS,74,LW:RE,10,115,2015-01-04,2015,2010,1
31664,SUMMER,CALVIN HARRIS,76,LW:RE,1,33,2015-01-04,2015,2010,1
31843,MY HEAD IS A JUNGLE,WANKELMUT & EMMA LOUISE,77,LW:RE,5,19,2015-01-04,2015,2010,1
31291,DARK HORSE,KATY PERRY FT JUICY J,81,LW:RE,4,46,2015-01-04,2015,2010,1
31575,TSUNAMI (JUMP),DVBBS & BORGEOUS/TINIE TEMPAH,82,LW:RE,1,16,2015-01-04,2015,2010,1
31566,MY LOVE,ROUTE 94 FT JESS GLYNNE,83,LW:RE,1,32,2015-01-04,2015,2010,1
31799,ME AND MY BROKEN HEART,RIXTON,84,LW:RE,1,18,2015-01-04,2015,2010,1
31501,BEST DAY OF MY LIFE,AMERICAN AUTHORS,85,LW:RE,17,25,2015-01-04,2015,2010,1
31968,YOU RUIN ME,VERONICAS,88,LW:RE,8,7,2015-01-04,2015,2010,1
31665,LOYAL,CHRIS BROWN/LIL WAYNE/TYGA,89,LW:RE,10,35,2015-01-04,2015,2010,1
31627,NOBODY TO LOVE,SIGMA,90,LW:RE,1,30,2015-01-04,2015,2010,1
31687,I WILL NEVER LET YOU DOWN,RITA ORA,91,LW:RE,1,23,2015-01-04,2015,2010,1
31295,HEY BROTHER,AVICII,93,LW:RE,2,43,2015-01-04,2015,2010,1
31196,WAKE ME UP,AVICII,94,LW:RE,1,66,2015-01-04,2015,2010,1
31004,POMPEII,BASTILLE,96,LW:RE,2,93,2015-01-04,2015,2010,1
31050,DEMONS,IMAGINE DRAGONS,97,LW:RE,13,32,2015-01-04,2015,2010,1
31611,TURN DOWN FOR WHAT,DJ SNAKE & LIL JON,98,LW:RE,23,28,2015-01-04,2015,2010,1
31997,DESI,YEARS & YEARS,99,LW:RE,22,5,2015-01-04,2015,2010,1
30892,RADIOACTIVE,IMAGINE DRAGONS,100,LW:RE,12,94,2015-01-04,2015,2010,1
31326,ELASTIC HEART,SIA/THE WEEKND/DIPLO,61,LW:RE,61,2,2015-01-11,2015,2010,1
31959,ONLY,NICKI MINAJ/DRAKE/LIL WAYNE,91,LW:RE,35,5,2015-01-11,2015,2010,1
31878,CENTURIES,FALL OUT BOY,95,LW:RE,22,13,2015-01-11,2015,2010,1
32012,DROWN,BRING ME THE HORIZON,100,LW:RE,17,3,2015-01-11,2015,2010,1
30769,ALL I WANT,KODALINE,67,LW:RE,67,4,2015-01-18,2015,2010,1
15969,BITTER SWEET SYMPHONY,VERVE,91,LW:RE,2,55,2015-01-18,2015,2010,1
31568,MAGIC,COLDPLAY,92,LW:RE,10,26,2015-01-18,2015,2010,1
31627,NOBODY TO LOVE,SIGMA,99,LW:RE,1,31,2015-01-18,2015,2010,1
31690,ONE,ED SHEERAN,94,LW:RE,18,20,2015-01-25,2015,2010,1
31069,LET HER GO,PASSENGER,95,LW:RE,2,82,2015-01-25,2015,2010,1
31196,WAKE ME UP,AVICII,97,LW:RE,1,67,2015-01-25,2015,2010,1
31152,DO I WANNA KNOW,ARCTIC MONKEYS,100,LW:RE,11,64,2015-01-25,2015,2010,1
24115,NUMB/ENCO,JAY-Z & LINKIN PARK,42,LW:RE,14,69,2015-02-01,2015,2010,2
26035,MAKE ME SMILE (COME UP AND SEE ME),STEVE HARLEY & COCKNEY REBEL,72,LW:RE,55,5,2015-02-01,2015,2010,2
31653,SOLO DANCING,INDIANA,73,LW:RE,14,5,2015-02-01,2015,2010,2
24377,I MISS YOU,BLINK 182,79,LW:RE,8,13,2015-02-01,2015,2010,2
31629,FANCY,IGGY AZALEA FT CHARLI XCX,82,LW:RE,5,38,2015-02-01,2015,2010,2
29171,GO YOUR OWN WAY,FLEETWOOD MAC,86,LW:RE,38,11,2015-02-01,2015,2010,2
31566,MY LOVE,ROUTE 94 FT JESS GLYNNE,98,LW:RE,1,34,2015-02-01,2015,2010,2
32065,NO CHURCH IN THE WILD,JAY-Z/KANYE WEST/F OCEAN,79,LW:RE,37,18,2015-02-08,2015,2010,2
31486,DRUNK IN LOVE,BEYONCE FT JAY-Z,93,LW:RE,9,31,2015-02-08,2015,2010,2
31665,LOYAL,CHRIS BROWN/LIL WAYNE/TYGA,96,LW:RE,10,37,2015-02-08,2015,2010,2
31998,WHAT I DID FOR LOVE,DAVID GUETTA FT EMELI SANDE,97,LW:RE,24,3,2015-02-08,2015,2010,2
31050,DEMONS,IMAGINE DRAGONS,98,LW:RE,13,36,2015-02-08,2015,2010,2
31415,HOW LONG WILL I LOVE YOU,ELLIE GOULDING,99,LW:RE,3,50,2015-02-08,2015,2010,2
31548,MONEY ON MY MIND,SAM SMITH,77,LW:RE,1,51,2015-02-15,2015,2010,2
30341,A THOUSAND YEARS,CHRISTINA PERRI,80,LW:RE,11,87,2015-02-15,2015,2010,2
31552,LAY ME DOWN,SAM SMITH,87,LW:RE,46,4,2015-02-15,2015,2010,2
32060,NO TYPE,RAE SREMMURD,99,LW:RE,93,2,2015-02-15,2015,2010,2
28755,GANGSTA'S PARADISE,COOLIO FT LV,81,LW:RE,1,33,2015-02-22,2015,2010,2
31807,BOOM CLAP,CHARLI XCX,84,LW:RE,6,27,2015-02-22,2015,2010,2
31046,ON TOP OF THE WORLD,IMAGINE DRAGONS,97,LW:RE,34,19,2015-02-22,2015,2010,2
31657,ONLY LOVE CAN HURT LIKE THIS,PALOMA FAITH,32,LW:RE,6,39,2015-03-01,2015,2010,3
31774,BLOODSTAM,ED SHEERAN,35,LW:RE,35,8,2015-03-01,2015,2010,3
31849,FIGU IT OUT,ROYAL BLOOD,43,LW:RE,43,6,2015-03-01,2015,2010,3
32045,BALLAD OF THE MIGHTY I,NOEL GALLAGHER'S HIGH FLYING,54,LW:RE,54,2,2015-03-01,2015,2010,3
31979,LISTEN TO THE MAN,GEORGE EZRA,79,LW:RE,41,15,2015-03-01,2015,2010,3
31627,NOBODY TO LOVE,SIGMA,94,LW:RE,1,33,2015-03-01,2015,2010,3
31664,SUMMER,CALVIN HARRIS,95,LW:RE,1,38,2015-03-01,2015,2010,3
32074,BITCHES N MARIJUANA,CHRIS BROWN/TYGA/SCHOOLBOY Q,96,LW:RE,60,2,2015-03-01,2015,2010,3
31986,IN THE HEAT OF THE MOMENT,NOEL GALLAGHER'S HIGH FLYING,84,LW:RE,26,3,2015-03-08,2015,2010,3
31712,A SKY FULL OF STARS,COLDPLAY,89,LW:RE,9,41,2015-03-08,2015,2010,3
31858,MAPS,MAROON 5,92,LW:RE,2,26,2015-03-08,2015,2010,3
31291,DARK HORSE,KATY PERRY FT JUICY J,93,LW:RE,4,48,2015-03-08,2015,2010,3
28747,LITTLE LION MAN,MUMFORD & SONS,94,LW:RE,24,51,2015-03-08,2015,2010,3
31004,POMPEII,BASTILLE,99,LW:RE,2,100,2015-03-08,2015,2010,3
31771,PHOTOGRAPH,ED SHEERAN,100,LW:RE,43,25,2015-03-08,2015,2010,3
31972,YOURS,ELLA HENDERSON,86,LW:RE,16,14,2015-03-15,2015,2010,3
17552,IRIS,GOO GOO DOLLS,80,LW:RE,3,91,2015-03-22,2015,2010,3
31970,I,KENDRICK LAMAR,88,LW:RE,20,5,2015-03-22,2015,2010,3
15072,NO DIGGITY,BLACKSTREET FT DR DRE,95,LW:RE,9,34,2015-03-22,2015,2010,3
31890,LET IT GO,JAMES BAY,57,LW:RE,57,4,2015-03-29,2015,2010,3
32035,SCARS,JAMES BAY,82,LW:RE,48,4,2015-03-29,2015,2010,3
31344,SAIL,AWOLNATION,87,LW:RE,17,37,2015-03-29,2015,2010,3
32000,7/11,BEYONCE,100,LW:RE,33,17,2015-03-29,2015,2010,3
32018,SOMETHING I NEED,BEN HAENOW,73,LW:RE,1,15,2015-04-05,2015,2010,4
31992,THESE DAYS,TAKE THAT,77,LW:RE,1,16,2015-04-05,2015,2010,4
31478,LET IT GO,IDINA MENZEL,86,LW:RE,11,68,2015-04-05,2015,2010,4
31993,JEALOUS,LABRINTH,88,LW:RE,7,13,2015-04-05,2015,2010,4
31974,NIGHT CHANGES,ONE DIRECTION,90,LW:RE,7,18,2015-04-05,2015,2010,4
31909,SAY YOU LOVE ME,JESSIE WARE,92,LW:RE,22,7,2015-04-05,2015,2010,4
30341,A THOUSAND YEARS,CHRISTINA PERRI,99,LW:RE,11,88,2015-04-05,2015,2010,4
29582,DANCING ON MY OWN,ROBYN,57,LW:RE,8,9,2015-04-19,2015,2010,4
31909,SAY YOU LOVE ME,JESSIE WARE,63,LW:RE,22,8,2015-04-19,2015,2010,4
24702,MR BRIGHTSIDE,KILLERS,69,LW:RE,10,116,2015-04-19,2015,2010,4
31231,COUNTING STARS,ONEREPUBLIC,98,LW:RE,1,77,2015-04-19,2015,2010,4
30763,I WILL WAIT,MUMFORD & SONS,99,LW:RE,12,47,2015-04-19,2015,2010,4
31887,CHANGING,SIGMA FT PALOMA FAITH,99,LW:RE,1,31,2015-04-26,2015,2010,4
32152,I BET,CIARA,65,LW:RE,65,2,2015-05-03,2015,2010,5
5232,FAST CAR,TRACY CHAPMAN,81,LW:RE,4,46,2015-05-03,2015,2010,5
31611,TURN DOWN FOR WHAT,DJ SNAKE & LIL JON,90,LW:RE,23,29,2015-05-03,2015,2010,5
32153,SHIP TO WCK,FLORENCE & THE MACHINE,94,LW:RE,94,2,2015-05-03,2015,2010,5
30673,STAND BY ME,BEN E KING,100,LW:RE,27,10,2015-05-03,2015,2010,5
32151,THE WOLF,MUMFORD & SONS,66,LW:RE,56,3,2015-05-10,2015,2010,5
32145,BIG GIRLS CRY,SIA,90,LW:RE,85,4,2015-05-10,2015,2010,5
31478,LET IT GO,IDINA MENZEL,94,LW:RE,11,70,2015-05-10,2015,2010,5
31860,BAK FE,ARIANA GRANDE FT ZEDD,99,LW:RE,16,26,2015-05-10,2015,2010,5
31771,PHOTOGRAPH,ED SHEERAN,91,LW:RE,43,26,2015-05-17,2015,2010,5
32125,HIGHER,SIGMA FT LABRINTH,93,LW:RE,12,7,2015-05-17,2015,2010,5
31954,BLANK SPACE,TAYLOR SWIFT,93,LW:RE,4,28,2015-05-24,2015,2010,5
31069,LET HER GO,PASSENGER,99,LW:RE,2,84,2015-05-24,2015,2010,5
23185,IGNITION MIX,R KELLY,100,LW:RE,1,28,2015-05-24,2015,2010,5
31580,HUMAN,CHRISTINA PERRI,99,LW:RE,14,12,2015-05-31,2015,2010,5
32073,WHAT KIND OF MAN,FLORENCE & THE MACHINE,90,LW:RE,37,11,2015-06-07,2015,2010,6
32044,UMA THURMAN,FALL OUT BOY,85,LW:RE,71,3,2015-06-21,2015,2010,6
31196,WAKE ME UP,AVICII,97,LW:RE,1,68,2015-06-21,2015,2010,6
31842,SHAKE IT OFF,TAYLOR SWIFT,78,LW:RE,2,44,2015-06-28,2015,2010,6
32195,I CAN CHANGE,BRANDON FLOWERS,84,LW:RE,79,2,2015-06-28,2015,2010,6
30769,ALL I WANT,KODALINE,91,LW:RE,67,5,2015-06-28,2015,2010,6
31730,SING,ED SHEERAN,92,LW:RE,1,49,2015-06-28,2015,2010,6
32120,THE ONE,KODALINE,98,LW:RE,27,11,2015-06-28,2015,2010,6
32075,STYLE,TAYLOR SWIFT,56,LW:RE,21,19,2015-07-10,2015,2010,7
32168,SHUTDOWN,SKEPTA,63,LW:RE,39,3,2015-07-10,2015,2010,7
19337,DANCING IN THE MOONLIGHT,TOPLOADER,72,LW:RE,7,40,2015-07-10,2015,2010,7
20397,TEENAGE DIRTBAG,WHEATUS,86,LW:RE,2,39,2015-07-10,2015,2010,7
30892,RADIOACTIVE,IMAGINE DRAGONS,93,LW:RE,12,107,2015-07-10,2015,2010,7
32203,WAITING FOR LOVE,AVICII,6,LW:RE,6,7,2015-07-17,2015,2010,7
31857,PRAYER IN C,LILLY WOOD & ROBIN SCHULZ,64,LW:RE,1,46,2015-07-17,2015,2010,7
31997,DESI,YEARS & YEARS,67,LW:RE,22,20,2015-07-17,2015,2010,7
32030,WISH YOU WE MINE,PHILIP GEORGE,69,LW:RE,2,28,2015-07-17,2015,2010,7
32056,SAY SOMETHING,KAREN HARDING,77,LW:RE,7,24,2015-07-17,2015,2010,7
32053,TIME OF OUR LIVES,PITBULL FT NE-YO,80,LW:RE,27,25,2015-07-17,2015,2010,7
32171,NASTY FESTYLE,T-WAYNE,86,LW:RE,41,11,2015-07-17,2015,2010,7
31709,STAY WITH ME,SAM SMITH,91,LW:RE,1,60,2015-07-17,2015,2010,7
31897,BANG BANG,JESSIE J/GRANDE/MINAJ,97,LW:RE,1,42,2015-07-17,2015,2010,7
32185,EVERYDAY,ASAP ROCKY/ROD STEWART/MIGUEL,98,LW:RE,56,7,2015-07-17,2015,2010,7
31768,DON'T,ED SHEERAN,100,LW:RE,8,47,2015-07-17,2015,2010,7
32252,I NEED YOUR LOVE,SHAGGY FT MOHOMBI/FAYDEE/COSTI,58,LW:RE,58,2,2015-07-24,2015,2010,7
31872,ALL ABOUT THAT BASS,MEGHAN TRAINOR,97,LW:RE,1,46,2015-07-24,2015,2010,7
32150,FESTER SKANK,LETHAL BIZZLE FT DIZTORTION,72,LW:RE,11,9,2015-07-31,2015,2010,7
32110,TROUBLE,IGGY AZALEA FT JENNIFER HUDSON,78,LW:RE,7,20,2015-07-31,2015,2010,7
13943,INSOMNIA,FAITHLESS,87,LW:RE,3,64,2015-07-31,2015,2010,7
32153,SHIP TO WCK,FLORENCE & THE MACHINE,96,LW:RE,27,14,2015-07-31,2015,2010,7
31899,ANYONE WHO HAD A HEART,CILLA BLACK,41,LW:RE,41,3,2015-08-07,2015,2010,8
32009,UP,OLLY MURS FT DEMI LOVATO,79,LW:RE,4,35,2015-08-14,2015,2010,8
31897,BANG BANG,JESSIE J/GRANDE/MINAJ,92,LW:RE,1,45,2015-08-14,2015,2010,8
32239,FEDOM,PHARRELL WILLIAMS,97,LW:RE,36,6,2015-08-14,2015,2010,8
30202,TITANIUM,DAVID GUETTA FT SIA,100,LW:RE,1,87,2015-08-14,2015,2010,8
32276,OCEAN DRIVE,DUKE DUMONT,74,LW:RE,66,3,2015-08-28,2015,2010,8
31981,AL LOVE,CLEAN BANDIT FT JESS GLYNNE,83,LW:RE,2,29,2015-08-28,2015,2010,8
24702,MR BRIGHTSIDE,KILLERS,84,LW:RE,10,119,2015-08-28,2015,2010,8
26691,NAIVE,KOOKS,86,LW:RE,5,54,2015-08-28,2015,2010,8
31480,RIPTIDE,VANCE JOY,95,LW:RE,10,87,2015-08-28,2015,2010,8
31649,WAVES,MR PROBZ,98,LW:RE,1,70,2015-08-28,2015,2010,8
32271,THRONE,BRING ME THE HORIZON,99,LW:RE,51,3,2015-08-28,2015,2010,8
31993,JEALOUS,LABRINTH,25,LW:RE,7,14,2015-09-04,2015,2010,9
19643,SHACKLES (PRAISE YOU),MARY MARY,85,LW:RE,5,13,2015-09-04,2015,2010,9
31897,BANG BANG,JESSIE J/GRANDE/MINAJ,86,LW:RE,1,46,2015-09-04,2015,2010,9
31709,STAY WITH ME,SAM SMITH,80,LW:RE,1,67,2015-09-11,2015,2010,9
32276,OCEAN DRIVE,DUKE DUMONT,81,LW:RE,66,4,2015-09-11,2015,2010,9
24702,MR BRIGHTSIDE,KILLERS,84,LW:RE,10,120,2015-09-11,2015,2010,9
32265,MY WAY,FETTY WAP FT MONTY,100,LW:RE,80,7,2015-09-11,2015,2010,9
32255,HAPPY SONG,BRING ME THE HORIZON,66,LW:RE,55,4,2015-09-18,2015,2010,9
32012,DROWN,BRING ME THE HORIZON,81,LW:RE,17,4,2015-09-18,2015,2010,9
27928,SUPERSTITION,STEVIE WONDER,84,LW:RE,11,25,2015-09-18,2015,2010,9
32035,SCARS,JAMES BAY,99,LW:RE,48,5,2015-09-18,2015,2010,9
29155,I DIDN'T KNOW MY OWN STNGTH,WHITNEY HOUSTON,74,LW:RE,44,3,2015-09-25,2015,2010,9
32009,UP,OLLY MURS FT DEMI LOVATO,79,LW:RE,4,37,2015-09-25,2015,2010,9
31887,CHANGING,SIGMA FT PALOMA FAITH,83,LW:RE,1,32,2015-09-25,2015,2010,9
32165,I ALLY LIKE YOU,CARLY RAE JEPSEN,91,LW:RE,3,21,2015-09-25,2015,2010,9
32328,FROM EDEN,HOZIER,95,LW:RE,69,2,2015-09-25,2015,2010,9
32245,OH MY LOVE,SCORE,83,LW:RE,43,9,2015-10-02,2015,2010,10
31709,STAY WITH ME,SAM SMITH,94,LW:RE,1,69,2015-10-02,2015,2010,10
32265,MY WAY,FETTY WAP FT MONTY,95,LW:RE,80,8,2015-10-02,2015,2010,10
32296,AGAIN,FETTY WAP,97,LW:RE,79,3,2015-10-02,2015,2010,10
31909,SAY YOU LOVE ME,JESSIE WARE,69,LW:RE,22,10,2015-10-09,2015,2010,10
32354,STITCHES,SHAWN MENDES,79,LW:RE,79,2,2015-10-09,2015,2010,10
31532,ALL OF ME,JOHN LEGEND,97,LW:RE,2,87,2015-10-09,2015,2010,10
32163,HEY MAMA,DAVID GUETTA/N MINAJ/AFROJACK,92,LW:RE,9,25,2015-10-16,2015,2010,10
32181,FLASHLIGHT,JESSIE J,94,LW:RE,13,22,2015-10-16,2015,2010,10
31511,RATHER BE,CLEAN BANDIT FT JESS GLYNNE,96,LW:RE,1,90,2015-10-16,2015,2010,10
32036,IRSISTIBLE,FALL OUT BOY,81,LW:RE,70,2,2015-10-23,2015,2010,10
32349,CONFIDENT,DEMI LOVATO,85,LW:RE,65,2,2015-10-23,2015,2010,10
32240,EYES SHUT,YEARS & YEARS,92,LW:RE,45,5,2015-10-23,2015,2010,10
32150,FESTER SKANK,LETHAL BIZZLE FT DIZTORTION,98,LW:RE,11,19,2015-10-23,2015,2010,10
29892,SOMEONE LIKE YOU,ADELE,74,LW:RE,1,76,2015-10-30,2015,2010,10
30798,SKYFALL,ADELE,83,LW:RE,2,33,2015-10-30,2015,2010,10
29872,ROLLING IN THE DEEP,ADELE,91,LW:RE,2,66,2015-10-30,2015,2010,10
30060,SET FI TO THE RAIN,ADELE,94,LW:RE,11,56,2015-10-30,2015,2010,10
31709,STAY WITH ME,SAM SMITH,100,LW:RE,1,72,2015-10-30,2015,2010,10
929,THRILLER,MICHAEL JACKSON,61,LW:RE,10,52,2015-11-06,2015,2010,11
27975,GHOSTBUSTERS,RAY PARKER JR,89,LW:RE,2,40,2015-11-06,2015,2010,11
27977,MONSTER MASH,BOBBY BORIS PICKETT,96,LW:RE,60,7,2015-11-06,2015,2010,11
31532,ALL OF ME,JOHN LEGEND,97,LW:RE,2,91,2015-11-13,2015,2010,11
31709,STAY WITH ME,SAM SMITH,100,LW:RE,1,73,2015-11-13,2015,2010,11
32087,ONE LAST TIME,ARIANA GRANDE,49,LW:RE,24,28,2015-11-20,2015,2010,11
32347,INFINITY,ONE DIRECTION,93,LW:RE,36,6,2015-11-20,2015,2010,11
30798,SKYFALL,ADELE,69,LW:RE,2,34,2015-11-27,2015,2010,11
29892,SOMEONE LIKE YOU,ADELE,79,LW:RE,1,78,2015-11-27,2015,2010,11
32230,GOOD FOR YOU,SELENA GOMEZ FT ASAP ROCKY,86,LW:RE,23,22,2015-11-27,2015,2010,11
12556,ALL I WANT FOR CHRISTMAS IS YOU,MARIAH CAREY,94,LW:RE,2,67,2015-11-27,2015,2010,11
32267,GLITTERBALL,SIGMA FT ELLA HENDERSON,95,LW:RE,4,17,2015-11-27,2015,2010,11
32243,WATCH ME (WHIP/NAE NAE),SILENTO,96,LW:RE,19,18,2015-11-27,2015,2010,11
28560,MAKE YOU FEEL MY LOVE,ADELE,97,LW:RE,4,73,2015-11-27,2015,2010,11
31290,WINGS,BIRDY,98,LW:RE,8,25,2015-11-27,2015,2010,11
26511,FAIRYTALE OF NEW YORK,POGUES FT KIRSTY MACCOLL,58,LW:RE,2,75,2015-12-04,2015,2010,12
28036,LAST CHRISTMAS,WHAM,65,LW:RE,14,38,2015-12-04,2015,2010,12
32397,BANG MY HEAD,DAVID GUETTA FT SIA,71,LW:RE,63,3,2015-12-04,2015,2010,12
31993,JEALOUS,LABRINTH,78,LW:RE,7,18,2015-12-04,2015,2010,12
28041,I WISH IT COULD BE CHRISTMAS EVERYDAY,WIZZARD,79,LW:RE,16,36,2015-12-04,2015,2010,12
2738,MERRY CHRISTMAS EVERYONE,SHAKIN' STEVENS,85,LW:RE,1,48,2015-12-04,2015,2010,12
30386,IT'S BEGINNING TO LOOK A LOT LIKE,MICHAEL BUBLE,98,LW:RE,49,11,2015-12-04,2015,2010,12
32360,ALIVE,SIA,49,LW:RE,30,5,2015-12-11,2015,2010,12
4774,DRIVING HOME FOR CHRISTMAS,CHRIS REA,67,LW:RE,33,38,2015-12-11,2015,2010,12
28049,DO THEY KNOW IT'S CHRISTMAS,BAND AID,71,LW:RE,1,58,2015-12-11,2015,2010,12
28089,ROCKIN' AROUND THE CHRISTMAS TE,BRENDA LEE,79,LW:RE,6,29,2015-12-11,2015,2010,12
72,MERRY XMAS EVERYBODY,SLADE,81,LW:RE,1,79,2015-12-11,2015,2010,12
28035,IT'S THE MOST WONDERFUL TIME OF THE YEAR,ANDY WILLIAMS,90,LW:RE,21,16,2015-12-11,2015,2010,12
30384,STEP INTO CHRISTMAS,ELTON JOHN,91,LW:RE,24,20,2015-12-11,2015,2010,12
29234,CHRISTMAS LIGHTS,COLDPLAY,92,LW:RE,13,11,2015-12-11,2015,2010,12
12530,STAY ANOTHER DAY,EAST 17,97,LW:RE,1,38,2015-12-11,2015,2010,12
32405,HISTORY,ONE DIRECTION,11,LW:RE,11,4,2015-12-18,2015,2010,12
32331,WICKEDSKENGMAN 4,STORMZY,96,LW:RE,18,7,2015-12-18,2015,2010,12
28060,WONDERFUL CHRISTMASTIME,PAUL MCCARTNEY,98,LW:RE,6,15,2015-12-18,2015,2010,12
28054,HAPPY XMAS (WAR IS OVER),JOHN & YOKO/PLASTIC ONO BAND,69,LW:RE,40,22,2015-12-25,2015,2010,12
28062,MARY'S BOY CHILD/OH MY LORD,BONEY M,74,LW:RE,47,5,2015-12-25,2015,2010,12
12530,STAY ANOTHER DAY,EAST 17,81,LW:RE,1,39,2015-12-25,2015,2010,12
28076,STOP THE CAVALRY,JONA LEWIE,82,LW:RE,3,15,2015-12-25,2015,2010,12
31463,ONE MO SLEEP,LEONA LEWIS,83,LW:RE,3,8,2015-12-25,2015,2010,12
32458,LONELY THIS CHRISTMAS,MUD,93,LW:RE,1,11,2015-12-25,2015,2010,12
13955,2000 MILES,PRETENDERS,94,LW:RE,15,11,2015-12-25,2015,2010,12
28081,SANTA BABY,KYLIE MINOGUE,95,LW:RE,76,6,2015-12-25,2015,2010,12
32243,WATCH ME (WHIP/NAE NAE),SILENTO,98,LW:RE,19,20,2015-12-25,2015,2010,12
32061,LOVE ME LIKE YOU DO,ELLIE GOULDING,99,LW:RE,1,45,2015-12-25,2015,2010,12
32421,KEEP UP,KSI FT JME,69,LW:RE,45,4,2016-01-01,2016,2010,1
32234,SHINE,YEARS & YEARS,74,LW:RE,2,24,2016-01-01,2016,2010,1
31996,HOLD BACK THE RIVER,JAMES BAY,77,LW:RE,2,57,2016-01-01,2016,2010,1
31890,LET IT GO,JAMES BAY,80,LW:RE,10,43,2016-01-01,2016,2010,1
32210,A YOU WITH ME,LOST FREQUENCIES,85,LW:RE,1,30,2016-01-01,2016,2010,1
32395,TOUCH,PIA MIA,87,LW:RE,47,8,2016-01-01,2016,2010,1
32141,SEE YOU AGAIN,WIZ KHALIFA FT CHARLIE PUTH,89,LW:RE,1,33,2016-01-01,2016,2010,1
32050,SUGAR,MAROON 5,90,LW:RE,7,44,2016-01-01,2016,2010,1
32039,FISTONE,KYGO FT CONRAD SEWELL,92,LW:RE,8,51,2016-01-01,2016,2010,1
32299,AIN'T NOBODY (LOVES ME BETTER),FELIX JAEHN FT J THOMPSON,94,LW:RE,2,24,2016-01-01,2016,2010,1
32312,WILDEST DAMS,TAYLOR SWIFT,97,LW:RE,40,12,2016-01-01,2016,2010,1
32227,NOT LETTING GO,TINIE TEMPAH FT JESS GLYNNE,98,LW:RE,1,22,2016-01-01,2016,2010,1
32223,HOUSE EVERY WEEKEND,DAVID ZOWIE,99,LW:RE,1,23,2016-01-01,2016,2010,1
26332,ACE OF SPADES,MOTORHEAD,13,LW:RE,13,19,2016-01-08,2016,2010,1
32450,DON'T GIVE UP (ON LOVE),BLINKIE,78,LW:RE,68,5,2016-01-08,2016,2010,1
32444,ONE CALL AWAY,CHARLIE PUTH,84,LW:RE,69,4,2016-01-08,2016,2010,1
32399,ARMY,ELLIE GOULDING,87,LW:RE,81,2,2016-01-08,2016,2010,1
32131,STOLE THE SHOW,KYGO FT PARSON JAMES,94,LW:RE,24,35,2016-01-08,2016,2010,1
32179,RUNAWAY (U & I),GALANTIS,95,LW:RE,4,28,2016-01-08,2016,2010,1
31780,CHANDELIER,SIA,97,LW:RE,6,73,2016-01-08,2016,2010,1
31290,WINGS,BIRDY,98,LW:RE,8,26,2016-01-08,2016,2010,1
32400,SAME OLD LOVE,SELENA GOMEZ,99,LW:RE,81,5,2016-01-08,2016,2010,1
32230,GOOD FOR YOU,SELENA GOMEZ FT ASAP ROCKY,100,LW:RE,23,24,2016-01-08,2016,2010,1
32466,HEROES,DAVID BOWIE,12,LW:RE,12,9,2016-01-15,2016,2010,1
27520,LIFE ON MARS,DAVID BOWIE,16,LW:RE,3,17,2016-01-15,2016,2010,1
292,LET'S DANCE,DAVID BOWIE,23,LW:RE,1,17,2016-01-15,2016,2010,1
18041,UNDER PSSU,QUEEN & DAVID BOWIE,43,LW:RE,14,10,2016-01-15,2016,2010,1
32440,OVER AND OVER AGAIN,NATHAN SYKES,54,LW:RE,8,8,2016-01-22,2016,2010,1
32461,KEEPING YOUR HEAD UP,BIRDY,75,LW:RE,74,2,2016-01-22,2016,2010,1
32365,JUMPMAN,DRAKE & FUTURE,95,LW:RE,76,8,2016-01-22,2016,2010,1
32389,EMPEROR'S NEW CLOTHES,PANIC AT THE DISCO,100,LW:RE,88,2,2016-01-22,2016,2010,1
31780,CHANDELIER,SIA,83,LW:RE,6,74,2016-01-29,2016,2010,1
32039,FISTONE,KYGO FT CONRAD SEWELL,92,LW:RE,8,54,2016-01-29,2016,2010,1
32231,RUMOUR MILL,RUDIMENTAL/ANNE-MARIE/HEARD,96,LW:RE,67,2,2016-01-29,2016,2010,1
32400,SAME OLD LOVE,SELENA GOMEZ,99,LW:RE,81,6,2016-01-29,2016,2010,1
32141,SEE YOU AGAIN,WIZ KHALIFA FT CHARLIE PUTH,95,LW:RE,1,36,2016-02-05,2016,2010,2
32441,WHEN WE WE YOUNG,ADELE,33,LW:RE,29,3,2016-02-12,2016,2010,2
32382,MY HOUSE,FLO RIDA,95,LW:RE,74,4,2016-02-12,2016,2010,2
23139,X GON' GIVE IT TO YA,DMX,69,LW:RE,6,17,2016-02-19,2016,2010,2
32231,RUMOUR MILL,RUDIMENTAL/ANNE-MARIE/HEARD,96,LW:RE,67,3,2016-02-19,2016,2010,2
31532,ALL OF ME,JOHN LEGEND,97,LW:RE,2,92,2016-02-19,2016,2010,2
32040,ELASTIC HEART,SIA,99,LW:RE,10,36,2016-02-19,2016,2010,2
32262,AIN'T GOT FAR TO GO,JESS GLYNNE,70,LW:RE,67,2,2016-02-26,2016,2010,2
32124,HOLD MY HAND,JESS GLYNNE,72,LW:RE,1,45,2016-02-26,2016,2010,2
32365,JUMPMAN,DRAKE & FUTURE,100,LW:RE,76,12,2016-02-26,2016,2010,2
25929,HOPE THE'S SOMEONE,ANTONY & THE JOHNSONS,68,LW:RE,44,5,2016-03-04,2016,2010,3
32356,WRITING'S ON THE WALL,SAM SMITH,89,LW:RE,1,17,2016-03-04,2016,2010,3
31997,DESI,YEARS & YEARS,78,LW:RE,22,23,2016-03-11,2016,2010,3
32210,A YOU WITH ME,LOST FREQUENCIES,97,LW:RE,1,39,2016-03-11,2016,2010,3
32061,LOVE ME LIKE YOU DO,ELLIE GOULDING,98,LW:RE,1,55,2016-03-11,2016,2010,3
32489,I KNOW WHAT YOU DID LAST SUMMER,SHAWN MENDES/CAMILA CABELLO,71,LW:RE,71,4,2016-03-18,2016,2010,3
32314,EASY LOVE,SIGALA,92,LW:RE,1,28,2016-03-18,2016,2010,3
24702,MR BRIGHTSIDE,KILLERS,93,LW:RE,10,122,2016-03-18,2016,2010,3
32502,SOMEBODY ELSE,1975,98,LW:RE,55,4,2016-03-18,2016,2010,3
31290,WINGS,BIRDY,78,LW:RE,8,32,2016-03-25,2016,2010,3
31405,BUDAPEST,GEORGE EZRA,99,LW:RE,3,75,2016-03-25,2016,2010,3
32164,CHEERLEADER (FELIX JAEHN MIX),OMI,98,LW:RE,1,64,2016-04-01,2016,2010,4
32061,LOVE ME LIKE YOU DO,ELLIE GOULDING,99,LW:RE,1,57,2016-04-01,2016,2010,4
32528,YOUTH,TROYE SIVAN,100,LW:RE,96,2,2016-04-01,2016,2010,4
32527,WILD HORSES,BIRDY,75,LW:RE,75,2,2016-04-08,2016,2010,4
32489,I KNOW WHAT YOU DID LAST SUMMER,SHAWN MENDES/CAMILA CABELLO,79,LW:RE,68,7,2016-04-15,2016,2010,4
32095,KING,YEARS & YEARS,100,LW:RE,1,58,2016-04-15,2016,2010,4
32306,HAIR,LITTLE MIX,31,LW:RE,31,3,2016-04-22,2016,2010,4
27775,PURPLE RAIN,PRINCE & THE REVOLUTION,65,LW:RE,8,17,2016-04-22,2016,2010,4
32179,RUNAWAY (U & I),GALANTIS,85,LW:RE,4,29,2016-04-22,2016,2010,4
32196,WANT TO WANT ME,JASON DERULO,86,LW:RE,1,46,2016-04-22,2016,2010,4
32499,NEEDED ME,RIHANNA,90,LW:RE,90,2,2016-04-22,2016,2010,4
32569,WHEN DOVES CRY,PRINCE & THE REVOLUTION,26,LW:RE,4,16,2016-04-29,2016,2010,4
32574,KISS,PRINCE & THE REVOLUTION,38,LW:RE,6,10,2016-04-29,2016,2010,4
32294,HOTLINE BLING,DRAKE,56,LW:RE,3,37,2016-05-06,2016,2010,5
32462,EX'S & OH'S,ELLE KING,66,LW:RE,15,18,2016-05-13,2016,2010,5
32546,RAGING,KYGO FT KODALINE,81,LW:RE,56,2,2016-05-13,2016,2010,5
31744,THAT'S NOT ME,SKEPTA FT JME,83,LW:RE,21,3,2016-05-13,2016,2010,5
32168,SHUTDOWN,SKEPTA,84,LW:RE,39,5,2016-05-13,2016,2010,5
32215,CAN'T FEEL MY FACE,WEEKND,90,LW:RE,3,48,2016-05-13,2016,2010,5
32415,COMPANY,JUSTIN BIEBER,91,LW:RE,25,11,2016-05-13,2016,2010,5
31890,LET IT GO,JAMES BAY,93,LW:RE,10,61,2016-05-13,2016,2010,5
32394,TAKE ME HOME,JESS GLYNNE,94,LW:RE,6,25,2016-05-13,2016,2010,5
32594,FEEL NO WAYS,DRAKE,62,LW:RE,62,2,2016-05-20,2016,2010,5
32591,GRAMMYS,DRAKE FT FUTURE,68,LW:RE,68,2,2016-05-20,2016,2010,5
32595,HYPE,DRAKE,70,LW:RE,70,2,2016-05-20,2016,2010,5
32592,U WITH ME,DRAKE,72,LW:RE,72,2,2016-05-20,2016,2010,5
32601,CHILDS PLAY,DRAKE,77,LW:RE,77,2,2016-05-20,2016,2010,5
32598,STILL HE,DRAKE,78,LW:RE,78,2,2016-05-20,2016,2010,5
32597,9,DRAKE,84,LW:RE,84,2,2016-05-20,2016,2010,5
32599,KEEP THE FAMILY CLOSE,DRAKE,90,LW:RE,90,2,2016-05-20,2016,2010,5
32600,WESTON ROAD FLOWS,DRAKE,93,LW:RE,93,2,2016-05-20,2016,2010,5
32415,COMPANY,JUSTIN BIEBER,90,LW:RE,25,12,2016-05-27,2016,2010,5
32209,SHUT UP & DANCE,WALK THE MOON,96,LW:RE,4,51,2016-05-27,2016,2010,5
32201,THE HILLS,WEEKND,100,LW:RE,3,52,2016-05-27,2016,2010,5
32112,WHE A U NOW,SKRILLEX & DIPLO/JUSTIN BIEBER,87,LW:RE,3,57,2016-06-03,2016,2010,6
32095,KING,YEARS & YEARS,93,LW:RE,1,59,2016-06-03,2016,2010,6
32406,GIRL IS MINE (DESTINY'S CHILD & BRANDY),99 SOULS,94,LW:RE,5,28,2016-06-03,2016,2010,6
32215,CAN'T FEEL MY FACE,WEEKND,95,LW:RE,3,49,2016-06-03,2016,2010,6
32583,7,CATFISH & THE BOTTLEMEN,96,LW:RE,81,2,2016-06-03,2016,2010,6
31771,PHOTOGRAPH,ED SHEERAN,99,LW:RE,15,76,2016-06-03,2016,2010,6
32394,TAKE ME HOME,JESS GLYNNE,96,LW:RE,6,26,2016-06-10,2016,2010,6
31769,THINKING OUT LOUD,ED SHEERAN,98,LW:RE,1,96,2016-06-10,2016,2010,6
32375,SUGAR,ROBIN SCHULZ FT YATES,100,LW:RE,21,33,2016-06-10,2016,2010,6
21996,3 LIONS,BADDIEL/SKINNER/LIGHTNING SEED,84,LW:RE,1,40,2016-06-17,2016,2010,6
32397,BANG MY HEAD,DAVID GUETTA FT SIA,93,LW:RE,18,30,2016-06-17,2016,2010,6
32632,ALL FOUR WALLS,GORGON CITY FT VAULTS,95,LW:RE,85,3,2016-06-17,2016,2010,6
32508,MAMA SAID,LUKAS GRAHAM,96,LW:RE,93,2,2016-06-17,2016,2010,6
32441,WHEN WE WE YOUNG,ADELE,97,LW:RE,9,20,2016-06-17,2016,2010,6
32612,DARK NECESSITIES,RED HOT CHILI PEPPERS,72,LW:RE,72,2,2016-06-24,2016,2010,6
32503,BOYS THAT SING,VIOLA BEACH,50,LW:RE,50,2,2016-07-01,2016,2010,7
32441,WHEN WE WE YOUNG,ADELE,55,LW:RE,9,21,2016-07-01,2016,2010,7
32508,MAMA SAID,LUKAS GRAHAM,66,LW:RE,66,3,2016-07-01,2016,2010,7
32638,UP&UP,COLDPLAY,71,LW:RE,71,3,2016-07-01,2016,2010,7
22601,THE SCIENTIST,COLDPLAY,80,LW:RE,10,20,2016-07-01,2016,2010,7
31712,A SKY FULL OF STARS,COLDPLAY,82,LW:RE,9,43,2016-07-01,2016,2010,7
26216,FIX YOU,COLDPLAY,84,LW:RE,4,64,2016-07-01,2016,2010,7
32477,THE SOUND,1975,85,LW:RE,15,16,2016-07-01,2016,2010,7
32541,FAMOUS,KANYE WEST,86,LW:RE,33,9,2016-07-01,2016,2010,7
32614,ALL FOR ONE,STONE ROSES,77,LW:RE,17,2,2016-07-08,2016,2010,7
32631,ALARM,ANNE-MARIE,78,LW:RE,76,2,2016-07-08,2016,2010,7
24702,MR BRIGHTSIDE,KILLERS,86,LW:RE,10,128,2016-07-08,2016,2010,7
31771,PHOTOGRAPH,ED SHEERAN,95,LW:RE,15,80,2016-07-08,2016,2010,7
32215,CAN'T FEEL MY FACE,WEEKND,98,LW:RE,3,51,2016-07-08,2016,2010,7
32010,UPTOWN FUNK,MARK RONSON FT BRUNO MARS,100,LW:RE,1,73,2016-07-08,2016,2010,7
32365,JUMPMAN,DRAKE & FUTURE,92,LW:RE,58,27,2016-07-15,2016,2010,7
32260,HOW DEEP IS YOUR LOVE,CALVIN HARRIS & DISCIPLES,97,LW:RE,2,44,2016-07-15,2016,2010,7
32201,THE HILLS,WEEKND,100,LW:RE,3,57,2016-07-15,2016,2010,7
32650,CRASH,USHER,94,LW:RE,94,2,2016-07-22,2016,2010,7
31769,THINKING OUT LOUD,ED SHEERAN,99,LW:RE,1,98,2016-07-22,2016,2010,7
32124,HOLD MY HAND,JESS GLYNNE,100,LW:RE,1,51,2016-07-22,2016,2010,7
31290,WINGS,BIRDY,80,LW:RE,8,34,2016-07-29,2016,2010,7
32415,COMPANY,JUSTIN BIEBER,85,LW:RE,25,20,2016-07-29,2016,2010,7
32512,SAY YOU DO,SIGALA FT IMANI & DJ FRESH,93,LW:RE,5,18,2016-07-29,2016,2010,7
32503,BOYS THAT SING,VIOLA BEACH,79,LW:RE,50,4,2016-08-05,2016,2010,8
32442,YOU DON'T OWN ME,GRACE FT G-EAZY,95,LW:RE,4,20,2016-08-12,2016,2010,8
32502,SOMEBODY ELSE,1975,97,LW:RE,55,5,2016-08-12,2016,2010,8
32495,ROSES,CHAINSMOKERS FT ROZES,100,LW:RE,16,27,2016-08-19,2016,2010,8
31004,POMPEII,BASTILLE,100,LW:RE,2,101,2016-08-26,2016,2010,8
32629,SIDE TO SIDE,ARIANA GRANDE FT NICKI MINAJ,72,LW:RE,66,2,2016-09-02,2016,2010,9
32678,MAKE ME,BRITNEY SPEARS FT G-EAZY,75,LW:RE,42,3,2016-09-02,2016,2010,9
31290,WINGS,BIRDY,95,LW:RE,8,35,2016-09-02,2016,2010,9
31890,LET IT GO,JAMES BAY,100,LW:RE,10,74,2016-09-02,2016,2010,9
32650,CRASH,USHER,82,LW:RE,63,8,2016-09-09,2016,2010,9
32490,PILLOWTALK,ZAYN,98,LW:RE,1,28,2016-09-09,2016,2010,9
32541,FAMOUS,KANYE WEST,95,LW:RE,33,16,2016-09-16,2016,2010,9
32441,WHEN WE WE YOUNG,ADELE,95,LW:RE,9,27,2016-09-23,2016,2010,9
31996,HOLD BACK THE RIVER,JAMES BAY,97,LW:RE,2,74,2016-09-23,2016,2010,9
31769,THINKING OUT LOUD,ED SHEERAN,100,LW:RE,1,100,2016-09-23,2016,2010,9
26897,SHE MOVES IN HER OWN WAY,KOOKS,88,LW:RE,7,40,2016-09-30,2016,2010,9
31004,POMPEII,BASTILLE,98,LW:RE,2,102,2016-09-30,2016,2010,9
31890,LET IT GO,JAMES BAY,99,LW:RE,10,77,2016-09-30,2016,2010,9
32730,METEORITE,YEARS & YEARS,97,LW:RE,72,2,2016-10-07,2016,2010,10
32720,SEND THEM OFF,BASTILLE,98,LW:RE,76,3,2016-10-07,2016,2010,10
31890,LET IT GO,JAMES BAY,98,LW:RE,10,78,2016-10-14,2016,2010,10
30908,IMPOSSIBLE,JAMES ARTHUR,99,LW:RE,1,24,2016-10-14,2016,2010,10
30341,A THOUSAND YEARS,CHRISTINA PERRI,100,LW:RE,11,89,2016-10-14,2016,2010,10
32753,MILLION ASONS,LADY GAGA,85,LW:RE,48,2,2016-10-28,2016,2010,10
32750,FAMOUS,NATHAN SYKES,91,LW:RE,91,2,2016-10-28,2016,2010,10
32722,PERFECT ILLUSION,LADY GAGA,95,LW:RE,12,6,2016-10-28,2016,2010,10
32735,ALL GOES WRONG,CHASE & STATUS FT TOM GRENNAN,98,LW:RE,65,2,2016-10-28,2016,2010,10
28330,HURT,JOHNNY CASH,100,LW:RE,39,10,2016-10-28,2016,2010,10
929,THRILLER,MICHAEL JACKSON,62,LW:RE,10,53,2016-11-04,2016,2010,11
23185,IGNITION MIX,R KELLY,94,LW:RE,1,29,2016-11-04,2016,2010,11
32732,YOU WANT ME,TOM ZANETTI FT SADIE AMA,99,LW:RE,94,2,2016-11-04,2016,2010,11
32701,KIDS,ONEREPUBLIC,90,LW:RE,58,12,2016-11-11,2016,2010,11
31852,TAKE ME TO CHURCH,HOZIER,95,LW:RE,2,86,2016-11-11,2016,2010,11
32209,SHUT UP & DANCE,WALK THE MOON,99,LW:RE,4,70,2016-11-11,2016,2010,11
32447,EVERGLOW,COLDPLAY,64,LW:RE,52,3,2016-11-18,2016,2010,11
32774,AFTER THE AFTERPARTY,CHARLI XCX FT LIL YACHTY,73,LW:RE,73,2,2016-11-18,2016,2010,11
28670,HALLELUJAH,LEONARD COHEN,80,LW:RE,36,3,2016-11-18,2016,2010,11
32649,RIDE,TWENTY ONE PILOTS,97,LW:RE,47,22,2016-11-18,2016,2010,11
32740,BROCCOLI,DRAM FT LIL YACHTY,98,LW:RE,93,7,2016-11-18,2016,2010,11
12556,ALL I WANT FOR CHRISTMAS IS YOU,MARIAH CAREY,72,LW:RE,2,73,2016-11-25,2016,2010,11
32748,FALSE ALARM,WEEKND,51,LW:RE,51,2,2016-12-02,2016,2010,12
26511,FAIRYTALE OF NEW YORK,POGUES FT KIRSTY MACCOLL,66,LW:RE,2,80,2016-12-02,2016,2010,12
28036,LAST CHRISTMAS,WHAM,75,LW:RE,14,43,2016-12-02,2016,2010,12
2738,MERRY CHRISTMAS EVERYONE,SHAKIN' STEVENS,93,LW:RE,1,53,2016-12-02,2016,2010,12
32360,ALIVE,SIA,96,LW:RE,30,22,2016-12-02,2016,2010,12
28041,I WISH IT COULD BE CHRISTMAS EVERYDAY,WIZZARD,37,LW:RE,16,41,2016-12-09,2016,2010,12
30386,IT'S BEGINNING TO LOOK A LOT LIKE,MICHAEL BUBLE,39,LW:RE,39,16,2016-12-09,2016,2010,12
28049,DO THEY KNOW IT'S CHRISTMAS,BAND AID,41,LW:RE,1,62,2016-12-09,2016,2010,12
4774,DRIVING HOME FOR CHRISTMAS,CHRIS REA,46,LW:RE,29,42,2016-12-09,2016,2010,12
72,MERRY XMAS EVERYBODY,SLADE,52,LW:RE,1,83,2016-12-09,2016,2010,12
28035,IT'S THE MOST WONDERFUL TIME OF THE YEAR,ANDY WILLIAMS,55,LW:RE,21,20,2016-12-09,2016,2010,12
32753,MILLION ASONS,LADY GAGA,60,LW:RE,48,4,2016-12-09,2016,2010,12
28089,ROCKIN' AROUND THE CHRISTMAS TE,BRENDA LEE,61,LW:RE,6,32,2016-12-09,2016,2010,12
30384,STEP INTO CHRISTMAS,ELTON JOHN,68,LW:RE,24,23,2016-12-09,2016,2010,12
32800,DBONE,CHILDISH GAMBINO,72,LW:RE,72,2,2016-12-09,2016,2010,12
28060,WONDERFUL CHRISTMASTIME,PAUL MCCARTNEY,78,LW:RE,6,17,2016-12-09,2016,2010,12
28062,MARY'S BOY CHILD/OH MY LORD,BONEY M,81,LW:RE,47,6,2016-12-09,2016,2010,12
29234,CHRISTMAS LIGHTS,COLDPLAY,82,LW:RE,13,14,2016-12-09,2016,2010,12
28054,HAPPY XMAS (WAR IS OVER),JOHN & YOKO/PLASTIC ONO BAND,84,LW:RE,40,23,2016-12-09,2016,2010,12
32002,SANTA TELL ME,ARIANA GRANDE,90,LW:RE,68,4,2016-12-09,2016,2010,12
30309,MISTLETOE,JUSTIN BIEBER,94,LW:RE,21,9,2016-12-09,2016,2010,12
28081,SANTA BABY,KYLIE MINOGUE,95,LW:RE,76,7,2016-12-09,2016,2010,12
16743,WHITE CHRISTMAS,BING CROSBY,97,LW:RE,5,19,2016-12-09,2016,2010,12
32787,BATHING UNDERWATER,EMELI SANDE,100,LW:RE,78,2,2016-12-09,2016,2010,12
32794,TOUCH,LITTLE MIX,23,LW:RE,23,2,2016-12-16,2016,2010,12
32798,OOPS,LITTLE MIX FT CHARLIE PUTH,61,LW:RE,61,2,2016-12-16,2016,2010,12
31463,ONE MO SLEEP,LEONA LEWIS,91,LW:RE,3,9,2016-12-16,2016,2010,12
28076,STOP THE CAVALRY,JONA LEWIE,95,LW:RE,3,16,2016-12-16,2016,2010,12
13955,2000 MILES,PRETENDERS,96,LW:RE,15,12,2016-12-16,2016,2010,12
31468,UNDERNEATH THE TE,KELLY CLARKSON,98,LW:RE,30,5,2016-12-16,2016,2010,12
32834,GLAD ALL OVER,DAVE CLARK FIVE,31,LW:RE,1,20,2016-12-23,2016,2010,12
11248,SATURN 5,INSPIRAL CARPETS,48,LW:RE,20,5,2016-12-23,2016,2010,12
32458,LONELY THIS CHRISTMAS,MUD,83,LW:RE,1,12,2016-12-23,2016,2010,12
12530,STAY ANOTHER DAY,EAST 17,84,LW:RE,1,40,2016-12-23,2016,2010,12
28079,SANTA BABY,EARTHA KITT,87,LW:RE,84,6,2016-12-23,2016,2010,12
32800,DBONE,CHILDISH GAMBINO,90,LW:RE,72,3,2016-12-23,2016,2010,12
32002,SANTA TELL ME,ARIANA GRANDE,91,LW:RE,68,5,2016-12-23,2016,2010,12
24076,CHRISTMAS TIME (DON'T LET THE BELLS END),DARKNESS,96,LW:RE,2,21,2016-12-23,2016,2010,12
1540,CALESS WHISPER,GEORGE MICHAEL,44,LW:RE,1,22,2016-12-30,2017,2010,12
3742,FAITH,GEORGE MICHAEL,64,LW:RE,2,13,2016-12-30,2017,2010,12
31492,SLEIGH RIDE,RONETTES,68,LW:RE,68,3,2016-12-30,2017,2010,12
32840,BLUE CHRISTMAS,ELVIS PRESLEY,75,LW:RE,11,8,2016-12-30,2017,2010,12
9115,THE CHRISTMAS SONG,NAT KING COLE,77,LW:RE,51,5,2016-12-30,2017,2010,12
73,I BELIEVE IN FATHER CHRISTMAS,GREG LAKE,79,LW:RE,2,16,2016-12-30,2017,2010,12
32762,SCARS TO YOUR BEAUTIFUL,ALESSIA CARA,83,LW:RE,66,7,2016-12-30,2017,2010,12
32463,LUSH LIFE,ZARA LARSSON,85,LW:RE,3,48,2016-12-30,2017,2010,12
28066,LET IT SNOW LET IT SNOW LET IT SNOW,DEAN MARTIN,94,LW:RE,69,11,2016-12-30,2017,2010,12
28078,SANTA CLAUS IS COMIN' TO TOWN,BRUCE SPRINGSTEEN,95,LW:RE,60,5,2016-12-30,2017,2010,12
32844,CHRISTMAS WRAPPING,WAITRESSES,96,LW:RE,45,5,2016-12-30,2017,2010,12
30400,SANTA CLAUS IS COMING TO TOWN,MICHAEL BUBLE,98,LW:RE,87,4,2016-12-30,2017,2010,12
32029,HOLLY JOLLY CHRISTMAS,MICHAEL BUBLE,100,LW:RE,96,2,2016-12-30,2017,2010,12
32837,BAD THINGS,MACHINE GUN KELLY/CABELLO,52,LW:RE,52,2,2017-01-06,2017,2010,1
32624,THIS GIRL,KUNGS VS COOKIN' ON 3 BURNERS,59,LW:RE,2,30,2017-01-06,2017,2010,1
32653,TILTED,CHRISTINE & THE QUEENS,60,LW:RE,20,19,2017-01-06,2017,2010,1
32385,SORRY,JUSTIN BIEBER,62,LW:RE,1,61,2017-01-06,2017,2010,1
32493,I TOOK A PILL IN IBIZA,MIKE POSNER,64,LW:RE,1,44,2017-01-06,2017,2010,1
32507,CAKE BY THE OCEAN,DNCE,66,LW:RE,4,41,2017-01-06,2017,2010,1
32384,HELLO,ADELE,68,LW:RE,1,46,2017-01-06,2017,2010,1
32824,DEJA VU,J COLE,69,LW:RE,30,3,2017-01-06,2017,2010,1
32354,STITCHES,SHAWN MENDES,70,LW:RE,1,62,2017-01-06,2017,2010,1
32510,WORK FROM HOME,FIFTH HARMONY FT TY DOLLA SIGN,71,LW:RE,2,37,2017-01-06,2017,2010,1
32743,ALL WE KNOW,CHAINSMOKERS FT PHOEBE RYAN,72,LW:RE,24,13,2017-01-06,2017,2010,1
32484,7 YEARS,LUKAS GRAHAM,73,LW:RE,1,45,2017-01-06,2017,2010,1
32755,THAT'S MY GIRL,FIFTH HARMONY,74,LW:RE,26,12,2017-01-06,2017,2010,1
32604,INTO YOU,ARIANA GRANDE,75,LW:RE,14,30,2017-01-06,2017,2010,1
32781,LOVESICK,MURA MASA FT ASAP ROCKY,76,LW:RE,59,8,2017-01-06,2017,2010,1
32494,FADED,ALAN WALKER,77,LW:RE,7,39,2017-01-06,2017,2010,1
31780,CHANDELIER,SIA,78,LW:RE,6,113,2017-01-06,2017,2010,1
32706,STILL FALLING FOR YOU,ELLIE GOULDING,79,LW:RE,11,17,2017-01-06,2017,2010,1
32628,SEND MY LOVE (TO YOUR NEW LOVER),ADELE,80,LW:RE,5,23,2017-01-06,2017,2010,1
32684,SUCKER FOR PAIN,LIL WAYNE/WIZ KHALIFA/IMAGINE,81,LW:RE,11,20,2017-01-06,2017,2010,1
32413,LOVE YOURSELF,JUSTIN BIEBER,82,LW:RE,1,55,2017-01-06,2017,2010,1
32447,EVERGLOW,COLDPLAY,83,LW:RE,52,9,2017-01-06,2017,2010,1
32492,HYMN FOR THE WEEKEND,COLDPLAY,84,LW:RE,6,46,2017-01-06,2017,2010,1
32753,MILLION ASONS,LADY GAGA,85,LW:RE,39,7,2017-01-06,2017,2010,1
32749,LOCK DOH,GIGGS FT DONAEO,86,LW:RE,52,11,2017-01-06,2017,2010,1
32209,SHUT UP & DANCE,WALK THE MOON,87,LW:RE,4,71,2017-01-06,2017,2010,1
32483,WORK,RIHANNA FT DRAKE,88,LW:RE,2,42,2017-01-06,2017,2010,1
32783,OH LORD,MIC LOWRY,89,LW:RE,54,8,2017-01-06,2017,2010,1
32800,DBONE,CHILDISH GAMBINO,90,LW:RE,72,4,2017-01-06,2017,2010,1
32635,TEARS,CLEAN BANDIT FT LOUISA JOHNSON,91,LW:RE,5,27,2017-01-06,2017,2010,1
32791,PARTY MONSTER,WEEKND,92,LW:RE,17,6,2017-01-06,2017,2010,1
32488,STSSED OUT,TWENTY ONE PILOTS,93,LW:RE,12,44,2017-01-06,2017,2010,1
32669,YOU DON'T KNOW LOVE,OLLY MURS,95,LW:RE,15,22,2017-01-06,2017,2010,1
32739,CRANK IT (WOAH),KIDEKO/GEORGE KWALI/ROSE/IRIE,97,LW:RE,31,11,2017-01-06,2017,2010,1
32480,FAST CAR,JONAS BLUE & DAKOTA,98,LW:RE,2,40,2017-01-06,2017,2010,1
32801,SHOULD'VE BEEN ME,NAUGHTY BOY/KYLA/POPCAAN,99,LW:RE,97,2,2017-01-06,2017,2010,1
32763,JUJU ON THAT BEAT (TZ ANTHEM),ZAY HILFIGER & ZAYION MCCALL,100,LW:RE,37,9,2017-01-06,2017,2010,1
31771,PHOTOGRAPH,ED SHEERAN,45,LW:RE,15,83,2017-01-13,2017,2010,1
31769,THINKING OUT LOUD,ED SHEERAN,49,LW:RE,1,105,2017-01-13,2017,2010,1
30131,THE A TEAM,ED SHEERAN,52,LW:RE,3,58,2017-01-13,2017,2010,1
31768,DON'T,ED SHEERAN,70,LW:RE,8,48,2017-01-13,2017,2010,1
32819,ONLY ONE,SIGALA & DIGITAL FARM ANIMALS,71,LW:RE,53,4,2017-01-13,2017,2010,1
32784,ON HOLD,XX,74,LW:RE,38,4,2017-01-13,2017,2010,1
31395,I SEE FI,ED SHEERAN,84,LW:RE,13,66,2017-01-13,2017,2010,1
32835,PARTY,CHRIS BROWN/GUCCI MANE/USHER,89,LW:RE,68,2,2017-01-13,2017,2010,1
30828,GIVE ME LOVE,ED SHEERAN,94,LW:RE,18,11,2017-01-13,2017,2010,1
32656,WE DON'T TALK ANYMO,CHARLIE PUTH FT SELENA GOMEZ,98,LW:RE,14,25,2017-01-13,2017,2010,1
32604,INTO YOU,ARIANA GRANDE,86,LW:RE,14,31,2017-01-20,2017,2010,1
32698,LUV,TORY LANEZ,96,LW:RE,47,19,2017-01-20,2017,2010,1
32653,TILTED,CHRISTINE & THE QUEENS,97,LW:RE,20,20,2017-01-20,2017,2010,1
32484,7 YEARS,LUKAS GRAHAM,76,LW:RE,1,47,2017-01-27,2017,2010,1
32384,HELLO,ADELE,80,LW:RE,1,47,2017-01-27,2017,2010,1
32354,STITCHES,SHAWN MENDES,86,LW:RE,1,64,2017-01-27,2017,2010,1
32492,HYMN FOR THE WEEKEND,COLDPLAY,93,LW:RE,6,48,2017-01-27,2017,2010,1
32413,LOVE YOURSELF,JUSTIN BIEBER,99,LW:RE,1,56,2017-01-27,2017,2010,1
32488,STSSED OUT,TWENTY ONE PILOTS,100,LW:RE,12,45,2017-01-27,2017,2010,1
32653,TILTED,CHRISTINE & THE QUEENS,75,LW:RE,20,21,2017-02-03,2017,2010,2
32853,MOVE YOUR BODY,SIA,83,LW:RE,83,2,2017-02-03,2017,2010,2
31890,LET IT GO,JAMES BAY,98,LW:RE,10,79,2017-02-03,2017,2010,2
32753,MILLION ASONS,LADY GAGA,85,LW:RE,39,9,2017-02-10,2017,2010,2
23185,IGNITION MIX,R KELLY,94,LW:RE,1,30,2017-02-10,2017,2010,2
32384,HELLO,ADELE,83,LW:RE,1,48,2017-02-17,2017,2010,2
32488,STSSED OUT,TWENTY ONE PILOTS,90,LW:RE,12,46,2017-02-17,2017,2010,2
31532,ALL OF ME,JOHN LEGEND,96,LW:RE,2,93,2017-02-17,2017,2010,2
32209,SHUT UP & DANCE,WALK THE MOON,97,LW:RE,4,72,2017-02-17,2017,2010,2
31780,CHANDELIER,SIA,100,LW:RE,6,114,2017-02-17,2017,2010,2
32477,THE SOUND,1975,68,LW:RE,15,17,2017-02-24,2017,2010,2
32804,MINDER,WEEKND,88,LW:RE,39,3,2017-02-24,2017,2010,2
32778,LOVE MY LIFE,ROBBIE WILLIAMS,93,LW:RE,22,14,2017-02-24,2017,2010,2
32492,HYMN FOR THE WEEKEND,COLDPLAY,99,LW:RE,6,49,2017-02-24,2017,2010,2
32335,SHUT UP,STORMZY,37,LW:RE,8,33,2017-03-03,2017,2010,3
32846,HOW FAR I'LL GO,AULI'I CRAVALHO,87,LW:RE,87,3,2017-03-03,2017,2010,3
28505,SPOTLIGHT,JENNIFER HUDSON,90,LW:RE,11,28,2017-03-03,2017,2010,3
28330,HURT,JOHNNY CASH,97,LW:RE,39,11,2017-03-03,2017,2010,3
30131,THE A TEAM,ED SHEERAN,99,LW:RE,3,62,2017-03-10,2017,2010,3
32883,BEAUTY AND THE BEAST,ARIANA GRANDE & JOHN LEGEND,100,LW:RE,52,2,2017-03-17,2017,2010,3
32463,LUSH LIFE,ZARA LARSSON,93,LW:RE,3,57,2017-03-24,2017,2010,3
32899,GIANTS,TAKE THAT,88,LW:RE,13,3,2017-03-31,2017,2010,3
32851,HOW FAR I'LL GO,ALESSIA CARA,85,LW:RE,49,12,2017-04-07,2017,2010,4
24702,MR BRIGHTSIDE,KILLERS,95,LW:RE,10,163,2017-04-07,2017,2010,4
32876,SAMANTHA,DAVE & J HUS,97,LW:RE,63,8,2017-04-07,2017,2010,4
32693,LET ME LOVE YOU,DJ SNAKE FT JUSTIN BIEBER,98,LW:RE,2,33,2017-04-07,2017,2010,4
32846,HOW FAR I'LL GO,AULI'I CRAVALHO,99,LW:RE,87,5,2017-04-07,2017,2010,4
32759,ALL NIGHT,VAMPS FT MATOMA,91,LW:RE,24,25,2017-04-14,2017,2010,4
32561,DON'T LET ME DOWN,CHAINSMOKERS FT DAYA,96,LW:RE,2,50,2017-04-14,2017,2010,4
32770,BY YOUR SIDE,JONAS BLUE FT RAYE,100,LW:RE,15,21,2017-04-14,2017,2010,4
32979,GOOD LIFE,G-EAZY & KEHLANI,62,LW:RE,62,2,2017-04-21,2017,2010,4
32896,DON'T KILL MY VIBE,SIGRID,94,LW:RE,89,2,2017-04-21,2017,2010,4
32947,SCAD OF THE DARK,STEPS,44,LW:RE,37,2,2017-04-28,2017,2010,4
32978,YOU' IN LOVE WITH A PSYCHO,KASABIAN,79,LW:RE,79,2,2017-04-28,2017,2010,4
28869,THE CHAIN,FLEETWOOD MAC,88,LW:RE,81,4,2017-05-05,2017,2010,5
32995,NOW OR NEVER,HALSEY,91,LW:RE,82,2,2017-05-05,2017,2010,5
32983,PRIVACY,CHRIS BROWN,93,LW:RE,86,3,2017-05-05,2017,2010,5
32759,ALL NIGHT,VAMPS FT MATOMA,94,LW:RE,24,26,2017-05-05,2017,2010,5
24702,MR BRIGHTSIDE,KILLERS,95,LW:RE,10,165,2017-05-05,2017,2010,5
32704,STARVING,HAILEE STEINFELD/GREY/ZEDD,97,LW:RE,5,36,2017-05-05,2017,2010,5
32501,CHEAP THRILLS,SIA,99,LW:RE,2,62,2017-05-05,2017,2010,5
32978,YOU' IN LOVE WITH A PSYCHO,KASABIAN,62,LW:RE,62,3,2017-05-12,2017,2010,5
30129,MR BLUE SKY,ELO,88,LW:RE,88,5,2017-05-12,2017,2010,5
32896,DON'T KILL MY VIBE,SIGRID,95,LW:RE,89,3,2017-05-12,2017,2010,5
32876,SAMANTHA,DAVE & J HUS,100,LW:RE,63,10,2017-05-12,2017,2010,5
32882,BELIEVER,IMAGINE DRAGONS,72,LW:RE,42,13,2017-05-19,2017,2010,5
32087,ONE LAST TIME,ARIANA GRANDE,11,LW:RE,11,30,2017-05-26,2017,2010,5
33029,THUNDER,IMAGINE DRAGONS,49,LW:RE,49,2,2017-05-26,2017,2010,5
24702,MR BRIGHTSIDE,KILLERS,80,LW:RE,10,167,2017-05-26,2017,2010,5
32752,24K MAGIC,BRUNO MARS,90,LW:RE,5,32,2017-05-26,2017,2010,5
32995,NOW OR NEVER,HALSEY,93,LW:RE,82,4,2017-05-26,2017,2010,5
26691,NAIVE,KOOKS,96,LW:RE,5,55,2017-05-26,2017,2010,5
32757,SHOUT OUT TO MY EX,LITTLE MIX,97,LW:RE,1,31,2017-05-26,2017,2010,5
32501,CHEAP THRILLS,SIA,99,LW:RE,2,64,2017-05-26,2017,2010,5
32785,I WOULD LIKE,ZARA LARSSON,100,LW:RE,2,27,2017-05-26,2017,2010,5
29847,LIAR LIAR,CAPTAIN SKA,4,LW:RE,4,2,2017-06-02,2017,2010,6
14198,DON'T LOOK BACK IN ANGER,OASIS,66,LW:RE,1,40,2017-06-02,2017,2010,6
32800,DBONE,CHILDISH GAMBINO,99,LW:RE,64,10,2017-06-02,2017,2010,6
23625,WHE IS THE LOVE,BLACK EYED PEAS,42,LW:RE,1,36,2017-06-09,2017,2010,6
12056,LIVE FOVER,OASIS,45,LW:RE,10,67,2017-06-09,2017,2010,6
26216,FIX YOU,COLDPLAY,54,LW:RE,4,65,2017-06-09,2017,2010,6
32629,SIDE TO SIDE,ARIANA GRANDE FT NICKI MINAJ,56,LW:RE,4,30,2017-06-09,2017,2010,6
13820,WONDERWALL,OASIS,57,LW:RE,2,78,2017-06-09,2017,2010,6
32742,THIS TOWN,NIALL HORAN,67,LW:RE,9,13,2017-06-09,2017,2010,6
31860,BAK FE,ARIANA GRANDE FT ZEDD,68,LW:RE,16,27,2017-06-09,2017,2010,6
28353,VIVA LA VIDA,COLDPLAY,75,LW:RE,1,68,2017-06-09,2017,2010,6
32604,INTO YOU,ARIANA GRANDE,83,LW:RE,14,33,2017-06-09,2017,2010,6
31038,THE WAY,ARIANA GRANDE FT MAC MILLER,84,LW:RE,41,9,2017-06-09,2017,2010,6
32995,NOW OR NEVER,HALSEY,89,LW:RE,82,5,2017-06-09,2017,2010,6
33021,LOST IN YOUR LIGHT,DUA LIPA FT MIGUEL,98,LW:RE,86,2,2017-06-09,2017,2010,6
32531,BE ALRIGHT,ARIANA GRANDE,100,LW:RE,65,2,2017-06-09,2017,2010,6
32757,SHOUT OUT TO MY EX,LITTLE MIX,92,LW:RE,1,33,2017-06-16,2017,2010,6
32992,COME CLOSER,WIZKID FT DRAKE,93,LW:RE,58,10,2017-06-16,2017,2010,6
32793,NO LIE,SEAN PAUL FT DUA LIPA,94,LW:RE,10,29,2017-06-16,2017,2010,6
32733,STARBOY,WEEKND FT DAFT PUNK,97,LW:RE,2,37,2017-06-16,2017,2010,6
32682,CLOSER,CHAINSMOKERS FT HALSEY,98,LW:RE,1,45,2017-06-16,2017,2010,6
32999,DNA.,KENDRICK LAMAR,99,LW:RE,18,8,2017-06-16,2017,2010,6
32790,I FEEL IT COMING,WEEKND FT DAFT PUNK,100,LW:RE,9,29,2017-06-16,2017,2010,6
33070,CALL ME,NEIKED FT MIMI,55,LW:RE,55,2,2017-06-23,2017,2010,6
32501,CHEAP THRILLS,SIA,94,LW:RE,2,66,2017-06-23,2017,2010,6
32953,LIABILITY,LORDE,98,LW:RE,84,2,2017-06-23,2017,2010,6
32714,SEXUAL,NEIKED,100,LW:RE,5,41,2017-06-23,2017,2010,6
33036,WANT YOU BACK,HAIM,77,LW:RE,59,2,2017-06-30,2017,2010,6
31769,THINKING OUT LOUD,ED SHEERAN,83,LW:RE,1,118,2017-06-30,2017,2010,6
32931,HAPPIER,ED SHEERAN,88,LW:RE,6,16,2017-06-30,2017,2010,6
33015,LIGHTS OUT,ROYAL BLOOD,96,LW:RE,96,2,2017-06-30,2017,2010,6
32930,NEW MAN,ED SHEERAN,99,LW:RE,5,14,2017-06-30,2017,2010,6
32896,DON'T KILL MY VIBE,SIGRID,100,LW:RE,62,7,2017-06-30,2017,2010,6
33040,ROLLIN,CALVIN HARRIS/FUTURE/KHALID,43,LW:RE,43,7,2017-07-07,2017,2010,7
32413,LOVE YOURSELF,JUSTIN BIEBER,79,LW:RE,1,57,2017-07-07,2017,2010,7
32995,NOW OR NEVER,HALSEY,80,LW:RE,80,7,2017-07-07,2017,2010,7
33026,BON APPETIT,KATY PERRY FT MIGOS,81,LW:RE,37,9,2017-07-07,2017,2010,7
33041,FISHERMAN,J HUS FT MOSTACK & MIST,82,LW:RE,47,4,2017-07-07,2017,2010,7
33085,OH WOMAN OH MAN,LONDON GRAMMAR,85,LW:RE,85,2,2017-07-07,2017,2010,7
31842,SHAKE IT OFF,TAYLOR SWIFT,97,LW:RE,2,51,2017-07-07,2017,2010,7
33075,RISE UP,ANDRA DAY,89,LW:RE,61,3,2017-07-14,2017,2010,7
33027,MIDDLE OF THE NIGHT,VAMPS & MARTIN JENSEN,94,LW:RE,44,3,2017-07-21,2017,2010,7
21189,IN THE END,LINKIN PARK,14,LW:RE,8,21,2017-07-28,2017,2010,7
23694,NUMB,LINKIN PARK,20,LW:RE,14,8,2017-07-28,2017,2010,7
32903,HEAVY,LINKIN PARK FT KIIARA,43,LW:RE,43,2,2017-07-28,2017,2010,7
33019,LUST FOR LIFE,LANA DEL REY FT THE WEEKND,78,LW:RE,38,4,2017-07-28,2017,2010,7
32902,LOVE,LANA DEL REY,86,LW:RE,41,5,2017-07-28,2017,2010,7
31842,SHAKE IT OFF,TAYLOR SWIFT,96,LW:RE,2,53,2017-07-28,2017,2010,7
33109,WHO DAT BOY,TYLER THE CREATOR,99,LW:RE,93,2,2017-07-28,2017,2010,7
33134,THE MAN,KILLERS,76,LW:RE,76,2,2017-08-04,2017,2010,8
24115,NUMB/ENCO,JAY-Z & LINKIN PARK,77,LW:RE,14,71,2017-08-04,2017,2010,8
33048,SPIRIT,J HUS,93,LW:RE,68,2,2017-08-04,2017,2010,8
32846,HOW FAR I'LL GO,AULI'I CRAVALHO,94,LW:RE,84,11,2017-08-04,2017,2010,8
33001,LOYALTY.,KENDRICK LAMAR & RIHANNA,98,LW:RE,27,5,2017-08-04,2017,2010,8
33152,WICHITA LINEMAN,GLEN CAMPBELL,98,LW:RE,7,14,2017-08-11,2017,2010,8
32794,TOUCH,LITTLE MIX,99,LW:RE,4,34,2017-08-11,2017,2010,8
32800,DBONE,CHILDISH GAMBINO,95,LW:RE,51,17,2017-08-18,2017,2010,8
32804,MINDER,WEEKND,100,LW:RE,39,4,2017-08-18,2017,2010,8
32993,SIGN OF THE TIMES,HARRY STYLES,88,LW:RE,1,19,2017-08-25,2017,2010,8
33065,1-800-273-8255,LOGIC/ALESSIA CARA/KHALID,95,LW:RE,78,3,2017-08-25,2017,2010,8
33143,MO & MO,TOM ZANETTI,96,LW:RE,73,2,2017-08-25,2017,2010,8
31842,SHAKE IT OFF,TAYLOR SWIFT,83,LW:RE,2,54,2017-09-01,2017,2010,9
32868,ISSUES,JULIA MICHAELS,58,LW:RE,10,26,2017-09-08,2017,2010,9
24052,MY IMMORTAL,EVANESCENCE,83,LW:RE,7,17,2017-09-08,2017,2010,9
33154,FOR WHAT IT'S WORTH,LIAM GALLAGHER,94,LW:RE,46,3,2017-09-08,2017,2010,9
32514,PIECE BY PIECE,KELLY CLARKSON,27,LW:RE,27,2,2017-09-15,2017,2010,9
33171,ON MY MIND,JORJA SMITH & PREDITAH,73,LW:RE,73,2,2017-09-15,2017,2010,9
32929,PERFECT,ED SHEERAN,77,LW:RE,4,18,2017-09-15,2017,2010,9
33165,YOUNGER NOW,MILEY CYRUS,98,LW:RE,54,3,2017-09-15,2017,2010,9
32871,SKIN,RAG'N'BONE MAN,99,LW:RE,13,31,2017-09-15,2017,2010,9
33107,ALADDIN,NOT3S,65,LW:RE,61,10,2017-09-22,2017,2010,9
33076,RUN,FOO FIGHTERS,76,LW:RE,64,2,2017-09-22,2017,2010,9
24702,MR BRIGHTSIDE,KILLERS,92,LW:RE,10,183,2017-09-22,2017,2010,9
31709,STAY WITH ME,SAM SMITH,95,LW:RE,1,74,2017-09-22,2017,2010,9
32888,(NO ONE KNOWS ME) LIKE THE PIANO,SAMPHA,97,LW:RE,92,2,2017-09-22,2017,2010,9
33075,RISE UP,ANDRA DAY,99,LW:RE,61,4,2017-09-22,2017,2010,9
33134,THE MAN,KILLERS,63,LW:RE,63,4,2017-09-29,2017,2010,9
32466,HEROES,DAVID BOWIE,90,LW:RE,12,12,2017-09-29,2017,2010,9
33130,MEMORY LANE,BUGZY MALONE FT TOM GRENNAN,93,LW:RE,74,7,2017-09-29,2017,2010,9
32882,BELIEVER,IMAGINE DRAGONS,96,LW:RE,42,27,2017-09-29,2017,2010,9
6743,FE FALLIN',TOM PETTY,65,LW:RE,59,9,2017-10-06,2017,2010,10
33165,YOUNGER NOW,MILEY CYRUS,76,LW:RE,54,4,2017-10-06,2017,2010,10
33029,THUNDER,IMAGINE DRAGONS,77,LW:RE,20,19,2017-10-06,2017,2010,10
33039,MALIBU,MILEY CYRUS,91,LW:RE,11,20,2017-10-06,2017,2010,10
33174,EVERYBODY DIES IN THEIR NIGHTMAS,XXXTENTACION,99,LW:RE,88,4,2017-10-06,2017,2010,10
33154,FOR WHAT IT'S WORTH,LIAM GALLAGHER,33,LW:RE,33,5,2017-10-13,2017,2010,10
33209,A DIFFENT WAY,DJ SNAKE FT LAUV,88,LW:RE,86,2,2017-10-13,2017,2010,10
32346,RUNNIN' (LOSE IT ALL),NAUGHTY BOY/BEYONCE/A BENJAMIN,94,LW:RE,4,28,2017-10-13,2017,2010,10
33215,BEAUTIFUL TRAUMA,PINK,57,LW:RE,57,2,2017-10-20,2017,2010,10
33069,WALL OF GLASS,LIAM GALLAGHER,58,LW:RE,21,10,2017-10-20,2017,2010,10
33075,RISE UP,ANDRA DAY,92,LW:RE,61,5,2017-10-20,2017,2010,10
33247,FEDOM,GEORGE MICHAEL,49,LW:RE,28,7,2017-10-27,2017,2010,10
33213,FOR ME,KREPT & KONAN,58,LW:RE,58,3,2017-10-27,2017,2010,10
7668,PRAYING FOR TIME,GEORGE MICHAEL,93,LW:RE,6,8,2017-10-27,2017,2010,10
32087,ONE LAST TIME,ARIANA GRANDE,95,LW:RE,2,51,2017-10-27,2017,2010,10
929,THRILLER,MICHAEL JACKSON,34,LW:RE,10,54,2017-11-03,2017,2010,11
32918,BLINDED BY YOUR GRACE - PT 2,STORMZY FT MNEK,40,LW:RE,40,4,2017-11-03,2017,2010,11
27975,GHOSTBUSTERS,RAY PARKER JR,65,LW:RE,2,41,2017-11-03,2017,2010,11
33228,HOLY MOUNTAIN,NOEL GALLAGHER'S HIGH FLYING,88,LW:RE,69,3,2017-11-03,2017,2010,11
27977,MONSTER MASH,BOBBY BORIS PICKETT,94,LW:RE,60,8,2017-11-03,2017,2010,11
33190,LET ME GO,HAILEE STEINFELD/ALESSO/WATT,95,LW:RE,88,2,2017-11-03,2017,2010,11
12556,ALL I WANT FOR CHRISTMAS IS YOU,MARIAH CAREY,89,LW:RE,2,79,2017-11-10,2017,2010,11
33210,PHASES,ALMA FT FRENCH MONTANA,92,LW:RE,88,2,2017-11-10,2017,2010,11
32993,SIGN OF THE TIMES,HARRY STYLES,99,LW:RE,1,20,2017-11-10,2017,2010,11
33183,CRYBABY,PALOMA FAITH,63,LW:RE,36,10,2017-11-24,2017,2010,11
32928,GALWAY GIRL,ED SHEERAN,66,LW:RE,2,28,2017-11-24,2017,2010,11
33215,BEAUTIFUL TRAUMA,PINK,71,LW:RE,57,4,2017-11-24,2017,2010,11
33046,BOUFF DADDY,J HUS,74,LW:RE,65,2,2017-11-24,2017,2010,11
32868,ISSUES,JULIA MICHAELS,75,LW:RE,10,30,2017-11-24,2017,2010,11
33168,LOOK WHAT YOU MADE ME DO,TAYLOR SWIFT,78,LW:RE,1,11,2017-11-24,2017,2010,11
28036,LAST CHRISTMAS,WHAM,81,LW:RE,7,48,2017-11-24,2017,2010,11
33125,RAIN,SCRIPT,95,LW:RE,15,17,2017-11-24,2017,2010,11
26511,FAIRYTALE OF NEW YORK,POGUES FT KIRSTY MACCOLL,55,LW:RE,2,85,2017-12-01,2017,2010,12
28049,DO THEY KNOW IT'S CHRISTMAS,BAND AID,85,LW:RE,1,66,2017-12-01,2017,2010,12
2738,MERRY CHRISTMAS EVERYONE,SHAKIN' STEVENS,87,LW:RE,1,58,2017-12-01,2017,2010,12
28041,I WISH IT COULD BE CHRISTMAS EVERYDAY,WIZZARD,98,LW:RE,16,45,2017-12-01,2017,2010,12
33272,RIC FLAIR DRIP,OFFSET & METRO BOOMIN,99,LW:RE,98,3,2017-12-01,2017,2010,12
28089,ROCKIN' AROUND THE CHRISTMAS TE,BRENDA LEE,42,LW:RE,6,36,2017-12-08,2017,2010,12
30386,IT'S BEGINNING TO LOOK A LOT LIKE,MICHAEL BUBLE,45,LW:RE,27,20,2017-12-08,2017,2010,12
32002,SANTA TELL ME,ARIANA GRANDE,60,LW:RE,60,6,2017-12-08,2017,2010,12
72,MERRY XMAS EVERYBODY,SLADE,62,LW:RE,1,87,2017-12-08,2017,2010,12
30384,STEP INTO CHRISTMAS,ELTON JOHN,63,LW:RE,24,27,2017-12-08,2017,2010,12
4774,DRIVING HOME FOR CHRISTMAS,CHRIS REA,68,LW:RE,26,45,2017-12-08,2017,2010,12
30309,MISTLETOE,JUSTIN BIEBER,74,LW:RE,21,12,2017-12-08,2017,2010,12
31463,ONE MO SLEEP,LEONA LEWIS,75,LW:RE,3,12,2017-12-08,2017,2010,12
28054,HAPPY XMAS (WAR IS OVER),JOHN & YOKO/PLASTIC ONO BAND,76,LW:RE,40,27,2017-12-08,2017,2010,12
28060,WONDERFUL CHRISTMASTIME,PAUL MCCARTNEY,79,LW:RE,6,21,2017-12-08,2017,2010,12
28035,IT'S THE MOST WONDERFUL TIME OF THE YEAR,ANDY WILLIAMS,80,LW:RE,21,24,2017-12-08,2017,2010,12
29234,CHRISTMAS LIGHTS,COLDPLAY,83,LW:RE,13,18,2017-12-08,2017,2010,12
16743,WHITE CHRISTMAS,BING CROSBY,84,LW:RE,5,23,2017-12-08,2017,2010,12
31468,UNDERNEATH THE TE,KELLY CLARKSON,91,LW:RE,30,8,2017-12-08,2017,2010,12
32029,HOLLY JOLLY CHRISTMAS,MICHAEL BUBLE,96,LW:RE,96,3,2017-12-08,2017,2010,12
28062,MARY'S BOY CHILD/OH MY LORD,BONEY M,97,LW:RE,47,10,2017-12-08,2017,2010,12
28081,SANTA BABY,KYLIE MINOGUE,98,LW:RE,72,11,2017-12-08,2017,2010,12
32848,CASTLE ON THE HILL,ED SHEERAN,87,LW:RE,2,46,2017-12-15,2017,2010,12
13955,2000 MILES,PRETENDERS,89,LW:RE,15,15,2017-12-15,2017,2010,12
28076,STOP THE CAVALRY,JONA LEWIE,91,LW:RE,3,19,2017-12-15,2017,2010,12
32458,LONELY THIS CHRISTMAS,MUD,92,LW:RE,1,14,2017-12-15,2017,2010,12
32796,HUMAN,RAG'N'BONE MAN,93,LW:RE,2,45,2017-12-15,2017,2010,12
32822,WHEN CHRISTMAS COMES AROUND,MATT TERRY,94,LW:RE,3,5,2017-12-15,2017,2010,12
24076,CHRISTMAS TIME (DON'T LET THE BELLS END),DARKNESS,96,LW:RE,2,23,2017-12-15,2017,2010,12
32868,ISSUES,JULIA MICHAELS,97,LW:RE,10,32,2017-12-15,2017,2010,12
32997,XO TOUR LLIF3,LIL UZI VERT,98,LW:RE,25,35,2017-12-15,2017,2010,12
33278,NO LIMIT,G-EAZY FT ASAP ROCKY & CARDI B,81,LW:RE,81,4,2017-12-22,2017,2010,12
33302,ALL NIGHT,BIG BOI FT LUNCHMONEY LEWIS,98,LW:RE,85,2,2017-12-22,2017,2010,12
32838,JINGLE BELL ROCK,BOBBY HELMS,63,LW:RE,63,2,2017-12-29,2018,2010,12
9115,THE CHRISTMAS SONG,NAT KING COLE,66,LW:RE,51,6,2017-12-29,2018,2010,12
28079,SANTA BABY,EARTHA KITT,68,LW:RE,63,8,2017-12-29,2018,2010,12
24076,CHRISTMAS TIME (DON'T LET THE BELLS END),DARKNESS,69,LW:RE,2,24,2017-12-29,2018,2010,12
32928,GALWAY GIRL,ED SHEERAN,70,LW:RE,2,31,2017-12-29,2018,2010,12
32840,BLUE CHRISTMAS,ELVIS PRESLEY,75,LW:RE,11,9,2017-12-29,2018,2010,12
12530,STAY ANOTHER DAY,EAST 17,76,LW:RE,1,42,2017-12-29,2018,2010,12
32839,CHRISTMAS (BABY PLEASE COME HOME),DARLENE LOVE,77,LW:RE,74,2,2017-12-29,2018,2010,12
31492,SLEIGH RIDE,RONETTES,80,LW:RE,68,4,2017-12-29,2018,2010,12
32841,FELIZ NAVIDAD,JOSE FELICIANO,86,LW:RE,78,2,2017-12-29,2018,2010,12
32844,CHRISTMAS WRAPPING,WAITRESSES,87,LW:RE,45,6,2017-12-29,2018,2010,12
32822,WHEN CHRISTMAS COMES AROUND,MATT TERRY,90,LW:RE,3,6,2017-12-29,2018,2010,12
28066,LET IT SNOW LET IT SNOW LET IT SNOW,DEAN MARTIN,91,LW:RE,69,12,2017-12-29,2018,2010,12
32015,HAVE YOURSELF A MERRY LITTLE CHRISTMAS,SAM SMITH,93,LW:RE,65,4,2017-12-29,2018,2010,12
32848,CASTLE ON THE HILL,ED SHEERAN,47,LW:RE,2,48,2018-01-05,2018,2010,1
33124,MI GENTE,J BALVIN/WILLY WILLIAM,58,LW:RE,5,25,2018-01-05,2018,2010,1
33179,WHAT LOVERS DO,MAROON 5 FT SZA,60,LW:RE,12,17,2018-01-05,2018,2010,1
32900,SOMETHING JUST LIKE THIS,CHAINSMOKERS & COLDPLAY,62,LW:RE,2,40,2018-01-05,2018,2010,1
32868,ISSUES,JULIA MICHAELS,63,LW:RE,10,33,2018-01-05,2018,2010,1
33065,1-800-273-8255,LOGIC/ALESSIA CARA/KHALID,65,LW:RE,9,21,2018-01-05,2018,2010,1
33288,IS YOUR LOVE ENOUGH,LITTLE MIX,66,LW:RE,47,5,2018-01-05,2018,2010,1
33087,WILD THOUGHTS,DJ KHALED FT RIHANNA/TILLER,67,LW:RE,1,25,2018-01-05,2018,2010,1
33067,POWER,LITTLE MIX,68,LW:RE,6,30,2018-01-05,2018,2010,1
32997,XO TOUR LLIF3,LIL UZI VERT,70,LW:RE,25,36,2018-01-05,2018,2010,1
33098,CAME HE FOR LOVE,SIGALA & ELLA EYRE,71,LW:RE,6,26,2018-01-05,2018,2010,1
24702,MR BRIGHTSIDE,KILLERS,72,LW:RE,10,194,2018-01-05,2018,2010,1
33034,MAMA,JONAS BLUE FT WILLIAM SINGE,73,LW:RE,4,30,2018-01-05,2018,2010,1
33141,MO THAN FRIENDS,JAMES HYPE FT KELLI-LEIGH,74,LW:RE,8,19,2018-01-05,2018,2010,1
33088,FEELS,HARRIS/PHARRELL/PERRY/BIG SEAN,75,LW:RE,1,25,2018-01-05,2018,2010,1
33160,BODAK YELLOW,CARDI B,76,LW:RE,24,17,2018-01-05,2018,2010,1
33262,LEMON,NERD & RIHANNA,77,LW:RE,31,8,2018-01-05,2018,2010,1
33017,THE'S NOTHING HOLDIN' ME BACK,SHAWN MENDES,78,LW:RE,4,32,2018-01-05,2018,2010,1
33168,LOOK WHAT YOU MADE ME DO,TAYLOR SWIFT,79,LW:RE,1,13,2018-01-05,2018,2010,1
33290,CANDY PAINT,POST MALONE,80,LW:RE,65,5,2018-01-05,2018,2010,1
33116,SORRY NOT SORRY,DEMI LOVATO,81,LW:RE,9,23,2018-01-05,2018,2010,1
33066,YOUR SONG,RITA ORA,82,LW:RE,7,28,2018-01-05,2018,2010,1
32087,ONE LAST TIME,ARIANA GRANDE,85,LW:RE,2,52,2018-01-05,2018,2010,1
33031,PTTY GIRL,MAGGIE LINDEMANN,86,LW:RE,8,27,2018-01-05,2018,2010,1
33276,BOA ME,FUSE ODG/ED SHEERAN/MUGEEZ,87,LW:RE,52,4,2018-01-05,2018,2010,1
33020,ATTENTION,CHARLIE PUTH,88,LW:RE,9,31,2018-01-05,2018,2010,1
32943,DID YOU SEE,J HUS,90,LW:RE,9,33,2018-01-05,2018,2010,1
33059,STRIP THAT DOWN,LIAM PAYNE FT QUAVO,91,LW:RE,3,25,2018-01-05,2018,2010,1
32794,TOUCH,LITTLE MIX,92,LW:RE,4,35,2018-01-05,2018,2010,1
32871,SKIN,RAG'N'BONE MAN,94,LW:RE,13,32,2018-01-05,2018,2010,1
33163,QUESTIONS,CHRIS BROWN,96,LW:RE,12,18,2018-01-05,2018,2010,1
32602,CAN'T STOP THE FEELING,JUSTIN TIMBERLAKE,97,LW:RE,2,71,2018-01-05,2018,2010,1
33161,FRIENDS,JUSTIN BIEBER & BLOODPOP,98,LW:RE,2,16,2018-01-05,2018,2010,1
33326,SEPTEMBER,EARTH WIND & FIRE,99,LW:RE,3,17,2018-01-05,2018,2010,1
33029,THUNDER,IMAGINE DRAGONS,100,LW:RE,20,22,2018-01-05,2018,2010,1
33303,END GAME,TAYLOR SWIFT/ED SHEERAN/FUTURE,83,LW:RE,83,2,2018-01-12,2018,2010,1
33301,SO FAR AWAY,GARRIX/GUETTA/SCOTT/ROMY,86,LW:RE,81,2,2018-01-12,2018,2010,1
33293,ALL FALLS DOWN,ALAN WALKER/N CYRUS/DIGITAL FA,87,LW:RE,87,3,2018-01-12,2018,2010,1
33272,RIC FLAIR DRIP,OFFSET & METRO BOOMIN,93,LW:RE,93,4,2018-01-12,2018,2010,1
33281,ECHAME LA CULPA,LUIS FONSI FT DEMI LOVATO,100,LW:RE,46,4,2018-01-12,2018,2010,1
12253,ZOMBIE,CRANBERRIES,45,LW:RE,45,3,2018-01-19,2018,2010,1
11304,LINGER,CRANBERRIES,47,LW:RE,14,13,2018-01-19,2018,2010,1
11648,DAMS,CRANBERRIES,66,LW:RE,27,7,2018-01-19,2018,2010,1
33302,ALL NIGHT,BIG BOI FT LUNCHMONEY LEWIS,85,LW:RE,85,3,2018-01-19,2018,2010,1
33310,YRF,GRM DAILY,97,LW:RE,93,2,2018-01-19,2018,2010,1
33308,THEN,ANNE-MARIE,99,LW:RE,87,2,2018-01-19,2018,2010,1
24702,MR BRIGHTSIDE,KILLERS,100,LW:RE,10,195,2018-01-19,2018,2010,1
32993,SIGN OF THE TIMES,HARRY STYLES,75,LW:RE,1,21,2018-01-26,2018,2010,1
33200,THE LAST OF THE AL ONES,FALL OUT BOY,89,LW:RE,84,2,2018-01-26,2018,2010,1
32882,BELIEVER,IMAGINE DRAGONS,93,LW:RE,42,28,2018-02-02,2018,2010,2
24702,MR BRIGHTSIDE,KILLERS,98,LW:RE,10,196,2018-02-02,2018,2010,2
33116,SORRY NOT SORRY,DEMI LOVATO,99,LW:RE,9,25,2018-02-02,2018,2010,2
32997,XO TOUR LLIF3,LIL UZI VERT,100,LW:RE,25,39,2018-02-02,2018,2010,2
33346,DANCING,KYLIE MINOGUE,93,LW:RE,47,2,2018-02-09,2018,2010,2
33003,LOVE.,KENDRICK LAMAR,97,LW:RE,39,4,2018-02-09,2018,2010,2
32933,SUPERMARKET FLOWERS,ED SHEERAN,81,LW:RE,8,14,2018-02-23,2018,2010,2
32796,HUMAN,RAG'N'BONE MAN,89,LW:RE,2,50,2018-02-23,2018,2010,2
33346,DANCING,KYLIE MINOGUE,50,LW:RE,47,3,2018-03-02,2018,2010,3
32871,SKIN,RAG'N'BONE MAN,81,LW:RE,13,33,2018-03-02,2018,2010,3
24702,MR BRIGHTSIDE,KILLERS,96,LW:RE,10,198,2018-03-02,2018,2010,3
33338,PERSONAL,HRVY,69,LW:RE,69,2,2018-03-09,2018,2010,3
33272,RIC FLAIR DRIP,OFFSET & METRO BOOMIN,70,LW:RE,70,8,2018-03-09,2018,2010,3
32882,BELIEVER,IMAGINE DRAGONS,93,LW:RE,42,30,2018-03-09,2018,2010,3
33029,THUNDER,IMAGINE DRAGONS,94,LW:RE,20,28,2018-03-09,2018,2010,3
33400,44 MO,LOGIC,75,LW:RE,75,2,2018-03-16,2018,2010,3
33292,IT'S A BEAUTIFUL WORLD,NOEL GALLAGHER'S HIGH FLYING,77,LW:RE,77,2,2018-03-16,2018,2010,3
33403,LIKE I DO,GUETTA/GARRIX/BROOKS,88,LW:RE,88,2,2018-03-16,2018,2010,3
30341,A THOUSAND YEARS,CHRISTINA PERRI,58,LW:RE,11,90,2018-03-23,2018,2010,3
33352,WALK IT TALK IT,MIGOS FT DRAKE,80,LW:RE,31,6,2018-03-23,2018,2010,3
32882,BELIEVER,IMAGINE DRAGONS,90,LW:RE,42,31,2018-03-23,2018,2010,3
33409,CHANGES,XXXTENTACION,71,LW:RE,71,2,2018-03-30,2018,2010,3
33340,MY WAY,ONE BIT & NOAH CYRUS,96,LW:RE,76,5,2018-03-30,2018,2010,3
33186,TOO GOOD AT GOODBYES,SAM SMITH,100,LW:RE,1,28,2018-03-30,2018,2010,3
32882,BELIEVER,IMAGINE DRAGONS,91,LW:RE,42,32,2018-04-06,2018,2010,4
32957,SYMPHONY,CLEAN BANDIT FT ZARA LARSSON,95,LW:RE,1,53,2018-04-06,2018,2010,4
24702,MR BRIGHTSIDE,KILLERS,99,LW:RE,10,201,2018-04-06,2018,2010,4
33010,UNFORGETTABLE,FRENCH MONTANA FT SWAE LEE,100,LW:RE,2,50,2018-04-06,2018,2010,4
33360,PRAY FOR ME,WEEKND/KENDRICK LAMAR,32,LW:RE,11,9,2018-04-13,2018,2010,4
33346,DANCING,KYLIE MINOGUE,38,LW:RE,38,6,2018-04-13,2018,2010,4
33419,HOLD MY GIRL,GEORGE EZRA,81,LW:RE,81,2,2018-04-13,2018,2010,4
33442,TRY ME,WEEKND,69,LW:RE,17,2,2018-04-20,2018,2010,4
33439,PTTY SHINING PEOPLE,GEORGE EZRA,91,LW:RE,54,3,2018-04-20,2018,2010,4
31196,WAKE ME UP,AVICII,26,LW:RE,1,69,2018-04-27,2018,2010,4
30360,LEVELS,AVICII,36,LW:RE,4,48,2018-04-27,2018,2010,4
31295,HEY BROTHER,AVICII,43,LW:RE,2,44,2018-04-27,2018,2010,4
33453,STOP ME FROM FALLING,KYLIE MINOGUE,52,LW:RE,52,2,2018-04-27,2018,2010,4
33428,MIND ME TO FORGET,KYGO FT MIGUEL,76,LW:RE,69,6,2018-05-04,2018,2010,5
33412,I CAN'T STAND IT,BLOSSOMS,77,LW:RE,77,2,2018-05-04,2018,2010,5
33193,17,MK,82,LW:RE,7,32,2018-05-11,2018,2010,5
33323,LEAVE A LIGHT ON,TOM WALKER,68,LW:RE,41,10,2018-05-18,2018,2010,5
33499,ASHES,CELINE DION,86,LW:RE,86,2,2018-05-25,2018,2010,5
33454,ASAP FOVER,ASAP ROCKY FT MOBY,60,LW:RE,60,2,2018-06-01,2018,2010,6
32931,HAPPIER,ED SHEERAN,87,LW:RE,6,17,2018-06-01,2018,2010,6
33291,SHE TAUGHT ME HOW TO FLY,NOEL GALLAGHER'S HIGH FLYING,89,LW:RE,71,2,2018-06-01,2018,2010,6
33193,17,MK,98,LW:RE,7,33,2018-06-08,2018,2010,6
33462,FORST GUMP,LOSKI,99,LW:RE,88,6,2018-06-08,2018,2010,6
33527,GIRLFRIEND,CHRISTINE & QUEENS FT DAM-FUNK,85,LW:RE,85,2,2018-06-15,2018,2010,6
33298,BATHE,JAX JONES FT INA WROLDSEN,98,LW:RE,7,27,2018-06-15,2018,2010,6
33500,FOUR OUT OF FIVE,ARCTIC MONKEYS,99,LW:RE,18,4,2018-06-15,2018,2010,6
33496,MISSING,BELLY SQUAD FT HEADIE ONE,100,LW:RE,84,4,2018-06-15,2018,2010,6
33404,SAD,XXXTENTACION,31,LW:RE,19,11,2018-06-22,2018,2010,6
33422,MOONLIGHT,XXXTENTACION,32,LW:RE,31,6,2018-06-22,2018,2010,6
33409,CHANGES,XXXTENTACION,33,LW:RE,33,4,2018-06-22,2018,2010,6
21996,3 LIONS,BADDIEL/SKINNER/LIGHTNING SEED,72,LW:RE,1,41,2018-06-22,2018,2010,6
33523,SENSELESS,STEFFLON DON,83,LW:RE,83,2,2018-06-22,2018,2010,6
33533,HIGH HOPES,PANIC AT THE DISCO,56,LW:RE,56,2,2018-06-29,2018,2010,6
33437,SAY AMEN (SATURDAY NIGHT),PANIC AT THE DISCO,83,LW:RE,48,5,2018-06-29,2018,2010,6
33193,17,MK,92,LW:RE,7,35,2018-06-29,2018,2010,6
33330,ALL THE STARS,KENDRICK LAMAR & SZA,97,LW:RE,5,22,2018-06-29,2018,2010,6
33494,GUATEMALA,RAE SREMMURD,98,LW:RE,73,7,2018-06-29,2018,2010,6
33340,MY WAY,ONE BIT & NOAH CYRUS,99,LW:RE,76,7,2018-06-29,2018,2010,6
33439,PTTY SHINING PEOPLE,GEORGE EZRA,90,LW:RE,54,4,2018-07-06,2018,2010,7
33549,HUMILITY,GORILLAZ FT GEORGE BENSON,96,LW:RE,81,2,2018-07-06,2018,2010,7
25150,AMERICAN IDIOT,GREEN DAY,25,LW:RE,3,16,2018-07-13,2018,2010,7
17376,VINDALOO,FAT LES,41,LW:RE,2,21,2018-07-13,2018,2010,7
22002,WORLD IN MOTION,NEW ORDER,48,LW:RE,22,11,2018-07-13,2018,2010,7
33194,ROCKSTAR,POST MALONE FT 21 SAVAGE,90,LW:RE,1,33,2018-07-13,2018,2010,7
33254,MY LOVER,NOT3S,98,LW:RE,14,31,2018-07-13,2018,2010,7
33476,PLAYINWITME,KYLE FT KEHLANI,99,LW:RE,61,11,2018-07-13,2018,2010,7
33010,UNFORGETTABLE,FRENCH MONTANA FT SWAE LEE,100,LW:RE,2,51,2018-07-13,2018,2010,7
33571,THE LIGHT IS COMING,ARIANA GRANDE FT NICKI MINAJ,93,LW:RE,57,4,2018-07-20,2018,2010,7
24702,MR BRIGHTSIDE,KILLERS,99,LW:RE,10,202,2018-07-20,2018,2010,7
33541,ALL MINE,KANYE WEST,100,LW:RE,11,6,2018-07-20,2018,2010,7
33567,DANCE TO THIS,TROYE SIVAN FT ARIANA GRANDE,100,LW:RE,64,2,2018-07-27,2018,2010,7
33578,SOBER,DEMI LOVATO,68,LW:RE,63,2,2018-08-03,2018,2010,8
33422,MOONLIGHT,XXXTENTACION,94,LW:RE,17,13,2018-08-17,2018,2010,8
33612,NATURAL,IMAGINE DRAGONS,99,LW:RE,82,2,2018-08-17,2018,2010,8
33177,F**K LOVE,XXXTENTACION FT TRIPPIE REDD,100,LW:RE,89,5,2018-08-17,2018,2010,8
33652,I SAY A LITTLE PRAYER,ARETHA FRANKLIN,51,LW:RE,4,15,2018-08-24,2018,2010,8
33466,NO TEARS LEFT TO CRY,ARIANA GRANDE,35,LW:RE,2,18,2018-08-31,2018,2010,8
33194,ROCKSTAR,POST MALONE FT 21 SAVAGE,91,LW:RE,1,36,2018-08-31,2018,2010,8
33624,BOASY,AVELINO FT NOT3S,94,LW:RE,92,4,2018-08-31,2018,2010,8
33118,NEW RULES,DUA LIPA,95,LW:RE,1,59,2018-08-31,2018,2010,8
33637,BADDEST,AMELIA MONET FT EO,98,LW:RE,91,3,2018-08-31,2018,2010,8
24702,MR BRIGHTSIDE,KILLERS,100,LW:RE,10,203,2018-08-31,2018,2010,8
33606,FEELS LIKE SUMMER,CHILDISH GAMBINO,64,LW:RE,64,2,2018-09-07,2018,2010,9
33445,NICE FOR WHAT,DRAKE,72,LW:RE,1,13,2018-09-07,2018,2010,9
33655,FAITH'S SONG,AMY WADGE,78,LW:RE,78,2,2018-09-07,2018,2010,9
33567,DANCE TO THIS,TROYE SIVAN FT ARIANA GRANDE,94,LW:RE,64,3,2018-09-07,2018,2010,9
33580,ENERGY (STAY FAR AWAY),SKEPTA & WIZKID,59,LW:RE,59,9,2018-09-14,2018,2010,9
33414,NEVER ENOUGH,LOREN ALLRED,70,LW:RE,24,16,2018-09-14,2018,2010,9
33148,HAVANA,CAMILA CABELLO FT YOUNG THUG,96,LW:RE,1,57,2018-09-14,2018,2010,9
33595,ALL FOR YOU,YEARS & YEARS,88,LW:RE,88,2,2018-09-28,2018,2010,9
33674,ANYWHE,SIGMA,95,LW:RE,90,2,2018-09-28,2018,2010,9
33435,LOST IN JAPAN,SHAWN MENDES,78,LW:RE,30,4,2018-10-05,2018,2010,10
33422,MOONLIGHT,XXXTENTACION,95,LW:RE,17,14,2018-10-05,2018,2010,10
33673,MY BLOOD,TWENTY ONE PILOTS,62,LW:RE,62,2,2018-10-12,2018,2010,10
33601,JUMPSUIT,TWENTY ONE PILOTS,69,LW:RE,50,4,2018-10-12,2018,2010,10
33316,THE GATEST SHOW,JACKMAN/SETTLE/EFRON/ZENDAYA,85,LW:RE,20,11,2018-10-12,2018,2010,10
33323,LEAVE A LIGHT ON,TOM WALKER,52,LW:RE,7,31,2018-11-02,2018,2010,11
29185,BOHEMIAN RHAPSODY,QUEEN,53,LW:RE,1,19,2018-11-02,2018,2010,11
929,THRILLER,MICHAEL JACKSON,63,LW:RE,10,55,2018-11-02,2018,2010,11
27319,DON'T STOP ME NOW,QUEEN,91,LW:RE,9,45,2018-11-02,2018,2010,11
33419,HOLD MY GIRL,GEORGE EZRA,93,LW:RE,81,3,2018-11-02,2018,2010,11
27975,GHOSTBUSTERS,RAY PARKER JR,97,LW:RE,2,42,2018-11-02,2018,2010,11
33612,NATURAL,IMAGINE DRAGONS,91,LW:RE,54,13,2018-11-09,2018,2010,11
33699,GUIDING LIGHT,MUMFORD & SONS,92,LW:RE,40,5,2018-11-09,2018,2010,11
33776,ANOTHER ONE BITES THE DUST,QUEEN,93,LW:RE,7,10,2018-11-09,2018,2010,11
33689,WAKE UP IN THE SKY,GUCCI MANE/BRUNO MARS/KODAK,95,LW:RE,65,4,2018-11-09,2018,2010,11
33752,POUR ME ANOTHER ONE,KREPT & KONAN FT TABITHA,97,LW:RE,73,2,2018-11-09,2018,2010,11
33694,AIRFORCE,DIGDAT FT KREPT & KONAN/K-TRAP,98,LW:RE,87,7,2018-11-09,2018,2010,11
33705,GRACE,LEWIS CAPALDI,77,LW:RE,77,2,2018-11-16,2018,2010,11
33703,THIS FEELING,CHAINSMOKERS/KELSEA BALLERINI,95,LW:RE,63,7,2018-11-16,2018,2010,11
33699,GUIDING LIGHT,MUMFORD & SONS,48,LW:RE,40,6,2018-11-23,2018,2010,11
33523,SENSELESS,STEFFLON DON,63,LW:RE,63,8,2018-11-23,2018,2010,11
12556,ALL I WANT FOR CHRISTMAS IS YOU,MARIAH CAREY,65,LW:RE,2,87,2018-11-23,2018,2010,11
33413,A MILLION DAMS,ZIV ZAIFMAN/JACKMAN/WILLIAMS,94,LW:RE,22,17,2018-11-23,2018,2010,11
33694,AIRFORCE,DIGDAT FT KREPT & KONAN/K-TRAP,20,LW:RE,20,8,2018-11-30,2018,2010,11
28036,LAST CHRISTMAS,WHAM,52,LW:RE,2,54,2018-11-30,2018,2010,11
26511,FAIRYTALE OF NEW YORK,POGUES FT KIRSTY MACCOLL,66,LW:RE,2,90,2018-11-30,2018,2010,11
28049,DO THEY KNOW IT'S CHRISTMAS,BAND AID,88,LW:RE,1,71,2018-11-30,2018,2010,11
30386,IT'S BEGINNING TO LOOK A LOT LIKE,MICHAEL BUBLE,94,LW:RE,13,24,2018-11-30,2018,2010,11
33719,STOOPID,6IX9INE FT BOBBY SHMURDA,95,LW:RE,34,4,2018-11-30,2018,2010,11
32002,SANTA TELL ME,ARIANA GRANDE,35,LW:RE,28,10,2018-12-07,2018,2010,12
2738,MERRY CHRISTMAS EVERYONE,SHAKIN' STEVENS,36,LW:RE,1,63,2018-12-07,2018,2010,12
28089,ROCKIN' AROUND THE CHRISTMAS TE,BRENDA LEE,39,LW:RE,6,40,2018-12-07,2018,2010,12
31463,ONE MO SLEEP,LEONA LEWIS,42,LW:RE,3,16,2018-12-07,2018,2010,12
30384,STEP INTO CHRISTMAS,ELTON JOHN,44,LW:RE,11,31,2018-12-07,2018,2010,12
28041,I WISH IT COULD BE CHRISTMAS EVERYDAY,WIZZARD,45,LW:RE,15,50,2018-12-07,2018,2010,12
4774,DRIVING HOME FOR CHRISTMAS,CHRIS REA,49,LW:RE,14,49,2018-12-07,2018,2010,12
33748,IT'S NOT LIVING (IF IT'S NOT WITH YOU),1975,52,LW:RE,46,3,2018-12-07,2018,2010,12
72,MERRY XMAS EVERYBODY,SLADE,57,LW:RE,1,91,2018-12-07,2018,2010,12
28054,HAPPY XMAS (WAR IS OVER),JOHN & YOKO/PLASTIC ONO BAND,58,LW:RE,21,31,2018-12-07,2018,2010,12
28060,WONDERFUL CHRISTMASTIME,PAUL MCCARTNEY,62,LW:RE,6,25,2018-12-07,2018,2010,12
30309,MISTLETOE,JUSTIN BIEBER,64,LW:RE,21,16,2018-12-07,2018,2010,12
33688,SINCERITY IS SCARY,1975,70,LW:RE,57,2,2018-12-07,2018,2010,12
32029,HOLLY JOLLY CHRISTMAS,MICHAEL BUBLE,82,LW:RE,34,7,2018-12-07,2018,2010,12
33300,SANTA'S COMING FOR US,SIA,83,LW:RE,39,5,2018-12-07,2018,2010,12
29234,CHRISTMAS LIGHTS,COLDPLAY,84,LW:RE,13,22,2018-12-07,2018,2010,12
28035,IT'S THE MOST WONDERFUL TIME OF THE YEAR,ANDY WILLIAMS,85,LW:RE,17,28,2018-12-07,2018,2010,12
33414,NEVER ENOUGH,LOREN ALLRED,86,LW:RE,24,20,2018-12-07,2018,2010,12
31468,UNDERNEATH THE TE,KELLY CLARKSON,89,LW:RE,30,12,2018-12-07,2018,2010,12
16743,WHITE CHRISTMAS,BING CROSBY,93,LW:RE,5,27,2018-12-07,2018,2010,12
32838,JINGLE BELL ROCK,BOBBY HELMS,96,LW:RE,63,3,2018-12-07,2018,2010,12
28062,MARY'S BOY CHILD/OH MY LORD,BONEY M,100,LW:RE,29,14,2018-12-07,2018,2010,12
33780,BAD,XXXTENTACION,41,LW:RE,23,4,2018-12-14,2018,2010,12
32839,CHRISTMAS (BABY PLEASE COME HOME),DARLENE LOVE,80,LW:RE,74,3,2018-12-14,2018,2010,12
32017,BABY IT'S COLD OUTSIDE,IDINA MENZEL FT MICHAEL BUBLE,82,LW:RE,79,2,2018-12-14,2018,2010,12
28066,LET IT SNOW LET IT SNOW LET IT SNOW,DEAN MARTIN,87,LW:RE,69,13,2018-12-14,2018,2010,12
33314,SANTA CLAUS IS COMING TO TOWN,MICHAEL JACKSON & JACKSON FIVE,89,LW:RE,89,2,2018-12-14,2018,2010,12
32458,LONELY THIS CHRISTMAS,MUD,92,LW:RE,1,17,2018-12-14,2018,2010,12
12530,STAY ANOTHER DAY,EAST 17,93,LW:RE,1,43,2018-12-14,2018,2010,12
33446,ONE KISS,CALVIN HARRIS & DUA LIPA,94,LW:RE,1,35,2018-12-14,2018,2010,12
13955,2000 MILES,PRETENDERS,95,LW:RE,15,18,2018-12-14,2018,2010,12
24076,CHRISTMAS TIME (DON'T LET THE BELLS END),DARKNESS,97,LW:RE,2,25,2018-12-14,2018,2010,12
33413,A MILLION DAMS,ZIV ZAIFMAN/JACKMAN/WILLIAMS,83,LW:RE,22,19,2018-12-21,2018,2010,12
28081,SANTA BABY,KYLIE MINOGUE,84,LW:RE,38,15,2018-12-21,2018,2010,12
33312,YOU MAKE IT FEEL LIKE CHRISTMAS,GWEN STEFANI FT BLAKE SHELTON,90,LW:RE,90,3,2018-12-21,2018,2010,12
31492,SLEIGH RIDE,RONETTES,92,LW:RE,68,5,2018-12-21,2018,2010,12
32844,CHRISTMAS WRAPPING,WAITRESSES,93,LW:RE,45,7,2018-12-21,2018,2010,12
4687,MISTLETOE AND WINE,CLIFF RICHARD,98,LW:RE,1,12,2018-12-21,2018,2010,12
28078,SANTA CLAUS IS COMIN' TO TOWN,BRUCE SPRINGSTEEN,48,LW:RE,48,6,2018-12-28,2019,2010,12
9115,THE CHRISTMAS SONG,NAT KING COLE,56,LW:RE,51,7,2018-12-28,2019,2010,12
73,I BELIEVE IN FATHER CHRISTMAS,GREG LAKE,59,LW:RE,2,17,2018-12-28,2019,2010,12
32840,BLUE CHRISTMAS,ELVIS PRESLEY,63,LW:RE,11,10,2018-12-28,2019,2010,12
28079,SANTA BABY,EARTHA KITT,73,LW:RE,63,9,2018-12-28,2019,2010,12
32843,LET IT SNOW LET IT SNOW LET IT SNOW,FRANK SINATRA,74,LW:RE,74,2,2018-12-28,2019,2010,12
32841,FELIZ NAVIDAD,JOSE FELICIANO,77,LW:RE,77,3,2018-12-28,2019,2010,12
32015,HAVE YOURSELF A MERRY LITTLE CHRISTMAS,SAM SMITH,79,LW:RE,65,5,2018-12-28,2019,2010,12
30400,SANTA CLAUS IS COMING TO TOWN,MICHAEL BUBLE,82,LW:RE,82,5,2018-12-28,2019,2010,12
28076,STOP THE CAVALRY,JONA LEWIE,85,LW:RE,3,22,2018-12-28,2019,2010,12
28075,IT'S BEGINNING TO LOOK A LOT LIKE,PERRY COMO,89,LW:RE,47,10,2018-12-28,2019,2010,12
33758,MONEY,CARDI B,91,LW:RE,49,6,2018-12-28,2019,2010,12
33446,ONE KISS,CALVIN HARRIS & DUA LIPA,37,LW:RE,1,36,2019-01-04,2019,2010,1
33548,BODY,LOUD LUXURY FT BRANDO,39,LW:RE,4,30,2019-01-04,2019,2010,1
32929,PERFECT,ED SHEERAN,40,LW:RE,1,85,2019-01-04,2019,2010,1
33797,PERFECT TO ME,ANNE-MARIE,41,LW:RE,41,6,2019-01-04,2019,2010,1
33533,HIGH HOPES,PANIC AT THE DISCO,42,LW:RE,12,25,2019-01-04,2019,2010,1
33705,GRACE,LEWIS CAPALDI,44,LW:RE,44,8,2019-01-04,2019,2010,1
33745,KISS AND MAKE UP,DUA LIPA & BLACKPINK,45,LW:RE,36,10,2019-01-04,2019,2010,1
33347,PARADISE,GEORGE EZRA,46,LW:RE,2,42,2019-01-04,2019,2010,1
33727,1999,CHARLI XCX FT TROYE SIVAN,47,LW:RE,13,12,2019-01-04,2019,2010,1
29185,BOHEMIAN RHAPSODY,QUEEN,48,LW:RE,1,26,2019-01-04,2019,2010,1
33723,POLAROID,JONAS BLUE/LIAM PAYNE/LENNON,49,LW:RE,12,12,2019-01-04,2019,2010,1
33751,SATURDAY NIGHTS,KHALID,50,LW:RE,50,2,2019-01-04,2019,2010,1
33748,IT'S NOT LIVING (IF IT'S NOT WITH YOU),1975,52,LW:RE,46,6,2019-01-04,2019,2010,1
33344,THESE DAYS,RUDIMENTAL/GLYNNE/MACKLEMORE,53,LW:RE,1,44,2019-01-04,2019,2010,1
33679,JUST GOT PAID,SIGALA/EYRE/TRAINOR FT MONTANA,55,LW:RE,11,15,2019-01-04,2019,2010,1
33828,LEAVE ME ALONE,FLIPP DINERO,56,LW:RE,56,2,2019-01-04,2019,2010,1
33783,NEEDED TIME,YXNG BANE,57,LW:RE,51,7,2019-01-04,2019,2010,1
33769,I FOUND YOU,BENNY BLANCO & CALVIN HARRIS,58,LW:RE,29,8,2019-01-04,2019,2010,1
33466,NO TEARS LEFT TO CRY,ARIANA GRANDE,59,LW:RE,2,30,2019-01-04,2019,2010,1
33627,IN MY MIND,DYNORO & GIGI D'AGOSTINO,60,LW:RE,5,21,2019-01-04,2019,2010,1
33677,ELECTRICITY,SILK CITY FT DUA LIPA,61,LW:RE,4,15,2019-01-04,2019,2010,1
33460,YOUNGBLOOD,5 SECONDS OF SUMMER,63,LW:RE,4,34,2019-01-04,2019,2010,1
33514,SOLO,CLEAN BANDIT FT DEMI LOVATO,64,LW:RE,1,27,2019-01-04,2019,2010,1
33710,TAKI TAKI,DJ SNAKE/GOMEZ/CARDI B/OZUNA,65,LW:RE,15,13,2019-01-04,2019,2010,1
33449,I LIKE IT,CARDI B/BAD BUNNY/J BALVIN,66,LW:RE,8,31,2019-01-04,2019,2010,1
33749,WHEN THE PARTY'S OVER,BILLIE EILISH,67,LW:RE,21,10,2019-01-04,2019,2010,1
33467,2002,ANNE-MARIE,69,LW:RE,3,33,2019-01-04,2019,2010,1
33521,TASTE,TYGA FT OFFSET,70,LW:RE,5,31,2019-01-04,2019,2010,1
33488,I'LL BE THE,JESS GLYNNE,71,LW:RE,1,28,2019-01-04,2019,2010,1
33481,BETTER NOW,POST MALONE,72,LW:RE,6,32,2019-01-04,2019,2010,1
33680,BACK & FORTH,MK/JONAS BLUE/BECKY HILL,75,LW:RE,12,15,2019-01-04,2019,2010,1
33648,ALL I AM,JESS GLYNNE,76,LW:RE,7,16,2019-01-04,2019,2010,1
24702,MR BRIGHTSIDE,KILLERS,77,LW:RE,10,204,2019-01-04,2019,2010,1
33593,IN MY FEELINGS,DRAKE,78,LW:RE,1,21,2019-01-04,2019,2010,1
27319,DON'T STOP ME NOW,QUEEN,79,LW:RE,9,49,2019-01-04,2019,2010,1
33341,GOD'S PLAN,DRAKE,81,LW:RE,1,24,2019-01-04,2019,2010,1
32847,SHAPE OF YOU,ED SHEERAN,82,LW:RE,1,95,2019-01-04,2019,2010,1
33532,LUCID DAMS,JUICE WRLD,83,LW:RE,10,28,2019-01-04,2019,2010,1
33760,PUMPY,DA BEATFREAKZ/AJ/DENO/CADET,85,LW:RE,70,6,2019-01-04,2019,2010,1
33740,FOUND WHAT I'VE BEEN LOOKING FOR,TOM GRENNAN,87,LW:RE,87,3,2019-01-04,2019,2010,1
33032,DESPACITO (MIX),LUIS FONSI/DADDY YANKEE/BIEBER,90,LW:RE,1,71,2019-01-04,2019,2010,1
33826,PROBLEM,YXNG BANE FT FREDO,91,LW:RE,75,2,2019-01-04,2019,2010,1
33118,NEW RULES,DUA LIPA,93,LW:RE,1,63,2019-01-04,2019,2010,1
33690,DRIP TOO HARD,LIL BABY & GUNNA,94,LW:RE,28,10,2019-01-04,2019,2010,1
33770,THE GATEST SHOW,PANIC AT THE DISCO,95,LW:RE,39,6,2019-01-04,2019,2010,1
33534,RISE,JONAS BLUE FT JACK & JACK,96,LW:RE,3,25,2019-01-04,2019,2010,1
33819,WHOA (MIND IN AWE),XXXTENTACION,97,LW:RE,37,3,2019-01-04,2019,2010,1
33636,BE ALRIGHT,DEAN LEWIS,98,LW:RE,11,18,2019-01-04,2019,2010,1
33780,BAD,XXXTENTACION,99,LW:RE,23,6,2019-01-04,2019,2010,1
33744,NASSTY,D-BLOCK EUROPE/ADZ/LIL PINO/LB,100,LW:RE,35,7,2019-01-04,2019,2010,1
33791,SOMEONE YOU LOVED,LEWIS CAPALDI,66,LW:RE,66,2,2019-01-11,2019,2010,1
33693,SAY MY NAME,DAVID GUETTA/BEBE REXHA/BALVIN,98,LW:RE,91,2,2019-01-11,2019,2010,1
33804,BATHE,CAMELPHAT/CRISTOPH/JEM COOKE,78,LW:RE,78,2,2019-01-18,2019,2010,1
33844,BELLYACHE,BILLIE EILISH,79,LW:RE,79,4,2019-02-08,2019,2010,2
33870,PU WATER,MUSTARD & MIGOS,94,LW:RE,94,2,2019-02-08,2019,2010,2
33408,EVERYDAY,LOGIC FT MARSHMELLO,99,LW:RE,46,8,2019-02-15,2019,2010,2
33868,DON'T FEEL LIKE CRYING,SIGRID,92,LW:RE,82,2,2019-02-22,2019,2010,2
33767,THANK U NEXT,ARIANA GRANDE,30,LW:RE,1,15,2019-03-01,2019,2010,3
33688,SINCERITY IS SCARY,1975,68,LW:RE,57,3,2019-03-01,2019,2010,3
14305,FISTARTER,PRODIGY,58,LW:RE,1,62,2019-03-08,2019,2010,3
33809,ONLY WANT YOU,RITA ORA,90,LW:RE,89,2,2019-03-08,2019,2010,3
33878,BOASTY,WILEY/STEFFLON DON/SEAN PAUL,33,LW:RE,33,4,2019-03-15,2019,2010,3
33439,PTTY SHINING PEOPLE,GEORGE EZRA,68,LW:RE,54,7,2019-03-15,2019,2010,3
33881,EXITS,FOALS,70,LW:RE,70,2,2019-03-15,2019,2010,3
33545,GIRLS LIKE YOU,MAROON 5 FT CARDI B,99,LW:RE,7,40,2019-03-15,2019,2010,3
33481,BETTER NOW,POST MALONE,100,LW:RE,6,41,2019-03-15,2019,2010,3
33459,NEVERMIND,DENNIS LLOYD,84,LW:RE,17,29,2019-03-29,2019,2010,3
33344,THESE DAYS,RUDIMENTAL/GLYNNE/MACKLEMORE,94,LW:RE,1,53,2019-04-05,2019,2010,4
33956,MIXED PERSONALITIES,YNW MELLY FT KAYNE WEST,97,LW:RE,97,2,2019-04-05,2019,2010,4
33697,LET YOU LOVE ME,RITA ORA,99,LW:RE,4,27,2019-04-05,2019,2010,4
33947,BIRDS,M HUNCHO,88,LW:RE,88,2,2019-04-19,2019,2010,4
33347,PARADISE,GEORGE EZRA,95,LW:RE,2,52,2019-04-19,2019,2010,4
33446,ONE KISS,CALVIN HARRIS & DUA LIPA,65,LW:RE,1,50,2019-04-26,2019,2010,4
34005,CON CALMA,DADDY YANKEE/KATY PERRY/SNOW,66,LW:RE,66,4,2019-04-26,2019,2010,4
33930,LOOSE ENDS,LOYLE CARNER & JORJA SMITH,69,LW:RE,62,2,2019-04-26,2019,2010,4
32575,FEDOM,BEYONCE FT KENDRICK LAMAR,78,LW:RE,40,3,2019-04-26,2019,2010,4
24702,MR BRIGHTSIDE,KILLERS,95,LW:RE,10,207,2019-04-26,2019,2010,4
32571,SORRY,BEYONCE,96,LW:RE,33,4,2019-04-26,2019,2010,4
33344,THESE DAYS,RUDIMENTAL/GLYNNE/MACKLEMORE,97,LW:RE,1,54,2019-04-26,2019,2010,4
33467,2002,ANNE-MARIE,98,LW:RE,3,47,2019-04-26,2019,2010,4
33960,2ALL,CATFISH & THE BOTTLEMEN,57,LW:RE,57,2,2019-05-03,2019,2010,5
33977,WORTH IT,YK OSIRIS,93,LW:RE,84,4,2019-05-03,2019,2010,5
33986,PARADISE,BAZZI,69,LW:RE,69,4,2019-05-10,2019,2010,5
33718,WITHOUT ME,HALSEY,90,LW:RE,3,30,2019-05-10,2019,2010,5
29185,BOHEMIAN RHAPSODY,QUEEN,96,LW:RE,1,43,2019-05-10,2019,2010,5
33446,ONE KISS,CALVIN HARRIS & DUA LIPA,98,LW:RE,1,51,2019-05-10,2019,2010,5
33895,LADBROKE GROVE,AJ TRACEY,90,LW:RE,48,11,2019-05-17,2019,2010,5
33920,PEER PSSU,JAMES BAY FT JULIA MICHAELS,93,LW:RE,85,2,2019-05-17,2019,2010,5
24702,MR BRIGHTSIDE,KILLERS,95,LW:RE,10,208,2019-05-17,2019,2010,5
32847,SHAPE OF YOU,ED SHEERAN,97,LW:RE,1,97,2019-05-17,2019,2010,5
34045,A WHOLE NEW WORLD (END TITLE),ZAYN & ZHAVIA WARD,72,LW:RE,68,2,2019-05-31,2019,2010,5
33315,THIS IS ME,SETTLE/GREATEST SHOWMAN ENS,90,LW:RE,3,73,2019-05-31,2019,2010,5
33644,BABY SHARK,PINKFONG,92,LW:RE,6,40,2019-05-31,2019,2010,5
29185,BOHEMIAN RHAPSODY,QUEEN,95,LW:RE,1,45,2019-05-31,2019,2010,5
33446,ONE KISS,CALVIN HARRIS & DUA LIPA,99,LW:RE,1,53,2019-05-31,2019,2010,5
33887,BRUISES,LEWIS CAPALDI,16,LW:RE,16,14,2019-06-07,2019,2010,6
33705,GRACE,LEWIS CAPALDI,12,LW:RE,9,30,2019-06-14,2019,2010,6
33980,COOL,JONAS BROTHERS,94,LW:RE,39,7,2019-06-14,2019,2010,6
33811,NOTHING BAKS LIKE A HEART,MARK RONSON FT MILEY CYRUS,91,LW:RE,2,29,2019-06-28,2019,2010,6
24702,MR BRIGHTSIDE,KILLERS,54,LW:RE,10,209,2019-07-05,2019,2010,7
34027,HOMICIDE,LOGIC FT EMINEM,68,LW:RE,15,7,2019-07-05,2019,2010,7
33882,BURY A FRIEND,BILLIE EILISH,99,LW:RE,6,21,2019-07-05,2019,2010,7
33934,NOW YOU' GONE,TOM WALKER FT ZARA LARSSON,85,LW:RE,85,2,2019-07-12,2019,2010,7
34113,I THINK I'M OKAY,MACHINE GUN KELLY/YUNGBLUD,90,LW:RE,90,3,2019-07-12,2019,2010,7
33644,BABY SHARK,PINKFONG,94,LW:RE,6,43,2019-07-19,2019,2010,7
33892,TALK,KHALID,95,LW:RE,9,22,2019-07-19,2019,2010,7
34011,ME,TAYLOR SWIFT FT BRENDON URIE,96,LW:RE,3,11,2019-07-19,2019,2010,7
34046,YOU LITTLE BEAUTY,FISHER,100,LW:RE,83,7,2019-07-19,2019,2010,7
34038,I DON'T CA,ED SHEERAN & JUSTIN BIEBER,3,LW:RE,1,10,2019-07-26,2019,2010,7
33852,DANCING WITH A STRANGER,SAM SMITH & NORMANI,91,LW:RE,3,26,2019-07-26,2019,2010,7
33892,TALK,KHALID,99,LW:RE,9,23,2019-08-02,2019,2010,8
34149,TAKE ME BACK TO LONDON,ED SHEERAN FT STORMZY,14,LW:RE,3,2,2019-08-09,2019,2010,8
34154,THING FOR YOU,DAVID GUETTA & MARTIN SOLVEIG,90,LW:RE,89,2,2019-08-09,2019,2010,8
33655,FAITH'S SONG,AMY WADGE,91,LW:RE,78,3,2019-08-09,2019,2010,8
34068,THE LONDON,YOUNG THUG/J COLE/TRAVIS SCOTT,93,LW:RE,18,10,2019-08-09,2019,2010,8
34059,UNSAINTED,SLIPKNOT,79,LW:RE,68,2,2019-08-16,2019,2010,8
33976,TOAST,KOFFEE,86,LW:RE,83,8,2019-08-23,2019,2010,8
34068,THE LONDON,YOUNG THUG/J COLE/TRAVIS SCOTT,94,LW:RE,18,11,2019-08-23,2019,2010,8
34011,ME,TAYLOR SWIFT FT BRENDON URIE,100,LW:RE,3,14,2019-08-23,2019,2010,8
34168,RUBBERY BANDZ,HEADIE ONE,86,LW:RE,86,2,2019-08-30,2019,2010,8
34141,BACK TO BASICS,HEADIE ONE FT SKEPTA,88,LW:RE,42,4,2019-08-30,2019,2010,8
33878,BOASTY,WILEY/STEFFLON DON/SEAN PAUL,96,LW:RE,11,27,2019-08-30,2019,2010,8
34187,RIGHT BACK,KHALID/A BOOGIE WIT DA HOODIE,98,LW:RE,98,2,2019-08-30,2019,2010,8
34101,YOU NEED TO CALM DOWN,TAYLOR SWIFT,28,LW:RE,5,11,2019-09-06,2019,2010,9
34062,DOIN' TIME,LANA DEL REY,42,LW:RE,42,2,2019-09-06,2019,2010,9
33887,BRUISES,LEWIS CAPALDI,73,LW:RE,16,15,2019-09-13,2019,2010,9
34057,HYPERSONIC MISSILES,SAM FENDER,82,LW:RE,65,7,2019-09-13,2019,2010,9
33644,BABY SHARK,PINKFONG,100,LW:RE,6,49,2019-09-13,2019,2010,9
34011,ME,TAYLOR SWIFT FT BRENDON URIE,62,LW:RE,3,15,2019-09-20,2019,2010,9
33742,SUNFLOWER,POST MALONE FT SWAE LEE,27,LW:RE,3,47,2019-09-27,2019,2010,9
34195,ONE OF US,LIAM GALLAGHER,50,LW:RE,50,2,2019-09-27,2019,2010,9
34163,ONCE,LIAM GALLAGHER,63,LW:RE,49,2,2019-09-27,2019,2010,9
34202,THE MAN,TAYLOR SWIFT,78,LW:RE,21,4,2019-09-27,2019,2010,9
29185,BOHEMIAN RHAPSODY,QUEEN,92,LW:RE,1,46,2019-09-27,2019,2010,9
34134,THIAGO SILVA,DAVE & AJ TRACEY,94,LW:RE,36,12,2019-09-27,2019,2010,9
24702,MR BRIGHTSIDE,KILLERS,100,LW:RE,10,220,2019-09-27,2019,2010,9
34232,THIS IS AL,JAX JONES FT ELLA HENDERSON,83,LW:RE,83,2,2019-10-04,2019,2010,10
34140,HOME P*SSY,D-BLOCK EUROPE,41,LW:RE,20,13,2019-10-11,2019,2010,10
34237,TAKE WHAT YOU WANT,POST MALONE/OSBOURNE/SCOTT,43,LW:RE,22,2,2019-10-11,2019,2010,10
34231,ALL THE GOOD GIRLS GO TO HELL,BILLIE EILISH,98,LW:RE,77,3,2019-10-11,2019,2010,10
34166,TAKEAWAY,CHAINSMOKERS/ILLENIUM/STELLA,100,LW:RE,64,10,2019-10-11,2019,2010,10
34260,OUTSIDE,D-BLOCK EUROPE,42,LW:RE,42,2,2019-10-18,2019,2010,10
34267,LONELY,DIPLO & JONAS BROTHERS,89,LW:RE,89,2,2019-10-18,2019,2010,10
33925,GIRLS NEED LOVE,SUMMER WALKER FT DRAKE,91,LW:RE,41,7,2019-10-18,2019,2010,10
33644,BABY SHARK,PINKFONG,99,LW:RE,6,50,2019-10-18,2019,2010,10
33994,MAKE IT RIGHT,BTS,68,LW:RE,68,2,2019-10-25,2019,2010,10
33861,DON'T CALL ME UP,MABEL,91,LW:RE,3,38,2019-10-25,2019,2010,10
34255,STACK IT UP,LIAM PAYNE/A BOOGIE WIT DA,98,LW:RE,84,2,2019-10-25,2019,2010,10
34248,10/10,REX ORANGE COUNTY,68,LW:RE,68,2,2019-11-01,2019,2010,11
33742,SUNFLOWER,POST MALONE FT SWAE LEE,76,LW:RE,3,49,2019-11-01,2019,2010,11
34236,NOOKIE,D-BLOCK EUROPE FT LIL BABY,77,LW:RE,16,5,2019-11-01,2019,2010,11
33644,BABY SHARK,PINKFONG,90,LW:RE,6,51,2019-11-01,2019,2010,11
33753,SWEET BUT PSYCHO,AVA MAX,97,LW:RE,1,53,2019-11-01,2019,2010,11
34199,HOT,YOUNG THUG FT GUNNA,52,LW:RE,52,2,2019-11-08,2019,2010,11
12556,ALL I WANT FOR CHRISTMAS IS YOU,MARIAH CAREY,77,LW:RE,2,93,2019-11-15,2019,2010,11
34179,BELTER,GERRY CINNAMON,91,LW:RE,90,3,2019-11-15,2019,2010,11
34263,2 CUPS,LIZZY/TORY LANEZ/FREDO/POPCAAN,94,LW:RE,55,6,2019-11-15,2019,2010,11
33858,JUST YOU AND I,TOM WALKER,98,LW:RE,3,41,2019-11-15,2019,2010,11
34191,LOVER,TAYLOR SWIFT,38,LW:RE,14,10,2019-11-22,2019,2010,11
34212,LOVE ME AGAIN,RAYE,64,LW:RE,55,11,2019-11-22,2019,2010,11
28036,LAST CHRISTMAS,WHAM,80,LW:RE,2,59,2019-11-22,2019,2010,11
26511,FAIRYTALE OF NEW YORK,POGUES FT KIRSTY MACCOLL,71,LW:RE,2,95,2019-11-29,2019,2010,11
28049,DO THEY KNOW IT'S CHRISTMAS,BAND AID,77,LW:RE,1,76,2019-11-29,2019,2010,11
32002,SANTA TELL ME,ARIANA GRANDE,79,LW:RE,13,14,2019-11-29,2019,2010,11
2738,MERRY CHRISTMAS EVERYONE,SHAKIN' STEVENS,82,LW:RE,1,67,2019-11-29,2019,2010,11
30386,IT'S BEGINNING TO LOOK A LOT LIKE,MICHAEL BUBLE,87,LW:RE,7,29,2019-11-29,2019,2010,11
30384,STEP INTO CHRISTMAS,ELTON JOHN,39,LW:RE,10,35,2019-12-06,2019,2010,12
28089,ROCKIN' AROUND THE CHRISTMAS TE,BRENDA LEE,42,LW:RE,6,44,2019-12-06,2019,2010,12
31463,ONE MO SLEEP,LEONA LEWIS,43,LW:RE,3,20,2019-12-06,2019,2010,12
28041,I WISH IT COULD BE CHRISTMAS EVERYDAY,WIZZARD,44,LW:RE,12,54,2019-12-06,2019,2010,12
72,MERRY XMAS EVERYBODY,SLADE,47,LW:RE,1,95,2019-12-06,2019,2010,12
31468,UNDERNEATH THE TE,KELLY CLARKSON,49,LW:RE,30,16,2019-12-06,2019,2010,12
33300,SANTA'S COMING FOR US,SIA,56,LW:RE,24,9,2019-12-06,2019,2010,12
30309,MISTLETOE,JUSTIN BIEBER,58,LW:RE,21,20,2019-12-06,2019,2010,12
4774,DRIVING HOME FOR CHRISTMAS,CHRIS REA,59,LW:RE,11,53,2019-12-06,2019,2010,12
28035,IT'S THE MOST WONDERFUL TIME OF THE YEAR,ANDY WILLIAMS,61,LW:RE,17,32,2019-12-06,2019,2010,12
28054,HAPPY XMAS (WAR IS OVER),JOHN & YOKO/PLASTIC ONO BAND,68,LW:RE,18,35,2019-12-06,2019,2010,12
32838,JINGLE BELL ROCK,BOBBY HELMS,73,LW:RE,41,7,2019-12-06,2019,2010,12
31492,SLEIGH RIDE,RONETTES,75,LW:RE,58,7,2019-12-06,2019,2010,12
33822,COZY LITTLE CHRISTMAS,KATY PERRY,78,LW:RE,23,4,2019-12-06,2019,2010,12
32029,HOLLY JOLLY CHRISTMAS,MICHAEL BUBLE,79,LW:RE,34,11,2019-12-06,2019,2010,12
28060,WONDERFUL CHRISTMASTIME,PAUL MCCARTNEY,81,LW:RE,6,29,2019-12-06,2019,2010,12
16743,WHITE CHRISTMAS,BING CROSBY,82,LW:RE,5,31,2019-12-06,2019,2010,12
29234,CHRISTMAS LIGHTS,COLDPLAY,84,LW:RE,13,26,2019-12-06,2019,2010,12
12530,STAY ANOTHER DAY,EAST 17,95,LW:RE,1,46,2019-12-06,2019,2010,12
28066,LET IT SNOW LET IT SNOW LET IT SNOW,DEAN MARTIN,98,LW:RE,54,16,2019-12-06,2019,2010,12
34272,BANDIT,JUICE WRLD/YOUNGBOY NEVER,48,LW:RE,42,9,2019-12-13,2019,2010,12
33532,LUCID DAMS,JUICE WRLD,51,LW:RE,10,31,2019-12-13,2019,2010,12
32839,CHRISTMAS (BABY PLEASE COME HOME),DARLENE LOVE,73,LW:RE,22,6,2019-12-13,2019,2010,12
34038,I DON'T CA,ED SHEERAN & JUSTIN BIEBER,75,LW:RE,1,20,2019-12-13,2019,2010,12
34010,VOSSI BOP,STORMZY,92,LW:RE,1,31,2019-12-13,2019,2010,12
33940,LOCATION,DAVE FT BURNA BOY,96,LW:RE,6,39,2019-12-13,2019,2010,12
34110,RANSOM,LIL TECCA,98,LW:RE,7,25,2019-12-13,2019,2010,12
31414,SOMEWHE ONLY WE KNOW,LILY ALLEN,99,LW:RE,1,16,2019-12-13,2019,2010,12
24076,CHRISTMAS TIME (DON'T LET THE BELLS END),DARKNESS,100,LW:RE,2,28,2019-12-13,2019,2010,12
28062,MARY'S BOY CHILD/OH MY LORD,BONEY M,87,LW:RE,26,18,2019-12-20,2019,2010,12
33314,SANTA CLAUS IS COMING TO TOWN,MICHAEL JACKSON & JACKSON FIVE,89,LW:RE,30,5,2019-12-20,2019,2010,12
32841,FELIZ NAVIDAD,JOSE FELICIANO,96,LW:RE,77,4,2019-12-20,2019,2010,12
9115,THE CHRISTMAS SONG,NAT KING COLE,97,LW:RE,51,8,2019-12-20,2019,2010,12
34010,VOSSI BOP,STORMZY,40,LW:RE,1,32,2019-12-27,2020,2020,12
34283,LIGHTS UP,HARRY STYLES,48,LW:RE,3,10,2019-12-27,2020,2020,12
28079,SANTA BABY,EARTHA KITT,55,LW:RE,55,10,2019-12-27,2020,2020,12
28076,STOP THE CAVALRY,JONA LEWIE,56,LW:RE,3,23,2019-12-27,2020,2020,12
13955,2000 MILES,PRETENDERS,61,LW:RE,15,21,2019-12-27,2020,2020,12
28075,IT'S BEGINNING TO LOOK A LOT LIKE,PERRY COMO,63,LW:RE,47,11,2019-12-27,2020,2020,12
32843,LET IT SNOW LET IT SNOW LET IT SNOW,FRANK SINATRA,65,LW:RE,65,3,2019-12-27,2020,2020,12
32015,HAVE YOURSELF A MERRY LITTLE CHRISTMAS,SAM SMITH,67,LW:RE,65,6,2019-12-27,2020,2020,12
32840,BLUE CHRISTMAS,ELVIS PRESLEY,68,LW:RE,11,11,2019-12-27,2020,2020,12
32458,LONELY THIS CHRISTMAS,MUD,69,LW:RE,1,20,2019-12-27,2020,2020,12
32844,CHRISTMAS WRAPPING,WAITRESSES,71,LW:RE,45,9,2019-12-27,2020,2020,12
28078,SANTA CLAUS IS COMIN' TO TOWN,BRUCE SPRINGSTEEN,72,LW:RE,48,7,2019-12-27,2020,2020,12
28081,SANTA BABY,KYLIE MINOGUE,74,LW:RE,38,17,2019-12-27,2020,2020,12
30400,SANTA CLAUS IS COMING TO TOWN,MICHAEL BUBLE,77,LW:RE,77,6,2019-12-27,2020,2020,12
30858,THE POWER OF LOVE,GABRIELLE APLIN,80,LW:RE,1,17,2019-12-27,2020,2020,12
4687,MISTLETOE AND WINE,CLIFF RICHARD,81,LW:RE,1,14,2019-12-27,2020,2020,12
33312,YOU MAKE IT FEEL LIKE CHRISTMAS,GWEN STEFANI FT BLAKE SHELTON,82,LW:RE,71,5,2019-12-27,2020,2020,12
33834,RUN RUDOLPH RUN,CHUCK BERRY,83,LW:RE,83,2,2019-12-27,2020,2020,12
34357,ONE I'VE BEEN MISSING,LITTLE MIX,92,LW:RE,59,2,2019-12-27,2020,2020,12
33838,HAVE YOURSELF A MERRY LITTLE CHRISTMAS,FRANK SINATRA,93,LW:RE,93,2,2019-12-27,2020,2020,12
33313,CAROL OF THE BELLS,JOHN WILLIAMS,98,LW:RE,97,2,2019-12-27,2020,2020,12
34377,CHRISTMAS TE FARM,TAYLOR SWIFT,99,LW:RE,71,2,2019-12-27,2020,2020,12
33959,OLD TOWN ROAD,LIL NAS X,38,LW:RE,1,40,2020-01-03,2020,2020,1
34390,THE BOX,RODDY RICCH,40,LW:RE,40,2,2020-01-03,2020,2020,1
34167,GOOD AS HELL,LIZZO,41,LW:RE,7,22,2020-01-03,2020,2020,1
34269,HIGHEST IN THE ROOM,TRAVIS SCOTT,43,LW:RE,2,11,2020-01-03,2020,2020,1
34038,I DON'T CA,ED SHEERAN & JUSTIN BIEBER,45,LW:RE,1,22,2020-01-03,2020,2020,1
34149,TAKE ME BACK TO LONDON,ED SHEERAN FT STORMZY,46,LW:RE,1,22,2020-01-03,2020,2020,1
34114,SENORITA,SHAWN MENDES/CAMILA CABELLO,47,LW:RE,1,27,2020-01-03,2020,2020,1
33895,LADBROKE GROVE,AJ TRACEY,49,LW:RE,3,43,2020-01-03,2020,2020,1
33436,SHOTGUN,GEORGE EZRA,50,LW:RE,1,88,2020-01-03,2020,2020,1
34351,NEW DIOR,DIGDAT FT D-BLOCK EUROPE,51,LW:RE,16,5,2020-01-03,2020,2020,1
34130,HIGHER LOVE,KYGO & WHITNEY HOUSTON,54,LW:RE,2,26,2020-01-03,2020,2020,1
34272,BANDIT,JUICE WRLD/YOUNGBOY NEVER,55,LW:RE,42,11,2020-01-03,2020,2020,1
34306,ORPHANS,COLDPLAY,56,LW:RE,27,9,2020-01-03,2020,2020,1
34249,TURN ME ON,RITON & OLIVER HELDENS FT VULA,58,LW:RE,12,15,2020-01-03,2020,2020,1
34111,OUTNUMBED,DERMOT KENNEDY,61,LW:RE,6,26,2020-01-03,2020,2020,1
34360,SHOW YOURSELF,IDINA MENZEL/EVAN RACHEL WOOD,62,LW:RE,62,5,2020-01-03,2020,2020,1
34352,LOYAL,PARTYNEXTDOOR FT DRAKE,64,LW:RE,31,5,2020-01-03,2020,2020,1
34345,UP ALL NIGHT,KHALID,65,LW:RE,55,6,2020-01-03,2020,2020,1
34225,BUSS DOWN,AITCH FT ZIEZIE,66,LW:RE,8,15,2020-01-03,2020,2020,1
34363,BOP,DABABY,67,LW:RE,67,4,2020-01-03,2020,2020,1
33644,BABY SHARK,PINKFONG,68,LW:RE,6,52,2020-01-03,2020,2020,1
34148,SORRY,JOEL CORRY,69,LW:RE,6,22,2020-01-03,2020,2020,1
34353,FNCH KISSES,ZIEZIE FT AITCH,70,LW:RE,35,5,2020-01-03,2020,2020,1
33940,LOCATION,DAVE FT BURNA BOY,71,LW:RE,6,40,2020-01-03,2020,2020,1
34366,SOME THINGS NEVER CHANGE,BELL/MENZEL/GAD/GROFF,73,LW:RE,73,3,2020-01-03,2020,2020,1
33861,DON'T CALL ME UP,MABEL,74,LW:RE,3,39,2020-01-03,2020,2020,1
24702,MR BRIGHTSIDE,KILLERS,75,LW:RE,10,221,2020-01-03,2020,2020,1
34374,MILLION BUCKS,JAY1,76,LW:RE,60,3,2020-01-03,2020,2020,1
34274,NICE TO MEET YA,NIALL HORAN,77,LW:RE,22,11,2020-01-03,2020,2020,1
34147,POST MALONE,SAM FELDT FT RANI,79,LW:RE,10,22,2020-01-03,2020,2020,1
33742,SUNFLOWER,POST MALONE FT SWAE LEE,80,LW:RE,3,53,2020-01-03,2020,2020,1
34361,INTO THE UNKNOWN,PANIC AT THE DISCO,82,LW:RE,74,3,2020-01-03,2020,2020,1
33858,JUST YOU AND I,TOM WALKER,84,LW:RE,3,43,2020-01-03,2020,2020,1
33949,PIECE OF YOUR HEART,MEDUZA FT GOODBOYS,86,LW:RE,2,36,2020-01-03,2020,2020,1
34172,TASTE (MAKE IT SHAKE),AITCH,87,LW:RE,2,19,2020-01-03,2020,2020,1
34333,YELLOW HEARTS,ANT SAUNDERS,88,LW:RE,64,4,2020-01-03,2020,2020,1
34094,STRIKE A POSE,YOUNG T & BUGSEY FT AITCH,89,LW:RE,9,26,2020-01-03,2020,2020,1
34371,W,KOFFEE FT GUNNA,90,LW:RE,89,2,2020-01-03,2020,2020,1
34250,GOD IS A DANCER,TIESTO & MABEL,91,LW:RE,15,12,2020-01-03,2020,2020,1
33707,SHALLOW,LADY GAGA & BRADLEY COOPER,93,LW:RE,1,61,2020-01-03,2020,2020,1
27319,DON'T STOP ME NOW,QUEEN,94,LW:RE,9,50,2020-01-03,2020,2020,1
34304,FLOSS,AJ TRACEY FT MOSTACK & NOT3S,96,LW:RE,22,8,2020-01-03,2020,2020,1
34348,ONE NIGHT,MK & SONNY FODERA FT RAPHAELLA,97,LW:RE,96,2,2020-01-03,2020,2020,1
34033,3 NIGHTS,DOMINIC FIKE,98,LW:RE,3,31,2020-01-03,2020,2020,1
34231,ALL THE GOOD GIRLS GO TO HELL,BILLIE EILISH,100,LW:RE,77,4,2020-01-03,2020,2020,1
34128,BEAUTIFUL PEOPLE,ED SHEERAN FT KHALID,28,LW:RE,1,24,2020-01-10,2020,2020,1
34238,PROFESSOR X,DAVE,61,LW:RE,12,14,2020-01-10,2020,2020,1
34280,POWER OVER ME,DERMOT KENNEDY,86,LW:RE,86,2,2020-01-10,2020,2020,1
34385,FUTSAL SHUFFLE 2020,LIL UZI VERT,91,LW:RE,57,2,2020-01-10,2020,2020,1
34332,JERRY SPRUNGER,TORY LANEZ & T-PAIN,95,LW:RE,32,5,2020-01-10,2020,2020,1
34328,PAPER CUTS,DAVE,99,LW:RE,15,6,2020-01-10,2020,2020,1
34305,LOOK AT HER NOW,SELENA GOMEZ,100,LW:RE,26,6,2020-01-10,2020,2020,1
34412,8 STYLE II,DIGDAT,88,LW:RE,71,2,2020-01-24,2020,2020,1
1052,BAK MY STRIDE,MATTHEW WILDER,100,LW:RE,4,13,2020-01-24,2020,2020,1
34381,AUDACITY,STORMZY FT HEADIE ONE,46,LW:RE,6,5,2020-01-31,2020,2020,1
32929,PERFECT,ED SHEERAN,56,LW:RE,1,111,2020-01-31,2020,2020,1
33749,WHEN THE PARTY'S OVER,BILLIE EILISH,94,LW:RE,21,17,2020-01-31,2020,2020,1
34426,STOP THIS FLAME,CELESTE,99,LW:RE,98,2,2020-01-31,2020,2020,1
34163,ONCE,LIAM GALLAGHER,80,LW:RE,49,4,2020-02-07,2020,2020,2
34383,FALLING,HARRY STYLES,81,LW:RE,39,2,2020-02-07,2020,2020,2
34403,BANDO BALLADS,M HUNCHO,93,LW:RE,78,3,2020-02-07,2020,2020,2
33858,JUST YOU AND I,TOM WALKER,100,LW:RE,3,45,2020-02-07,2020,2020,2
34025,HOLD ME WHILE YOU WAIT,LEWIS CAPALDI,30,LW:RE,4,29,2020-02-14,2020,2020,2
34326,MUST BE,J HUS,53,LW:RE,5,12,2020-02-14,2020,2020,2
34038,I DON'T CA,ED SHEERAN & JUSTIN BIEBER,64,LW:RE,1,26,2020-02-14,2020,2020,2
34417,STILL DISAPPOINTED,STORMZY,71,LW:RE,21,3,2020-02-14,2020,2020,2
34432,ME & YOU TOGETHER SONG,1975,98,LW:RE,35,3,2020-02-14,2020,2020,2
34010,VOSSI BOP,STORMZY,82,LW:RE,1,39,2020-02-21,2020,2020,2
33916,BLACK,DAVE,100,LW:RE,40,3,2020-02-21,2020,2020,2
34475,SHAKE THE ROOM,POP SMOKE FT QUAVO,76,LW:RE,76,2,2020-02-28,2020,2020,2
34341,WATERMELON SUGAR,HARRY STYLES,98,LW:RE,17,14,2020-02-28,2020,2020,2
34443,INDULGE,M HUNCHO FT D-BLOCK EUROPE,72,LW:RE,50,3,2020-03-06,2020,2020,3
34334,WOAH,LIL BABY,73,LW:RE,66,4,2020-03-06,2020,2020,3
34202,THE MAN,TAYLOR SWIFT,86,LW:RE,21,6,2020-03-06,2020,2020,3
33707,SHALLOW,LADY GAGA & BRADLEY COOPER,93,LW:RE,1,67,2020-03-06,2020,2020,3
34477,BOSS BITCH,DOJA CAT,58,LW:RE,58,2,2020-03-13,2020,2020,3
34342,THE TAKE,TORY LANEZ FT CHRIS BROWN,81,LW:RE,47,2,2020-03-13,2020,2020,3
34114,SENORITA,SHAWN MENDES/CAMILA CABELLO,90,LW:RE,1,36,2020-03-13,2020,2020,3
34128,BEAUTIFUL PEOPLE,ED SHEERAN FT KHALID,96,LW:RE,1,29,2020-03-13,2020,2020,3
33436,SHOTGUN,GEORGE EZRA,100,LW:RE,1,96,2020-03-13,2020,2020,3
34501,WHE WE' GOING,GERRY CINNAMON,86,LW:RE,67,3,2020-03-20,2020,2020,3
34402,SUICIDAL,YNW MELLY,94,LW:RE,37,10,2020-03-20,2020,2020,3
33887,BRUISES,LEWIS CAPALDI,50,LW:RE,6,37,2020-03-27,2020,2020,3
27467,ISLANDS IN THE STAM,DOLLY PARTON & KENNY ROGERS,63,LW:RE,63,5,2020-03-27,2020,2020,3
2180,THE GAMBLER,KENNY ROGERS,66,LW:RE,22,7,2020-03-27,2020,2020,3
34130,HIGHER LOVE,KYGO & WHITNEY HOUSTON,94,LW:RE,2,36,2020-03-27,2020,2020,3
34290,PUMP IT UP,ENDOR,97,LW:RE,8,23,2020-03-27,2020,2020,3
34360,SHOW YOURSELF,IDINA MENZEL/EVAN RACHEL WOOD,96,LW:RE,62,8,2020-04-03,2020,2020,4
28930,AIN'T NO SUNSHINE,BILL WITHERS,61,LW:RE,40,7,2020-04-10,2020,2020,4
34285,LOSE CONTROL,MEDUZA/BECKY HILL/GOODBOYS,82,LW:RE,11,26,2020-04-17,2020,2020,4
34330,DON'T RUSH,YOUNG T & BUGSEY FT HEADIE ONE,83,LW:RE,20,16,2020-04-17,2020,2020,4
34290,PUMP IT UP,ENDOR,86,LW:RE,8,25,2020-04-17,2020,2020,4
34114,SENORITA,SHAWN MENDES/CAMILA CABELLO,88,LW:RE,1,40,2020-04-17,2020,2020,4
33940,LOCATION,DAVE FT BURNA BOY,94,LW:RE,6,52,2020-04-17,2020,2020,4
33895,LADBROKE GROVE,AJ TRACEY,96,LW:RE,3,56,2020-04-17,2020,2020,4
24702,MR BRIGHTSIDE,KILLERS,99,LW:RE,10,222,2020-04-17,2020,2020,4
34280,POWER OVER ME,DERMOT KENNEDY,100,LW:RE,27,15,2020-04-17,2020,2020,4
34287,SUN QUEEN,GERRY CINNAMON,70,LW:RE,64,2,2020-04-24,2020,2020,4
33628,SICKO MODE,TRAVIS SCOTT,53,LW:RE,9,36,2020-05-01,2020,2020,5
33110,GOOSEBUMPS,TRAVIS SCOTT,65,LW:RE,65,4,2020-05-01,2020,2020,5
33895,LADBROKE GROVE,AJ TRACEY,97,LW:RE,3,57,2020-05-01,2020,2020,5
34338,SOMETIMES,GERRY CINNAMON,100,LW:RE,98,3,2020-05-01,2020,2020,5
34269,HIGHEST IN THE ROOM,TRAVIS SCOTT,51,LW:RE,2,18,2020-05-08,2020,2020,5
33707,SHALLOW,LADY GAGA & BRADLEY COOPER,98,LW:RE,1,68,2020-05-08,2020,2020,5
34285,LOSE CONTROL,MEDUZA/BECKY HILL/GOODBOYS,96,LW:RE,11,29,2020-05-15,2020,2020,5
34341,WATERMELON SUGAR,HARRY STYLES,35,LW:RE,17,15,2020-05-22,2020,2020,5
33940,LOCATION,DAVE FT BURNA BOY,100,LW:RE,6,54,2020-05-22,2020,2020,5
34607,BLOODY VALENTINE,MACHINE GUN KELLY,79,LW:RE,79,2,2020-05-29,2020,2020,5
33940,LOCATION,DAVE FT BURNA BOY,85,LW:RE,6,55,2020-06-05,2020,2020,6
34507,STUPID LOVE,LADY GAGA,27,LW:RE,5,14,2020-06-12,2020,2020,6
34130,HIGHER LOVE,KYGO & WHITNEY HOUSTON,86,LW:RE,2,46,2020-06-12,2020,2020,6
33644,BABY SHARK,PINKFONG,90,LW:RE,6,58,2020-06-12,2020,2020,6
33925,GIRLS NEED LOVE,SUMMER WALKER FT DRAKE,95,LW:RE,41,9,2020-06-12,2020,2020,6
34427,GODZILLA,EMINEM FT JUICE WRLD,98,LW:RE,1,19,2020-06-12,2020,2020,6
33895,LADBROKE GROVE,AJ TRACEY,100,LW:RE,3,59,2020-06-12,2020,2020,6
33742,SUNFLOWER,POST MALONE FT SWAE LEE,99,LW:RE,3,57,2020-06-19,2020,2020,6
34654,DANCING IN THE MOONLIGHT,JUBEL FT NEIMY,53,LW:RE,53,2,2020-06-26,2020,2020,6
34497,MORAL OF THE STORY,ASHE,80,LW:RE,31,9,2020-06-26,2020,2020,6
34559,WHATS POPPIN,JACK HARLOW,57,LW:RE,44,13,2020-07-03,2020,2020,7
34595,LIVING IN A GHOST TOWN,ROLLING STONES,61,LW:RE,61,2,2020-07-03,2020,2020,7
34650,TKN,ROSALIA & TRAVIS SCOTT,65,LW:RE,65,3,2020-07-03,2020,2020,7
33707,SHALLOW,LADY GAGA & BRADLEY COOPER,98,LW:RE,1,75,2020-07-03,2020,2020,7
34360,SHOW YOURSELF,IDINA MENZEL/EVAN RACHEL WOOD,60,LW:RE,60,9,2020-07-10,2020,2020,7
34632,KILLA KILLA,KSI FT AIYANA-LEE,79,LW:RE,27,5,2020-07-10,2020,2020,7
34366,SOME THINGS NEVER CHANGE,BELL/MENZEL/GAD/GROFF,89,LW:RE,73,6,2020-07-10,2020,2020,7
34354,INTO THE UNKNOWN,IDINA MENZEL & AURORA,95,LW:RE,19,10,2020-07-10,2020,2020,7
34532,LIKE THAT,DOJA CAT FT GUCCI MANE,85,LW:RE,62,10,2020-07-17,2020,2020,7
34487,DIOR,POP SMOKE,37,LW:RE,33,14,2020-07-24,2020,2020,7
34632,KILLA KILLA,KSI FT AIYANA-LEE,64,LW:RE,27,6,2020-07-24,2020,2020,7
13224,LOVE WILL TEAR US APART,JOY DIVISION,78,LW:RE,13,17,2020-07-24,2020,2020,7
34708,MOOD SWINGS,POP SMOKE FT LIL TJAY,33,LW:RE,23,3,2020-07-31,2020,2020,7
24702,MR BRIGHTSIDE,KILLERS,100,LW:RE,10,237,2020-08-07,2020,2020,8
34544,JULIET & ROMEO,MARTIN SOLVEIG & ROY WOODS,97,LW:RE,51,16,2020-08-14,2020,2020,8
34038,I DON'T CA,ED SHEERAN & JUSTIN BIEBER,99,LW:RE,1,50,2020-08-14,2020,2020,8
34716,SMILE,KATY PERRY,87,LW:RE,87,2,2020-08-21,2020,2020,8
34383,FALLING,HARRY STYLES,97,LW:RE,15,28,2020-08-21,2020,2020,8
33707,SHALLOW,LADY GAGA & BRADLEY COOPER,98,LW:RE,1,76,2020-08-21,2020,2020,8
34749,(DOUHA) MALI MALI,DISCLOSURE/FATOUMATA DIAWARA,87,LW:RE,83,2,2020-09-04,2020,2020,9
34618,DAISIES,KATY PERRY,98,LW:RE,37,8,2020-09-04,2020,2020,9
34038,I DON'T CA,ED SHEERAN & JUSTIN BIEBER,99,LW:RE,1,51,2020-09-04,2020,2020,9
34709,B1LLIONZ,M1LLIONZ,87,LW:RE,39,8,2020-09-18,2020,2020,9
34777,BABY IT'S YOU,LONDON GRAMMAR,97,LW:RE,80,2,2020-09-25,2020,2020,9
34383,FALLING,HARRY STYLES,98,LW:RE,15,29,2020-09-25,2020,2020,9
34607,BLOODY VALENTINE,MACHINE GUN KELLY,51,LW:RE,51,3,2020-10-02,2020,2020,10
30103,DAMS,FLEETWOOD MAC,85,LW:RE,24,12,2020-10-02,2020,2020,10
34587,GIMME LOVE,JOJI,89,LW:RE,86,2,2020-10-02,2020,2020,10
34763,LEVITATING,DUA LIPA,30,LW:RE,30,6,2020-10-09,2020,2020,10
34478,NO TIME TO DIE,BILLIE EILISH,95,LW:RE,1,12,2020-10-09,2020,2020,10
34379,ALL GIRLS A THE SAME,JUICE WRLD,97,LW:RE,79,2,2020-10-09,2020,2020,10
34313,DON'T START NOW,DUA LIPA,92,LW:RE,2,49,2020-10-16,2020,2020,10
24702,MR BRIGHTSIDE,KILLERS,96,LW:RE,10,246,2020-10-16,2020,2020,10
34526,PAPI CHULO,OCTAVIAN & SKEPTA,100,LW:RE,37,4,2020-10-16,2020,2020,10
34718,ONLY YOU FESTYLE,HEADIE ONE & DRAKE,44,LW:RE,5,11,2020-10-23,2020,2020,10
34727,SOMEONE TO YOU,BANNERS,60,LW:RE,60,4,2020-10-23,2020,2020,10
34881,FORGET ME TOO,MACHINE GUN KELLY/HALSEY,72,LW:RE,40,4,2020-10-30,2020,2020,10
33644,BABY SHARK,PINKFONG,91,LW:RE,6,59,2020-10-30,2020,2020,10
34830,TOO MANY NIGHTS,220 KID & JC STEWART,95,LW:RE,79,4,2020-10-30,2020,2020,10
34607,BLOODY VALENTINE,MACHINE GUN KELLY,100,LW:RE,51,6,2020-10-30,2020,2020,10
27977,MONSTER MASH,BOBBY BORIS PICKETT,50,LW:RE,50,9,2020-11-06,2020,2020,11
27975,GHOSTBUSTERS,RAY PARKER JR,54,LW:RE,2,43,2020-11-06,2020,2020,11
929,THRILLER,MICHAEL JACKSON,57,LW:RE,10,56,2020-11-06,2020,2020,11
34811,5AM,M HUNCHO & NAFE SMALLZ,66,LW:RE,25,6,2020-11-06,2020,2020,11
34744,MY OASIS,SAM SMITH FT BURNA BOY,91,LW:RE,43,7,2020-11-06,2020,2020,11
34861,HAPPINESS,LITTLE MIX,43,LW:RE,43,3,2020-11-13,2020,2020,11
34829,MAGIC,KYLIE MINOGUE,53,LW:RE,53,2,2020-11-13,2020,2020,11
34740,SAY SOMETHING,KYLIE MINOGUE,56,LW:RE,56,2,2020-11-13,2020,2020,11
12556,ALL I WANT FOR CHRISTMAS IS YOU,MARIAH CAREY,60,LW:RE,2,100,2020-11-13,2020,2020,11
28036,LAST CHRISTMAS,WHAM,76,LW:RE,2,65,2020-11-13,2020,2020,11
34845,SPACE,BECKY HILL,99,LW:RE,79,3,2020-11-13,2020,2020,11
34733,HOLIDAY,LITTLE MIX,36,LW:RE,15,16,2020-11-20,2020,2020,11
26511,FAIRYTALE OF NEW YORK,POGUES FT KIRSTY MACCOLL,63,LW:RE,2,100,2020-11-20,2020,2020,11
33742,SUNFLOWER,POST MALONE FT SWAE LEE,77,LW:RE,3,58,2020-11-20,2020,2020,11
30386,IT'S BEGINNING TO LOOK A LOT LIKE,MICHAEL BUBLE,79,LW:RE,7,34,2020-11-20,2020,2020,11
2738,MERRY CHRISTMAS EVERYONE,SHAKIN' STEVENS,82,LW:RE,1,72,2020-11-20,2020,2020,11
28049,DO THEY KNOW IT'S CHRISTMAS,BAND AID,86,LW:RE,1,81,2020-11-20,2020,2020,11
30384,STEP INTO CHRISTMAS,ELTON JOHN,91,LW:RE,8,39,2020-11-20,2020,2020,11
34383,FALLING,HARRY STYLES,95,LW:RE,15,31,2020-11-20,2020,2020,11
31468,UNDERNEATH THE TE,KELLY CLARKSON,46,LW:RE,21,20,2020-11-27,2020,2020,11
28089,ROCKIN' AROUND THE CHRISTMAS TE,BRENDA LEE,52,LW:RE,6,48,2020-11-27,2020,2020,11
4774,DRIVING HOME FOR CHRISTMAS,CHRIS REA,55,LW:RE,11,57,2020-11-27,2020,2020,11
28041,I WISH IT COULD BE CHRISTMAS EVERYDAY,WIZZARD,61,LW:RE,10,58,2020-11-27,2020,2020,11
72,MERRY XMAS EVERYBODY,SLADE,69,LW:RE,1,99,2020-11-27,2020,2020,11
31463,ONE MO SLEEP,LEONA LEWIS,72,LW:RE,3,24,2020-11-27,2020,2020,11
28035,IT'S THE MOST WONDERFUL TIME OF THE YEAR,ANDY WILLIAMS,79,LW:RE,17,36,2020-11-27,2020,2020,11
32838,JINGLE BELL ROCK,BOBBY HELMS,86,LW:RE,30,11,2020-11-27,2020,2020,11
28054,HAPPY XMAS (WAR IS OVER),JOHN & YOKO/PLASTIC ONO BAND,87,LW:RE,18,39,2020-11-27,2020,2020,11
28060,WONDERFUL CHRISTMASTIME,PAUL MCCARTNEY,90,LW:RE,6,33,2020-11-27,2020,2020,11
32029,HOLLY JOLLY CHRISTMAS,MICHAEL BUBLE,91,LW:RE,32,15,2020-11-27,2020,2020,11
32002,SANTA TELL ME,ARIANA GRANDE,16,LW:RE,13,19,2020-12-04,2020,2020,12
30309,MISTLETOE,JUSTIN BIEBER,43,LW:RE,21,24,2020-12-04,2020,2020,12
31492,SLEIGH RIDE,RONETTES,51,LW:RE,34,11,2020-12-04,2020,2020,12
28066,LET IT SNOW LET IT SNOW LET IT SNOW,DEAN MARTIN,54,LW:RE,39,20,2020-12-04,2020,2020,12
28081,SANTA BABY,KYLIE MINOGUE,57,LW:RE,38,18,2020-12-04,2020,2020,12
32841,FELIZ NAVIDAD,JOSE FELICIANO,59,LW:RE,54,6,2020-12-04,2020,2020,12
29234,CHRISTMAS LIGHTS,COLDPLAY,72,LW:RE,13,30,2020-12-04,2020,2020,12
33822,COZY LITTLE CHRISTMAS,KATY PERRY,73,LW:RE,22,8,2020-12-04,2020,2020,12
32015,HAVE YOURSELF A MERRY LITTLE CHRISTMAS,SAM SMITH,75,LW:RE,65,7,2020-12-04,2020,2020,12
34906,WITHOUT YOU,KID LAROI,76,LW:RE,75,3,2020-12-04,2020,2020,12
16743,WHITE CHRISTMAS,BING CROSBY,78,LW:RE,5,35,2020-12-04,2020,2020,12
24076,CHRISTMAS TIME (DON'T LET THE BELLS END),DARKNESS,82,LW:RE,2,31,2020-12-04,2020,2020,12
32843,LET IT SNOW LET IT SNOW LET IT SNOW,FRANK SINATRA,85,LW:RE,65,4,2020-12-04,2020,2020,12
33300,SANTA'S COMING FOR US,SIA,96,LW:RE,17,13,2020-12-04,2020,2020,12
32839,CHRISTMAS (BABY PLEASE COME HOME),DARLENE LOVE,98,LW:RE,22,9,2020-12-04,2020,2020,12
33314,SANTA CLAUS IS COMING TO TOWN,MICHAEL JACKSON & JACKSON FIVE,76,LW:RE,30,7,2020-12-11,2020,2020,12
13955,2000 MILES,PRETENDERS,78,LW:RE,15,22,2020-12-11,2020,2020,12
9115,THE CHRISTMAS SONG,NAT KING COLE,85,LW:RE,51,10,2020-12-11,2020,2020,12
32458,LONELY THIS CHRISTMAS,MUD,86,LW:RE,1,21,2020-12-11,2020,2020,12
28076,STOP THE CAVALRY,JONA LEWIE,89,LW:RE,3,24,2020-12-11,2020,2020,12
28062,MARY'S BOY CHILD/OH MY LORD,BONEY M,92,LW:RE,26,20,2020-12-11,2020,2020,12
32840,BLUE CHRISTMAS,ELVIS PRESLEY,94,LW:RE,11,12,2020-12-11,2020,2020,12
34377,CHRISTMAS TE FARM,TAYLOR SWIFT,95,LW:RE,71,3,2020-12-11,2020,2020,12
34356,RIVER,ELLIE GOULDING,96,LW:RE,1,7,2020-12-11,2020,2020,12
32017,BABY IT'S COLD OUTSIDE,IDINA MENZEL FT MICHAEL BUBLE,100,LW:RE,39,5,2020-12-11,2020,2020,12
33833,BABY IT'S COLD OUTSIDE,BRETT ELDREDGE/MEGHAN TRAINOR,66,LW:RE,66,2,2020-12-18,2020,2020,12
28075,IT'S BEGINNING TO LOOK A LOT LIKE,PERRY COMO,99,LW:RE,47,12,2020-12-18,2020,2020,12
34809,HOLY,JUSTIN BIEBER FT CHANCE,41,LW:RE,7,11,2020-12-25,2020,2020,12
34391,MAN WITH THE BAG,JESSIE J,85,LW:RE,70,2,2020-12-25,2020,2020,12
32844,CHRISTMAS WRAPPING,WAITRESSES,89,LW:RE,45,10,2020-12-25,2020,2020,12
33834,RUN RUDOLPH RUN,CHUCK BERRY,94,LW:RE,83,3,2020-12-25,2020,2020,12
12530,STAY ANOTHER DAY,EAST 17,95,LW:RE,1,50,2020-12-25,2020,2020,12
4687,MISTLETOE AND WINE,CLIFF RICHARD,96,LW:RE,1,15,2020-12-25,2020,2020,12
28079,SANTA BABY,EARTHA KITT,98,LW:RE,55,11,2020-12-25,2020,2020,12
34377,CHRISTMAS TE FARM,TAYLOR SWIFT,83,LW:RE,71,4,2021-01-01,2021,2020,1
34927,LOVE NOT WAR (THE TAMPA BEAT),JASON DERULO & NUKA,90,LW:RE,90,2,2021-01-01,2021,2020,1
34178,DANCE MONKEY,TONES & I,93,LW:RE,1,72,2021-01-01,2021,2020,1
34711,LOOKING FOR ME,PAUL WOOLFORD & DIPLO/LOMAX,95,LW:RE,4,24,2021-01-01,2021,2020,1
34867,TRAIN WCK,JAMES ARTHUR,18,LW:RE,16,10,2021-01-08,2021,2020,1
34876,GOLDEN,HARRY STYLES,26,LW:RE,26,10,2021-01-08,2021,2020,1
34859,LONELY,JUSTIN BIEBER & BENNY BLANCO,32,LW:RE,17,10,2021-01-08,2021,2020,1
34852,I MISS U,JAX JONES FT AU/RA,34,LW:RE,25,10,2021-01-08,2021,2020,1
34878,SO DONE,KID LAROI,40,LW:RE,40,9,2021-01-08,2021,2020,1
34341,WATERMELON SUGAR,HARRY STYLES,41,LW:RE,4,45,2021-01-08,2021,2020,1
34925,BODY,MEGAN THEE STALLION,44,LW:RE,44,5,2021-01-08,2021,2020,1
33791,SOMEONE YOU LOVED,LEWIS CAPALDI,45,LW:RE,1,102,2021-01-08,2021,2020,1
34734,TAKE YOU DANCING,JASON DERULO,46,LW:RE,7,20,2021-01-08,2021,2020,1
34752,WAP,CARDI B FT MEGAN THEE STALLION,47,LW:RE,1,20,2021-01-08,2021,2020,1
34866,HEAT WAVES,GLASS ANIMALS,48,LW:RE,48,8,2021-01-08,2021,2020,1
34810,DIAMONDS,SAM SMITH,49,LW:RE,11,13,2021-01-08,2021,2020,1
34773,TICK TOCK,CLEAN BANDIT/MABEL/24KGOLDN,51,LW:RE,8,16,2021-01-08,2021,2020,1
34897,POV,ARIANA GRANDE,52,LW:RE,19,4,2021-01-08,2021,2020,1
34379,ALL GIRLS A THE SAME,JUICE WRLD,53,LW:RE,53,11,2021-01-08,2021,2020,1
34945,NO BODY NO CRIME,TAYLOR SWIFT FT HAIM,54,LW:RE,19,3,2021-01-08,2021,2020,1
34846,PRINCESS CUTS,HEADIE ONE FT YOUNG T & BUGSEY,55,LW:RE,11,10,2021-01-08,2021,2020,1
34340,BEFO YOU GO,LEWIS CAPALDI,56,LW:RE,1,55,2021-01-08,2021,2020,1
34789,LASTING LOVER,SIGALA & JAMES ARTHUR,57,LW:RE,10,14,2021-01-08,2021,2020,1
34658,SAVAGE LOVE (LAXED - SIN BEAT),JAWSH 685 & JASON DERULO,58,LW:RE,1,26,2021-01-08,2021,2020,1
34862,YOU' MINES STILL,YUNG BLEU FT DRAKE,59,LW:RE,59,4,2021-01-08,2021,2020,1
34771,AIN'T IT DIFFENT,HEADIE ONE/AJ TRACEY/STORMZY,60,LW:RE,2,18,2021-01-08,2021,2020,1
34729,LIGHTER,NATHAN DAWE FT KSI,61,LW:RE,3,19,2021-01-08,2021,2020,1
34946,SHOW OUT,KID CUDI/SKEPTA/POP SMOKE,62,LW:RE,37,3,2021-01-08,2021,2020,1
34947,MINDS ME OF YOU,JUICE WRLD & KID LAROI,63,LW:RE,63,2,2021-01-08,2021,2020,1
30103,DAMS,FLEETWOOD MAC,64,LW:RE,24,21,2021-01-08,2021,2020,1
34948,YOUR NEW BOYFRIEND,WILBUR SOOT,65,LW:RE,65,2,2021-01-08,2021,2020,1
32929,PERFECT,ED SHEERAN,66,LW:RE,1,154,2021-01-08,2021,2020,1
34313,DON'T START NOW,DUA LIPA,67,LW:RE,2,52,2021-01-08,2021,2020,1
34582,ROCKSTAR,DABABY FT RODDY RICCH,68,LW:RE,1,33,2021-01-08,2021,2020,1
34954,GNAT,EMINEM,69,LW:RE,65,2,2021-01-08,2021,2020,1
34630,RAIN ON ME,LADY GAGA & ARIANA GRANDE,70,LW:RE,1,27,2021-01-08,2021,2020,1
34414,ROSES,SAINT JHN,71,LW:RE,1,46,2021-01-08,2021,2020,1
33644,BABY SHARK,PINKFONG,72,LW:RE,6,62,2021-01-08,2021,2020,1
33707,SHALLOW,LADY GAGA & BRADLEY COOPER,73,LW:RE,1,90,2021-01-08,2021,2020,1
34577,BAKING ME,TOPIC FT A7S,74,LW:RE,3,33,2021-01-08,2021,2020,1
34682,GIANTS,DERMOT KENNEDY,75,LW:RE,12,24,2021-01-08,2021,2020,1
34796,MARTIN & GINA,POLO G,76,LW:RE,71,13,2021-01-08,2021,2020,1
34708,MOOD SWINGS,POP SMOKE FT LIL TJAY,78,LW:RE,5,23,2021-01-08,2021,2020,1
24702,MR BRIGHTSIDE,KILLERS,79,LW:RE,10,249,2021-01-08,2021,2020,1
34383,FALLING,HARRY STYLES,80,LW:RE,15,32,2021-01-08,2021,2020,1
33742,SUNFLOWER,POST MALONE FT SWAE LEE,81,LW:RE,3,63,2021-01-08,2021,2020,1
34830,TOO MANY NIGHTS,220 KID & JC STEWART,82,LW:RE,72,9,2021-01-08,2021,2020,1
34950,BE THE ONE,RUDIMENTAL/MORGAN/DIGGA D/TIKE,83,LW:RE,83,2,2021-01-08,2021,2020,1
31584,SWEATER WEATHER,NEIGHBOURHOOD,84,LW:RE,49,5,2021-01-08,2021,2020,1
34706,FOR THE NIGHT,POP SMOKE/LIL BABY/DABABY,87,LW:RE,14,22,2021-01-08,2021,2020,1
34833,UFO,D-BLOCK EUROPE FT AITCH,88,LW:RE,11,10,2021-01-08,2021,2020,1
34058,ARCADE,DUNCAN LAURENCE,90,LW:RE,67,2,2021-01-08,2021,2020,1
34910,FLAVOUR,LOSKI & STORMZY,93,LW:RE,43,4,2021-01-08,2021,2020,1
34705,WISHING WELL,JUICE WRLD,94,LW:RE,15,19,2021-01-08,2021,2020,1
34942,PLASTIC HEARTS,MILEY CYRUS,96,LW:RE,96,2,2021-01-08,2021,2020,1
31240,WHY'D YOU ONLY CALL ME WHEN YOU' HIGH,ARCTIC MONKEYS,97,LW:RE,8,16,2021-01-08,2021,2020,1
31152,DO I WANNA KNOW,ARCTIC MONKEYS,100,LW:RE,11,65,2021-01-08,2021,2020,1
34415,ALL I WANT,OLIVIA RODRIGO,32,LW:RE,32,10,2021-01-22,2021,2020,1
34058,ARCADE,DUNCAN LAURENCE,95,LW:RE,67,3,2021-01-22,2021,2020,1
34414,ROSES,SAINT JHN,92,LW:RE,1,48,2021-01-29,2021,2020,1
34630,RAIN ON ME,LADY GAGA & ARIANA GRANDE,95,LW:RE,1,29,2021-01-29,2021,2020,1
31240,WHY'D YOU ONLY CALL ME WHEN YOU' HIGH,ARCTIC MONKEYS,99,LW:RE,8,17,2021-01-29,2021,2020,1
34313,DON'T START NOW,DUA LIPA,100,LW:RE,2,54,2021-01-29,2021,2020,1
34383,FALLING,HARRY STYLES,84,LW:RE,15,35,2021-02-05,2021,2020,2
34987,LUMIDEE,CHIP/YOUNG ADZ/YOUNG M.A,95,LW:RE,49,2,2021-02-05,2021,2020,2
33742,SUNFLOWER,POST MALONE FT SWAE LEE,89,LW:RE,3,65,2021-02-12,2021,2020,2
34630,RAIN ON ME,LADY GAGA & ARIANA GRANDE,92,LW:RE,1,30,2021-02-12,2021,2020,2
34981,MAZZA,SLOWTHAI FT ASAP ROCKY,72,LW:RE,72,2,2021-02-19,2021,2020,2
33075,RISE UP,ANDRA DAY,78,LW:RE,61,6,2021-02-19,2021,2020,2
31532,ALL OF ME,JOHN LEGEND,87,LW:RE,2,94,2021-02-19,2021,2020,2
32723,SAY YOU WON'T LET GO,JAMES ARTHUR,88,LW:RE,1,43,2021-02-19,2021,2020,2
35011,ALL YOU EVER WANTED,RAG'N'BONE MAN,94,LW:RE,80,2,2021-02-19,2021,2020,2
31769,THINKING OUT LOUD,ED SHEERAN,96,LW:RE,1,119,2021-02-19,2021,2020,2
34944,CHAMPAGNE PROBLEMS,TAYLOR SWIFT,97,LW:RE,15,9,2021-02-19,2021,2020,2
35000,LIFESTYLE,JASON DERULO FT ADAM LEVINE,70,LW:RE,70,3,2021-02-26,2021,2020,2
34797,JERUSALEMA,MASTER KG FT NOMCEBO ZIKODE,86,LW:RE,55,11,2021-02-26,2021,2020,2
35026,WHAT OTHER PEOPLE SAY,SAM FISCHER & DEMI LOVATO,95,LW:RE,95,2,2021-02-26,2021,2020,2
34770,DYNAMITE,BTS,99,LW:RE,3,26,2021-02-26,2021,2020,2
31347,AFTERGLOW,WILKINSON FT BECKY HILL,74,LW:RE,8,19,2021-03-05,2021,2020,3
34582,ROCKSTAR,DABABY FT RODDY RICCH,75,LW:RE,1,38,2021-03-05,2021,2020,3
34884,MOTIVE,ARIANA GRANDE FT DOJA CAT,81,LW:RE,16,2,2021-03-05,2021,2020,3
34998,NEW LOVE,SILK CITY/GOULDING/DIPLO,99,LW:RE,65,3,2021-03-05,2021,2020,3
34980,THE BANDIT,KINGS OF LEON,74,LW:RE,74,2,2021-03-12,2021,2020,3
34630,RAIN ON ME,LADY GAGA & ARIANA GRANDE,99,LW:RE,1,32,2021-03-12,2021,2020,3
35012,AFRAID,JAMES HYPE FT HARLEE,82,LW:RE,79,5,2021-03-19,2021,2020,3
34770,DYNAMITE,BTS,87,LW:RE,3,27,2021-03-19,2021,2020,3
34313,DON'T START NOW,DUA LIPA,95,LW:RE,2,60,2021-03-19,2021,2020,3
34979,CHEMTRAILS OVER THE COUNTRY CLUB,LANA DEL REY,62,LW:RE,58,3,2021-03-26,2021,2020,3
27547,CUPID'S CHOKEHOLD,GYM CLASS HEROES,96,LW:RE,3,24,2021-03-26,2021,2020,3
35010,HIGHER,CLEAN BANDIT FT IANN DIOR,99,LW:RE,66,7,2021-03-26,2021,2020,3
34962,ANYONE,JUSTIN BIEBER,25,LW:RE,4,12,2021-04-02,2021,2020,4
30103,DAMS,FLEETWOOD MAC,91,LW:RE,24,32,2021-04-02,2021,2020,4
34313,DON'T START NOW,DUA LIPA,95,LW:RE,2,61,2021-04-02,2021,2020,4
35038,COVER ME IN SUNSHINE,PINK & WILLOW SAGE HART,93,LW:RE,60,3,2021-04-09,2021,2020,4
34058,ARCADE,DUNCAN LAURENCE,94,LW:RE,29,13,2021-04-09,2021,2020,4
33644,BABY SHARK,PINKFONG,100,LW:RE,6,72,2021-04-09,2021,2020,4
35029,LOVE STORY (TAYLOR'S VERSION),TAYLOR SWIFT,45,LW:RE,12,4,2021-04-16,2021,2020,4
23139,X GON' GIVE IT TO YA,DMX,72,LW:RE,6,19,2021-04-16,2021,2020,4
30932,ANOTHER LOVE,TOM ODELL,85,LW:RE,10,27,2021-04-16,2021,2020,4
35005,ADY,FREDO FT SUMMER WALKER,92,LW:RE,21,10,2021-04-16,2021,2020,4
35069,ANXIOUS,AJ TRACEY,68,LW:RE,34,5,2021-04-23,2021,2020,4
30103,DAMS,FLEETWOOD MAC,95,LW:RE,24,34,2021-04-23,2021,2020,4
32929,PERFECT,ED SHEERAN,91,LW:RE,1,169,2021-04-30,2021,2020,4
34313,DON'T START NOW,DUA LIPA,95,LW:RE,2,63,2021-04-30,2021,2020,4
34883,34+35,ARIANA GRANDE,99,LW:RE,3,24,2021-04-30,2021,2020,4
34414,ROSES,SAINT JHN,100,LW:RE,1,59,2021-04-30,2021,2020,4
34898,CONFETTI,LITTLE MIX,15,LW:RE,15,4,2021-05-07,2021,2020,5
34997,TYPHOONS,ROYAL BLOOD,83,LW:RE,63,2,2021-05-07,2021,2020,5
34825,TROUBLE'S COMING,ROYAL BLOOD,84,LW:RE,46,3,2021-05-07,2021,2020,5
35124,SHY AWAY,TWENTY ONE PILOTS,87,LW:RE,56,3,2021-05-07,2021,2020,5
34969,AL GROOVE,KYLIE MINOGUE & DUA LIPA,97,LW:RE,95,2,2021-05-07,2021,2020,5
35011,ALL YOU EVER WANTED,RAG'N'BONE MAN,78,LW:RE,29,13,2021-05-14,2021,2020,5
35139,LIFE GOES ON,PS1 FT ALEX HOSKING,89,LW:RE,89,2,2021-05-14,2021,2020,5
34313,DON'T START NOW,DUA LIPA,96,LW:RE,2,64,2021-05-14,2021,2020,5
35124,SHY AWAY,TWENTY ONE PILOTS,80,LW:RE,56,4,2021-05-28,2021,2020,5
34972,DRIVERS LICENSE,OLIVIA RODRIGO,6,LW:RE,1,20,2021-06-04,2021,2020,6
34896,GET OUT MY HEAD,SHANE CODD,73,LW:RE,6,30,2021-06-04,2021,2020,6
30103,DAMS,FLEETWOOD MAC,75,LW:RE,24,39,2021-06-04,2021,2020,6
32929,PERFECT,ED SHEERAN,82,LW:RE,1,173,2021-06-04,2021,2020,6
34313,DON'T START NOW,DUA LIPA,93,LW:RE,2,66,2021-06-04,2021,2020,6
13820,WONDERWALL,OASIS,94,LW:RE,2,85,2021-06-04,2021,2020,6
33436,SHOTGUN,GEORGE EZRA,95,LW:RE,1,122,2021-06-04,2021,2020,6
34887,PARADISE,MEDUZA FT DERMOT KENNEDY,100,LW:RE,5,30,2021-06-04,2021,2020,6
35174,TRAITOR,OLIVIA RODRIGO,5,LW:RE,5,2,2021-06-11,2021,2020,6
21996,3 LIONS,BADDIEL/SKINNER/LIGHTNING SEED,22,LW:RE,1,46,2021-06-18,2021,2020,6
35168,STRAIGHTENIN,MIGOS,81,LW:RE,72,2,2021-06-18,2021,2020,6
35198,MIRROR,SIGRID,82,LW:RE,74,3,2021-06-25,2021,2020,6
34911,YES SIR I CAN BOOGIE,BACCARA,84,LW:RE,57,2,2021-06-25,2021,2020,6
30932,ANOTHER LOVE,TOM ODELL,92,LW:RE,10,36,2021-06-25,2021,2020,6
32847,SHAPE OF YOU,ED SHEERAN,98,LW:RE,1,98,2021-07-02,2021,2020,7
17376,VINDALOO,FAT LES,36,LW:RE,2,22,2021-07-09,2021,2020,7
28325,SWEET CAROLINE,NEIL DIAMOND,48,LW:RE,8,20,2021-07-09,2021,2020,7
22002,WORLD IN MOTION,NEW ORDER,61,LW:RE,22,12,2021-07-09,2021,2020,7
35255,RUN,ONEREPUBLIC,90,LW:RE,90,2,2021-07-16,2021,2020,7
35120,ANYWHE AWAY FROM HE,RAG'N'BONE MAN & PINK,95,LW:RE,9,13,2021-07-16,2021,2020,7
30103,DAMS,FLEETWOOD MAC,99,LW:RE,24,42,2021-07-16,2021,2020,7
34983,DON'T PLAY,ANNE-MARIE/KSI/DIGITAL FARM,33,LW:RE,2,24,2021-07-23,2021,2020,7
35139,LIFE GOES ON,PS1 FT ALEX HOSKING,42,LW:RE,42,10,2021-07-23,2021,2020,7
35266,PSYCHO,MAISIE PETERS,88,LW:RE,85,2,2021-07-23,2021,2020,7
35263,SWERVE,JAY1 & KSI,90,LW:RE,69,2,2021-07-23,2021,2020,7
34426,STOP THIS FLAME,CELESTE,91,LW:RE,47,9,2021-07-23,2021,2020,7
35236,LOVE AGAIN,DUA LIPA,92,LW:RE,92,2,2021-07-23,2021,2020,7
35018,BELIEVE ME,NAVOS,97,LW:RE,23,23,2021-07-23,2021,2020,7
35221,NEED TO KNOW,DOJA CAT,29,LW:RE,29,3,2021-07-30,2021,2020,7
35277,PAIN,PINKPANTHERESS,53,LW:RE,53,2,2021-07-30,2021,2020,7
33791,SOMEONE YOU LOVED,LEWIS CAPALDI,91,LW:RE,1,130,2021-07-30,2021,2020,7
34992,WELLERMAN,NATHAN EVANS/220KID/BILLEN TED,100,LW:RE,1,26,2021-07-30,2021,2020,7
34906,WITHOUT YOU,KID LAROI,94,LW:RE,2,37,2021-08-06,2021,2020,8
35273,NDA,BILLIE EILISH,47,LW:RE,23,4,2021-08-13,2021,2020,8
35140,YOUR POWER,BILLIE EILISH,63,LW:RE,5,10,2021-08-13,2021,2020,8
32882,BELIEVER,IMAGINE DRAGONS,89,LW:RE,42,33,2021-08-20,2021,2020,8
35208,LATE AT NIGHT,RODDY RICCH,96,LW:RE,40,9,2021-08-20,2021,2020,8
35118,KISS ME MO,DOJA CAT FT SZA,38,LW:RE,3,19,2021-08-27,2021,2020,8
35220,SOLAR POWER,LORDE,52,LW:RE,17,8,2021-08-27,2021,2020,8
35139,LIFE GOES ON,PS1 FT ALEX HOSKING,65,LW:RE,41,14,2021-08-27,2021,2020,8
30103,DAMS,FLEETWOOD MAC,100,LW:RE,24,44,2021-08-27,2021,2020,8
35173,BUTTER,BTS,32,LW:RE,3,12,2021-09-03,2021,2020,9
31969,LIKE I CAN,SAM SMITH,97,LW:RE,9,34,2021-09-10,2021,2020,9
35358,ONE NIGHT,GRIFF,98,LW:RE,91,2,2021-09-24,2021,2020,9
34478,NO TIME TO DIE,BILLIE EILISH,32,LW:RE,1,13,2021-10-08,2021,2020,10
35359,SHARING LOCATIONS,MEEK MILL/LIL BABY/LIL DURK,94,LW:RE,92,2,2021-10-08,2021,2020,10
35276,SEVENTEEN GOING UNDER,SAM FENDER,26,LW:RE,26,13,2021-10-15,2021,2020,10
35386,GET YOU DOWN,SAM FENDER,48,LW:RE,48,2,2021-10-15,2021,2020,10
29892,SOMEONE LIKE YOU,ADELE,74,LW:RE,1,79,2021-10-15,2021,2020,10
32441,WHEN WE WE YOUNG,ADELE,78,LW:RE,9,28,2021-10-15,2021,2020,10
35374,ACAPULCO,JASON DERULO,87,LW:RE,87,2,2021-10-15,2021,2020,10
35402,GOODBYE,NATHAN DAWE & T MATTHIAS,94,LW:RE,89,2,2021-10-15,2021,2020,10
35239,FAVORITE CRIME,OLIVIA RODRIGO,95,LW:RE,17,8,2021-10-15,2021,2020,10
35150,HIGHER POWER,COLDPLAY,26,LW:RE,12,18,2021-10-22,2021,2020,10
35311,CHOSEN,BLXST/TYGA/TY DOLLA SIGN,64,LW:RE,42,12,2021-10-29,2021,2020,10
34341,WATERMELON SUGAR,HARRY STYLES,94,LW:RE,4,81,2021-10-29,2021,2020,10
34178,DANCE MONKEY,TONES & I,95,LW:RE,1,114,2021-10-29,2021,2020,10
30103,DAMS,FLEETWOOD MAC,99,LW:RE,24,47,2021-10-29,2021,2020,10
27975,GHOSTBUSTERS,RAY PARKER JR,38,LW:RE,2,44,2021-11-05,2021,2020,11
929,THRILLER,MICHAEL JACKSON,40,LW:RE,10,57,2021-11-05,2021,2020,11
27977,MONSTER MASH,BOBBY BORIS PICKETT,41,LW:RE,41,10,2021-11-05,2021,2020,11
35247,YOU RIGHT,DOJA CAT & WEEKND,76,LW:RE,9,5,2021-11-05,2021,2020,11
35436,EX FOR A ASON,SUMMER WALKER/CITY GIRLS,42,LW:RE,42,2,2021-11-12,2021,2020,11
35363,DON'T SHUT ME DOWN,ABBA,49,LW:RE,9,7,2021-11-12,2021,2020,11
35364,I STILL HAVE FAITH IN YOU,ABBA,60,LW:RE,14,3,2021-11-12,2021,2020,11
12556,ALL I WANT FOR CHRISTMAS IS YOU,MARIAH CAREY,69,LW:RE,1,108,2021-11-12,2021,2020,11
28036,LAST CHRISTMAS,WHAM,85,LW:RE,1,73,2021-11-12,2021,2020,11
35401,EMILY,JAMES ARTHUR,89,LW:RE,82,3,2021-11-12,2021,2020,11
35067,LEAVE THE DOOR OPEN,SILK SONIC/BRUNO MARS/PAAK,31,LW:RE,20,18,2021-11-19,2021,2020,11
26511,FAIRYTALE OF NEW YORK,POGUES FT KIRSTY MACCOLL,87,LW:RE,2,107,2021-11-19,2021,2020,11
35158,WELCOME TO BRIXTON,SR,95,LW:RE,93,2,2021-11-19,2021,2020,11
30386,IT'S BEGINNING TO LOOK A LOT LIKE,MICHAEL BUBLE,99,LW:RE,7,41,2021-11-19,2021,2020,11
2738,MERRY CHRISTMAS EVERYONE,SHAKIN' STEVENS,52,LW:RE,1,79,2021-11-26,2021,2020,11
28089,ROCKIN' AROUND THE CHRISTMAS TE,BRENDA LEE,58,LW:RE,6,54,2021-11-26,2021,2020,11
28049,DO THEY KNOW IT'S CHRISTMAS,BAND AID,66,LW:RE,1,88,2021-11-26,2021,2020,11
31468,UNDERNEATH THE TE,KELLY CLARKSON,70,LW:RE,15,26,2021-11-26,2021,2020,11
30384,STEP INTO CHRISTMAS,ELTON JOHN,72,LW:RE,8,46,2021-11-26,2021,2020,11
28041,I WISH IT COULD BE CHRISTMAS EVERYDAY,WIZZARD,74,LW:RE,10,64,2021-11-26,2021,2020,11
32002,SANTA TELL ME,ARIANA GRANDE,78,LW:RE,11,24,2021-11-26,2021,2020,11
4774,DRIVING HOME FOR CHRISTMAS,CHRIS REA,80,LW:RE,11,63,2021-11-26,2021,2020,11
28035,IT'S THE MOST WONDERFUL TIME OF THE YEAR,ANDY WILLIAMS,86,LW:RE,17,42,2021-11-26,2021,2020,11
35462,PERU,FIREBOY DML,89,LW:RE,89,2,2021-11-26,2021,2020,11
32838,JINGLE BELL ROCK,BOBBY HELMS,42,LW:RE,27,17,2021-12-03,2021,2020,12
31463,ONE MO SLEEP,LEONA LEWIS,47,LW:RE,3,30,2021-12-03,2021,2020,12
72,MERRY XMAS EVERYBODY,SLADE,48,LW:RE,1,105,2021-12-03,2021,2020,12
31492,SLEIGH RIDE,RONETTES,51,LW:RE,33,16,2021-12-03,2021,2020,12
32029,HOLLY JOLLY CHRISTMAS,MICHAEL BUBLE,52,LW:RE,24,21,2021-12-03,2021,2020,12
28054,HAPPY XMAS (WAR IS OVER),JOHN & YOKO/PLASTIC ONO BAND,53,LW:RE,18,45,2021-12-03,2021,2020,12
28060,WONDERFUL CHRISTMASTIME,PAUL MCCARTNEY,54,LW:RE,6,39,2021-12-03,2021,2020,12
30309,MISTLETOE,JUSTIN BIEBER,56,LW:RE,21,29,2021-12-03,2021,2020,12
34377,CHRISTMAS TE FARM,TAYLOR SWIFT,60,LW:RE,60,5,2021-12-03,2021,2020,12
28066,LET IT SNOW LET IT SNOW LET IT SNOW,DEAN MARTIN,62,LW:RE,37,25,2021-12-03,2021,2020,12
32841,FELIZ NAVIDAD,JOSE FELICIANO,64,LW:RE,40,11,2021-12-03,2021,2020,12
34956,SNOWMAN,SIA,73,LW:RE,73,3,2021-12-03,2021,2020,12
9115,THE CHRISTMAS SONG,NAT KING COLE,77,LW:RE,51,14,2021-12-03,2021,2020,12
16743,WHITE CHRISTMAS,BING CROSBY,79,LW:RE,5,40,2021-12-03,2021,2020,12
28081,SANTA BABY,KYLIE MINOGUE,80,LW:RE,31,23,2021-12-03,2021,2020,12
29234,CHRISTMAS LIGHTS,COLDPLAY,81,LW:RE,13,35,2021-12-03,2021,2020,12
28076,STOP THE CAVALRY,JONA LEWIE,82,LW:RE,3,28,2021-12-03,2021,2020,12
32843,LET IT SNOW LET IT SNOW LET IT SNOW,FRANK SINATRA,85,LW:RE,56,9,2021-12-03,2021,2020,12
33314,SANTA CLAUS IS COMING TO TOWN,MICHAEL JACKSON & JACKSON FIVE,91,LW:RE,30,11,2021-12-03,2021,2020,12
32839,CHRISTMAS (BABY PLEASE COME HOME),DARLENE LOVE,92,LW:RE,22,14,2021-12-03,2021,2020,12
13955,2000 MILES,PRETENDERS,98,LW:RE,15,26,2021-12-03,2021,2020,12
32458,LONELY THIS CHRISTMAS,MUD,65,LW:RE,1,25,2021-12-10,2021,2020,12
28075,IT'S BEGINNING TO LOOK A LOT LIKE,PERRY COMO,80,LW:RE,47,15,2021-12-10,2021,2020,12
28062,MARY'S BOY CHILD/OH MY LORD,BONEY M,87,LW:RE,26,24,2021-12-10,2021,2020,12
34916,ROCKIN' AROUND THE CHRISTMAS TE,JUSTIN BIEBER,90,LW:RE,4,8,2021-12-10,2021,2020,12
34921,THIS CHRISTMAS,JESS GLYNNE,91,LW:RE,3,7,2021-12-10,2021,2020,12
35480,ALADY DEAD,JUICE WRLD,68,LW:RE,25,3,2021-12-17,2021,2020,12
34387,LIKE IT'S CHRISTMAS,JONAS BROTHERS,70,LW:RE,53,3,2021-12-17,2021,2020,12
4687,MISTLETOE AND WINE,CLIFF RICHARD,97,LW:RE,1,17,2021-12-17,2021,2020,12
34955,FAVORITE TIME OF YEAR,CARRIE UNDERWOOD,98,LW:RE,75,3,2021-12-17,2021,2020,12
35501,THE CHRISTMAS SWEATER,MICHAEL BUBLE,68,LW:RE,68,3,2021-12-24,2021,2020,12
33834,RUN RUDOLPH RUN,CHUCK BERRY,74,LW:RE,74,5,2021-12-24,2021,2020,12
12530,STAY ANOTHER DAY,EAST 17,75,LW:RE,1,51,2021-12-24,2021,2020,12
24076,CHRISTMAS TIME (DON'T LET THE BELLS END),DARKNESS,80,LW:RE,2,33,2021-12-24,2021,2020,12
28079,SANTA BABY,EARTHA KITT,82,LW:RE,55,13,2021-12-24,2021,2020,12
32840,BLUE CHRISTMAS,ELVIS PRESLEY,84,LW:RE,11,16,2021-12-24,2021,2020,12
33822,COZY LITTLE CHRISTMAS,KATY PERRY,85,LW:RE,22,13,2021-12-24,2021,2020,12
32844,CHRISTMAS WRAPPING,WAITRESSES,86,LW:RE,45,12,2021-12-24,2021,2020,12
28078,SANTA CLAUS IS COMIN' TO TOWN,BRUCE SPRINGSTEEN,87,LW:RE,48,8,2021-12-24,2021,2020,12
34393,A SPACEMAN CAME TRAVELLING,CHRIS DE BURGH,91,LW:RE,91,2,2021-12-24,2021,2020,12
73,I BELIEVE IN FATHER CHRISTMAS,GREG LAKE,92,LW:RE,2,18,2021-12-24,2021,2020,12
35471,THE MOTTO,TIESTO & AVA MAX,99,LW:RE,61,4,2021-12-24,2021,2020,12
34937,OH SANTA,MARIAH CAREY/A GRANDE/J HUDSON,100,LW:RE,67,3,2021-12-24,2021,2020,12
1866,THANK GOD IT'S CHRISTMAS,QUEEN,88,LW:RE,86,2,2021-12-31,2022,2020,12
34931,NAUGHTY LIST,LIAM PAYNE FT DIXIE D'AMELIO,91,LW:RE,48,6,2021-12-31,2022,2020,12
34939,CUDDLE UP COZY DOWN CHRISTMAS,DOLLY PARTON & MICHAEL BUBLE,92,LW:RE,66,5,2021-12-31,2022,2020,12
34960,WHAT CHRISTMAS MEANS TO ME,STEVIE WONDER,93,LW:RE,93,2,2021-12-31,2022,2020,12
33835,WINTER WONDERLAND,TONY BENNETT,94,LW:RE,94,2,2021-12-31,2022,2020,12
35511,LITTLE THINGS,ABBA,96,LW:RE,61,3,2021-12-31,2022,2020,12
35513,I WANT TO COME HOME FOR CHRISTMAS,SUMMER WALKER,97,LW:RE,94,2,2021-12-31,2022,2020,12
35246,BAD HABITS,ED SHEERAN,12,LW:RE,1,24,2022-01-07,2022,2020,1
35370,TELL ME SOMETHING GOOD,EWAN MCVICAR,16,LW:RE,15,17,2022-01-07,2022,2020,1
35396,MY UNIVERSE,COLDPLAY & BTS,19,LW:RE,3,13,2022-01-07,2022,2020,1
35307,BETTER DAYS,DERMOT KENNEDY,20,LW:RE,16,22,2022-01-07,2022,2020,1
35356,MEET ME AT OUR SPOT,ANXIETY/WILLOW/TYLER COLE,28,LW:RE,10,17,2022-01-07,2022,2020,1
35330,ALONE WITH YOU,ARZ,29,LW:RE,25,19,2022-01-07,2022,2020,1
35309,DRIVE,CLEAN BANDIT/TOPIC/WES NELSON,31,LW:RE,17,20,2022-01-07,2022,2020,1
35505,SWEET TALKER,YEARS & YEARS/GALANTIS,36,LW:RE,36,2,2022-01-07,2022,2020,1
35471,THE MOTTO,TIESTO & AVA MAX,37,LW:RE,37,5,2022-01-07,2022,2020,1
35365,MY HEART GOES (LA DI DA),BECKY HILL & TOPIC,38,LW:RE,11,18,2022-01-07,2022,2020,1
34368,BLINDING LIGHTS,WEEKND,39,LW:RE,1,106,2022-01-07,2022,2020,1
35508,I HATE U,SZA,40,LW:RE,38,4,2022-01-07,2022,2020,1
35291,INDUSTRY BABY,LIL NAS X & JACK HARLOW,41,LW:RE,3,23,2022-01-07,2022,2020,1
35464,ONE RIGHT NOW,POST MALONE & WEEKND,42,LW:RE,20,8,2022-01-07,2022,2020,1
35440,BETTER DAYS,NEIKED/MAE MULLER/POLO G,43,LW:RE,32,9,2022-01-07,2022,2020,1
35376,OBSESSED WITH YOU,CENTRAL CEE,44,LW:RE,4,16,2022-01-07,2022,2020,1
35467,SMOKIN OUT THE WINDOW,SILK SONIC/BRUNO MARS/PAAK,45,LW:RE,12,8,2022-01-07,2022,2020,1
35347,OUT OUT,JOEL CORRY/JAX JONES/XCX,46,LW:RE,6,18,2022-01-07,2022,2020,1
35452,TELL IT TO MY HEART,MEDUZA FT HOZIER,47,LW:RE,46,8,2022-01-07,2022,2020,1
35439,WHO YOU A,CRAIG DAVID & MNEK,48,LW:RE,39,10,2022-01-07,2022,2020,1
35437,MOTH TO A FLAME,SWEDISH HOUSE MAFIA/WEEKND,49,LW:RE,15,9,2022-01-07,2022,2020,1
35495,MONEY CALLING,BEATFREAKZ/RAYE/RUSS/WWW,50,LW:RE,50,9,2022-01-07,2022,2020,1
24702,MR BRIGHTSIDE,KILLERS,51,LW:RE,10,296,2022-01-07,2022,2020,1
34763,LEVITATING,DUA LIPA,52,LW:RE,5,66,2022-01-07,2022,2020,1
35200,BLACK MAGIC,JONASU,53,LW:RE,3,28,2022-01-07,2022,2020,1
35449,NO COMPETITION,D-BLOCK EUROPE,54,LW:RE,18,9,2022-01-07,2022,2020,1
34974,SAVE YOUR TEARS,WEEKND,55,LW:RE,2,50,2022-01-07,2022,2020,1
35326,WOMAN,DOJA CAT,56,LW:RE,13,20,2022-01-07,2022,2020,1
35314,TAKE MY BATH,WEEKND,57,LW:RE,13,18,2022-01-07,2022,2020,1
35240,MEMBER,BECKY HILL & DAVID GUETTA,58,LW:RE,3,25,2022-01-07,2022,2020,1
35458,SAD GIRLZ LUV MONEY,AMAARAE FT MOLIY,59,LW:RE,29,8,2022-01-07,2022,2020,1
35301,HAPPIER THAN EVER,BILLIE EILISH,60,LW:RE,4,21,2022-01-07,2022,2020,1
35388,THATS WHAT I WANT,LIL NAS X,61,LW:RE,10,13,2022-01-07,2022,2020,1
35512,IT'LL BE OKAY,SHAWN MENDES,62,LW:RE,62,2,2022-01-07,2022,2020,1
35459,CUT ME LOOSE,JETHRO HESTON/MAX MARSHALL,63,LW:RE,63,6,2022-01-07,2022,2020,1
35118,KISS ME MO,DOJA CAT FT SZA,65,LW:RE,3,20,2022-01-07,2022,2020,1
35506,I AM WOMAN,EMMY MELI,67,LW:RE,67,4,2022-01-07,2022,2020,1
35406,DON'T BAK THE HEART,TOM GRENNAN,69,LW:RE,49,10,2022-01-07,2022,2020,1
34989,FRIDAY,RITON/NIGHTCRAWLERS/MUFASA,70,LW:RE,4,37,2022-01-07,2022,2020,1
35175,HEARTBAK ANTHEM,GALANTIS/GUETTA/LITTLE MIX,71,LW:RE,3,28,2022-01-07,2022,2020,1
30458,I WANNA DANCE WITH SOMEBODY,WHITNEY HOUSTON,73,LW:RE,1,19,2022-01-07,2022,2020,1
33707,SHALLOW,LADY GAGA & BRADLEY COOPER,74,LW:RE,1,113,2022-01-07,2022,2020,1
35374,ACAPULCO,JASON DERULO,75,LW:RE,74,9,2022-01-07,2022,2020,1
34691,HEAD & HEART,JOEL CORRY FT MNEK,76,LW:RE,1,71,2022-01-07,2022,2020,1
35247,YOU RIGHT,DOJA CAT & WEEKND,77,LW:RE,9,9,2022-01-07,2022,2020,1
34972,DRIVERS LICENSE,OLIVIA RODRIGO,78,LW:RE,1,21,2022-01-07,2022,2020,1
35504,ALIEN BLUES,VUNDABAR,79,LW:RE,76,4,2022-01-07,2022,2020,1
34178,DANCE MONKEY,TONES & I,80,LW:RE,1,115,2022-01-07,2022,2020,1
33791,SOMEONE YOU LOVED,LEWIS CAPALDI,81,LW:RE,1,148,2022-01-07,2022,2020,1
35099,MONTERO (CALL ME BY YOUR NAME),LIL NAS X,82,LW:RE,1,34,2022-01-07,2022,2020,1
35473,TOXIC,BOYWITHUKE,83,LW:RE,80,4,2022-01-07,2022,2020,1
35013,LITTLE BIT OF LOVE,TOM GRENNAN,85,LW:RE,7,43,2022-01-07,2022,2020,1
35174,TRAITOR,OLIVIA RODRIGO,86,LW:RE,5,26,2022-01-07,2022,2020,1
35270,CLASH,DAVE FT STORMZY,87,LW:RE,2,21,2022-01-07,2022,2020,1
35460,I LOVE YOU SO,WALTERS,88,LW:RE,88,3,2022-01-07,2022,2020,1
35443,GHOST TOWN,BENSON BOONE,89,LW:RE,46,7,2022-01-07,2022,2020,1
35489,OWN BRAND FESTYLE,FELIXTHE1ST/DREYA MAC,91,LW:RE,64,5,2022-01-07,2022,2020,1
35292,KISS MY (UH OH),ANNE-MARIE & LITTLE MIX,92,LW:RE,10,19,2022-01-07,2022,2020,1
30103,DAMS,FLEETWOOD MAC,94,LW:RE,24,48,2022-01-07,2022,2020,1
27319,DON'T STOP ME NOW,QUEEN,95,LW:RE,9,51,2022-01-07,2022,2020,1
33742,SUNFLOWER,POST MALONE FT SWAE LEE,96,LW:RE,3,66,2022-01-07,2022,2020,1
33644,BABY SHARK,PINKFONG,99,LW:RE,6,73,2022-01-07,2022,2020,1
35158,WELCOME TO BRIXTON,SR,100,LW:RE,93,4,2022-01-07,2022,2020,1
35403,TOO EASY,GUNNA FT FUTURE,43,LW:RE,43,2,2022-01-14,2022,2020,1
35518,WYD NOW,SADIE JEAN,81,LW:RE,81,2,2022-01-14,2022,2020,1
35384,STETSIDE,BRU-C & BOU,100,LW:RE,84,5,2022-01-14,2022,2020,1
30930,LOST,FRANK OCEAN,44,LW:RE,44,4,2022-01-21,2022,2020,1
11331,BAT OUT OF HELL,MEAT LOAF,26,LW:RE,8,18,2022-01-28,2022,2020,1
34974,SAVE YOUR TEARS,WEEKND,60,LW:RE,2,51,2022-01-28,2022,2020,1
35549,BRAVE,ELLA HENDERSON,95,LW:RE,82,2,2022-01-28,2022,2020,1
35581,TO THE MOON,JNR CHOI & SAM TOMPKINS,68,LW:RE,58,4,2022-02-04,2022,2020,2
35352,GET INTO IT (YUH),DOJA CAT,88,LW:RE,41,10,2022-02-04,2022,2020,2
35550,DON'T WAKE ME UP,JONAS BLUE & WHY DON'T WE,90,LW:RE,83,3,2022-02-04,2022,2020,2
35384,STETSIDE,BRU-C & BOU,100,LW:RE,84,6,2022-02-04,2022,2020,2
34368,BLINDING LIGHTS,WEEKND,73,LW:RE,1,107,2022-02-11,2022,2020,2
35270,CLASH,DAVE FT STORMZY,91,LW:RE,2,24,2022-02-11,2022,2020,2
19410,STILL D,DR DRE FT SNOOP DOGG,93,LW:RE,6,14,2022-02-18,2022,2020,2
35541,4AM,J-BEE,99,LW:RE,90,6,2022-02-25,2022,2020,2
35550,DON'T WAKE ME UP,JONAS BLUE & WHY DON'T WE,89,LW:RE,79,6,2022-03-04,2022,2020,3
33940,LOCATION,DAVE FT BURNA BOY,91,LW:RE,6,60,2022-03-04,2022,2020,3
35200,BLACK MAGIC,JONASU,97,LW:RE,3,34,2022-03-04,2022,2020,3
30932,ANOTHER LOVE,TOM ODELL,98,LW:RE,10,37,2022-03-04,2022,2020,3
33940,LOCATION,DAVE FT BURNA BOY,76,LW:RE,6,61,2022-03-25,2022,2020,3
35592,EMO GIRL,MACHINE GUN KELLY FT WILLOW,60,LW:RE,52,3,2022-04-01,2022,2020,4
16208,EVERLONG,FOO FIGHTERS,68,LW:RE,18,7,2022-04-01,2022,2020,4
33791,SOMEONE YOU LOVED,LEWIS CAPALDI,100,LW:RE,1,159,2022-04-01,2022,2020,4
35591,BLACK SUMMER,RED HOT CHILI PEPPERS,79,LW:RE,43,2,2022-04-08,2022,2020,4
29975,GOLD FOVER,WANTED,82,LW:RE,3,10,2022-04-08,2022,2020,4
34341,WATERMELON SUGAR,HARRY STYLES,93,LW:RE,4,82,2022-04-08,2022,2020,4
35291,INDUSTRY BABY,LIL NAS X & JACK HARLOW,96,LW:RE,3,34,2022-04-08,2022,2020,4
35608,NAIL TECH,JACK HARLOW,66,LW:RE,55,5,2022-04-15,2022,2020,4
35448,OVERPASS GRAFFITI,ED SHEERAN,56,LW:RE,4,16,2022-04-22,2022,2020,4
35673,WHAT YOU CKON,DIGGA D & B-LOVEE,86,LW:RE,46,2,2022-04-22,2022,2020,4
30103,DAMS,FLEETWOOD MAC,94,LW:RE,24,49,2022-04-22,2022,2020,4
17552,IRIS,GOO GOO DOLLS,98,LW:RE,3,93,2022-04-22,2022,2020,4
34178,DANCE MONKEY,TONES & I,100,LW:RE,1,116,2022-04-22,2022,2020,4
29975,GOLD FOVER,WANTED,75,LW:RE,3,11,2022-04-29,2022,2020,4
21929,WITHOUT ME,EMINEM,94,LW:RE,1,20,2022-04-29,2022,2020,4
19729,THE AL SLIM SHADY,EMINEM,97,LW:RE,1,18,2022-04-29,2022,2020,4
35581,TO THE MOON,JNR CHOI & SAM TOMPKINS,68,LW:RE,48,12,2022-05-06,2022,2020,5
35674,NICE & GOOD,KNUCKS & SL,83,LW:RE,51,5,2022-05-13,2022,2020,5
35389,WILDEST DAMS (TAYLOR'S VERSION),TAYLOR SWIFT,87,LW:RE,25,7,2022-05-13,2022,2020,5
35637,MY LOVE,FLORENCE & THE MACHINE,64,LW:RE,51,8,2022-05-20,2022,2020,5
17552,IRIS,GOO GOO DOLLS,85,LW:RE,3,97,2022-05-27,2022,2020,5
2448,RUNNING UP THAT HILL,KATE BUSH,8,LW:RE,3,18,2022-06-03,2022,2020,6
35586,EVERYTHING'S ELECTRIC,LIAM GALLAGHER,73,LW:RE,18,6,2022-06-03,2022,2020,6
35665,EVERYTHING BUT YOU,CLEAN BANDIT FT A7S,90,LW:RE,55,8,2022-06-03,2022,2020,6
35518,WYD NOW,SADIE JEAN,93,LW:RE,81,9,2022-06-03,2022,2020,6
35696,HEAVEN TAKES YOU HOME,SWEDISH HOUSE MAFIA/CONNIE,97,LW:RE,93,2,2022-06-03,2022,2020,6
21964,GOD SAVE THE QUEEN,SEX PISTOLS,57,LW:RE,2,15,2022-06-10,2022,2020,6
33436,SHOTGUN,GEORGE EZRA,75,LW:RE,1,123,2022-06-10,2022,2020,6
27319,DON'T STOP ME NOW,QUEEN,86,LW:RE,9,52,2022-06-10,2022,2020,6
65,PASS THE DUTCHIE,MUSICAL YOUTH,89,LW:RE,1,15,2022-06-10,2022,2020,6
33446,ONE KISS,CALVIN HARRIS & DUA LIPA,97,LW:RE,1,54,2022-06-10,2022,2020,6
13820,WONDERWALL,OASIS,99,LW:RE,2,86,2022-06-10,2022,2020,6
35696,HEAVEN TAKES YOU HOME,SWEDISH HOUSE MAFIA/CONNIE,90,LW:RE,90,3,2022-06-17,2022,2020,6
35301,HAPPIER THAN EVER,BILLIE EILISH,93,LW:RE,4,28,2022-06-17,2022,2020,6
35719,MAYBE YOU' THE PROBLEM,AVA MAX,98,LW:RE,83,5,2022-06-17,2022,2020,6
33791,SOMEONE YOU LOVED,LEWIS CAPALDI,100,LW:RE,1,164,2022-06-17,2022,2020,6
29185,BOHEMIAN RHAPSODY,QUEEN,95,LW:RE,1,48,2022-06-24,2022,2020,6
27319,DON'T STOP ME NOW,QUEEN,96,LW:RE,9,53,2022-06-24,2022,2020,6
33791,SOMEONE YOU LOVED,LEWIS CAPALDI,92,LW:RE,1,165,2022-07-01,2022,2020,7
35687,CHAISE LONGUE,WET LEG,97,LW:RE,74,4,2022-07-01,2022,2020,7
35749,THROUGH THE ECHOES,PAOLO NUTINI,46,LW:RE,46,3,2022-07-08,2022,2020,7
35425,EASY ON ME,ADELE,84,LW:RE,1,36,2022-07-08,2022,2020,7
25900,HATE IT OR LOVE IT,GAME FT 50 CENT,85,LW:RE,4,22,2022-07-08,2022,2020,7
35719,MAYBE YOU' THE PROBLEM,AVA MAX,90,LW:RE,83,7,2022-07-15,2022,2020,7
31480,RIPTIDE,VANCE JOY,100,LW:RE,10,88,2022-07-15,2022,2020,7
35240,MEMBER,BECKY HILL & DAVID GUETTA,31,LW:RE,3,44,2022-07-22,2022,2020,7
35690,ALL FOR YOU,CIAN DUCROT,45,LW:RE,45,10,2022-07-22,2022,2020,7
35784,LONELY HEART,JAX JONES/SOLVEIG/GRACEY,88,LW:RE,70,4,2022-07-22,2022,2020,7
35706,DON'T STOP JUST YET,BELTERS ONLY FT JAZZY,98,LW:RE,84,10,2022-07-22,2022,2020,7
30932,ANOTHER LOVE,TOM ODELL,98,LW:RE,10,56,2022-07-29,2022,2020,7
33791,SOMEONE YOU LOVED,LEWIS CAPALDI,100,LW:RE,1,168,2022-07-29,2022,2020,7
19731,YELLOW,COLDPLAY,72,LW:RE,4,25,2022-08-19,2022,2020,8
35839,DEEP DOWN,ALOK/ELLA EYRE/KENNY DOPE,73,LW:RE,73,3,2022-08-19,2022,2020,8
33446,ONE KISS,CALVIN HARRIS & DUA LIPA,82,LW:RE,1,63,2022-08-19,2022,2020,8
34763,LEVITATING,DUA LIPA,98,LW:RE,5,96,2022-08-19,2022,2020,8
30932,ANOTHER LOVE,TOM ODELL,70,LW:RE,10,58,2022-08-26,2022,2020,8
28353,VIVA LA VIDA,COLDPLAY,76,LW:RE,1,69,2022-08-26,2022,2020,8
31712,A SKY FULL OF STARS,COLDPLAY,80,LW:RE,9,45,2022-08-26,2022,2020,8
35849,WORLD'S SMALLEST VIOLIN,AJR,98,LW:RE,83,2,2022-08-26,2022,2020,8
27556,505,ARCTIC MONKEYS,99,LW:RE,74,2,2022-08-26,2022,2020,8
31152,DO I WANNA KNOW,ARCTIC MONKEYS,88,LW:RE,11,66,2022-09-02,2022,2020,9
35849,WORLD'S SMALLEST VIOLIN,AJR,88,LW:RE,83,3,2022-09-09,2022,2020,9
33791,SOMEONE YOU LOVED,LEWIS CAPALDI,93,LW:RE,1,169,2022-09-09,2022,2020,9
35858,AUGUST,TAYLOR SWIFT,96,LW:RE,78,2,2022-09-09,2022,2020,9
35641,BONES,IMAGINE DRAGONS,100,LW:RE,84,3,2022-09-09,2022,2020,9
35861,MURDER IN MY MIND,KORDHELL,93,LW:RE,83,6,2022-09-16,2022,2020,9
31584,SWEATER WEATHER,NEIGHBOURHOOD,96,LW:RE,49,11,2022-09-16,2022,2020,9
35883,TERMINATOR,ASAKE,100,LW:RE,82,2,2022-09-16,2022,2020,9
35878,X&Y,CAITY BASER,81,LW:RE,77,4,2022-09-23,2022,2020,9
35762,UNTIL I FOUND YOU,STEPHEN SANCHEZ,100,LW:RE,81,5,2022-09-23,2022,2020,9
31207,SUMMERTIME SADNESS,LANA DEL REY,50,LW:RE,4,51,2022-10-07,2022,2020,10
28755,GANGSTA'S PARADISE,COOLIO FT LV,55,LW:RE,1,35,2022-10-07,2022,2020,10
31657,ONLY LOVE CAN HURT LIKE THIS,PALOMA FAITH,63,LW:RE,6,49,2022-10-07,2022,2020,10
35762,UNTIL I FOUND YOU,STEPHEN SANCHEZ,94,LW:RE,81,6,2022-10-07,2022,2020,10
34368,BLINDING LIGHTS,WEEKND,97,LW:RE,1,137,2022-10-07,2022,2020,10
34974,SAVE YOUR TEARS,WEEKND,99,LW:RE,2,86,2022-10-07,2022,2020,10
35843,TV,BILLIE EILISH,77,LW:RE,23,7,2022-10-14,2022,2020,10
31152,DO I WANNA KNOW,ARCTIC MONKEYS,83,LW:RE,11,71,2022-10-14,2022,2020,10
35878,X&Y,CAITY BASER,89,LW:RE,77,6,2022-10-14,2022,2020,10
35894,I'M IN LOVE WITH YOU,1975,34,LW:RE,29,5,2022-10-21,2022,2020,10
35867,HAPPINESS,1975,49,LW:RE,46,6,2022-10-21,2022,2020,10
35886,THE'D BETTER BE A MIRRORBALL,ARCTIC MONKEYS,25,LW:RE,25,7,2022-10-28,2022,2020,10
35937,GOLDEN HOUR,JVKE,58,LW:RE,58,3,2022-10-28,2022,2020,10
35240,MEMBER,BECKY HILL & DAVID GUETTA,96,LW:RE,3,56,2022-10-28,2022,2020,10
35903,LA LEAKERS FESTYLE,CENTRAL CEE,97,LW:RE,40,6,2022-10-28,2022,2020,10
28353,VIVA LA VIDA,COLDPLAY,98,LW:RE,1,71,2022-10-28,2022,2020,10
35848,BAD MEMORIES,MEDUZA/JAMES CARTER/DUHE,99,LW:RE,80,13,2022-10-28,2022,2020,10
27975,GHOSTBUSTERS,RAY PARKER JR,32,LW:RE,2,45,2022-11-04,2022,2020,11
27977,MONSTER MASH,BOBBY BORIS PICKETT,38,LW:RE,38,11,2022-11-04,2022,2020,11
929,THRILLER,MICHAEL JACKSON,41,LW:RE,10,58,2022-11-04,2022,2020,11
35754,MUSIC FOR A SUSHI STAURANT,HARRY STYLES,48,LW:RE,3,12,2022-11-04,2022,2020,11
1104,SOMEBODY'S WATCHING ME,ROCKWELL,68,LW:RE,47,3,2022-11-04,2022,2020,11
34368,BLINDING LIGHTS,WEEKND,88,LW:RE,1,138,2022-11-04,2022,2020,11
35491,I DRINK WINE,ADELE,94,LW:RE,4,17,2022-11-04,2022,2020,11
35457,TIME WARP,RICHARD O'BRIEN/PATRICIA QUINN,95,LW:RE,78,2,2022-11-04,2022,2020,11
35788,GLIMPSE OF US,JOJI,34,LW:RE,12,15,2022-11-11,2022,2020,11
25880,MOCKINGBIRD,EMINEM,48,LW:RE,4,15,2022-11-11,2022,2020,11
12556,ALL I WANT FOR CHRISTMAS IS YOU,MARIAH CAREY,56,LW:RE,1,116,2022-11-11,2022,2020,11
28036,LAST CHRISTMAS,WHAM,71,LW:RE,1,81,2022-11-11,2022,2020,11
32812,DIE FOR YOU,WEEKND,77,LW:RE,74,2,2022-11-11,2022,2020,11
35869,MATILDA,HARRY STYLES,86,LW:RE,37,13,2022-11-11,2022,2020,11
35240,MEMBER,BECKY HILL & DAVID GUETTA,87,LW:RE,3,57,2022-11-11,2022,2020,11
35963,ABOUT YOU,1975,96,LW:RE,62,2,2022-11-11,2022,2020,11
35828,SNAP,ROSA LINN,98,LW:RE,21,17,2022-11-11,2022,2020,11
28089,ROCKIN' AROUND THE CHRISTMAS TE,BRENDA LEE,92,LW:RE,5,60,2022-11-18,2022,2020,11
21996,3 LIONS,BADDIEL/SKINNER/LIGHTNING SEED,20,LW:RE,1,51,2022-11-25,2022,2020,11
35507,MERRY CHRISTMAS,ED SHEERAN & ELTON JOHN,40,LW:RE,1,5,2022-11-25,2022,2020,11
30386,IT'S BEGINNING TO LOOK A LOT LIKE,MICHAEL BUBLE,49,LW:RE,7,48,2022-11-25,2022,2020,11
2738,MERRY CHRISTMAS EVERYONE,SHAKIN' STEVENS,54,LW:RE,1,85,2022-11-25,2022,2020,11
32002,SANTA TELL ME,ARIANA GRANDE,55,LW:RE,11,30,2022-11-25,2022,2020,11
26511,FAIRYTALE OF NEW YORK,POGUES FT KIRSTY MACCOLL,57,LW:RE,2,114,2022-11-25,2022,2020,11
31468,UNDERNEATH THE TE,KELLY CLARKSON,62,LW:RE,15,32,2022-11-25,2022,2020,11
28049,DO THEY KNOW IT'S CHRISTMAS,BAND AID,63,LW:RE,1,94,2022-11-25,2022,2020,11
32838,JINGLE BELL ROCK,BOBBY HELMS,69,LW:RE,16,22,2022-11-25,2022,2020,11
4774,DRIVING HOME FOR CHRISTMAS,CHRIS REA,76,LW:RE,10,69,2022-11-25,2022,2020,11
28035,IT'S THE MOST WONDERFUL TIME OF THE YEAR,ANDY WILLIAMS,82,LW:RE,9,48,2022-11-25,2022,2020,11
30384,STEP INTO CHRISTMAS,ELTON JOHN,84,LW:RE,8,52,2022-11-25,2022,2020,11
28060,WONDERFUL CHRISTMASTIME,PAUL MCCARTNEY,96,LW:RE,6,44,2022-11-25,2022,2020,11
28041,I WISH IT COULD BE CHRISTMAS EVERYDAY,WIZZARD,53,LW:RE,10,70,2022-12-02,2022,2020,12
31463,ONE MO SLEEP,LEONA LEWIS,57,LW:RE,3,35,2022-12-02,2022,2020,12
32029,HOLLY JOLLY CHRISTMAS,MICHAEL BUBLE,60,LW:RE,24,26,2022-12-02,2022,2020,12
28066,LET IT SNOW LET IT SNOW LET IT SNOW,DEAN MARTIN,61,LW:RE,27,30,2022-12-02,2022,2020,12
72,MERRY XMAS EVERYBODY,SLADE,63,LW:RE,1,110,2022-12-02,2022,2020,12
34956,SNOWMAN,SIA,65,LW:RE,35,8,2022-12-02,2022,2020,12
31492,SLEIGH RIDE,RONETTES,66,LW:RE,23,21,2022-12-02,2022,2020,12
28054,HAPPY XMAS (WAR IS OVER),JOHN & YOKO/PLASTIC ONO BAND,68,LW:RE,18,50,2022-12-02,2022,2020,12
32841,FELIZ NAVIDAD,JOSE FELICIANO,70,LW:RE,25,16,2022-12-02,2022,2020,12
30309,MISTLETOE,JUSTIN BIEBER,71,LW:RE,21,34,2022-12-02,2022,2020,12
35503,SANTA CAN'T YOU HEAR ME,KELLY CLARKSON & ARIANA GRANDE,80,LW:RE,37,6,2022-12-02,2022,2020,12
28325,SWEET CAROLINE,NEIL DIAMOND,89,LW:RE,8,22,2022-12-02,2022,2020,12
32839,CHRISTMAS (BABY PLEASE COME HOME),DARLENE LOVE,92,LW:RE,22,19,2022-12-02,2022,2020,12
32843,LET IT SNOW LET IT SNOW LET IT SNOW,FRANK SINATRA,56,LW:RE,39,14,2022-12-09,2022,2020,12
28076,STOP THE CAVALRY,JONA LEWIE,59,LW:RE,3,33,2022-12-09,2022,2020,12
29234,CHRISTMAS LIGHTS,COLDPLAY,64,LW:RE,13,40,2022-12-09,2022,2020,12
33314,SANTA CLAUS IS COMING TO TOWN,MICHAEL JACKSON & JACKSON FIVE,66,LW:RE,30,16,2022-12-09,2022,2020,12
16743,WHITE CHRISTMAS,BING CROSBY,67,LW:RE,5,45,2022-12-09,2022,2020,12
9115,THE CHRISTMAS SONG,NAT KING COLE,71,LW:RE,51,19,2022-12-09,2022,2020,12
35515,LET IT SNOW,MICHAEL BUBLE,78,LW:RE,67,2,2022-12-09,2022,2020,12
32458,LONELY THIS CHRISTMAS,MUD,80,LW:RE,1,29,2022-12-09,2022,2020,12
28081,SANTA BABY,KYLIE MINOGUE,82,LW:RE,31,28,2022-12-09,2022,2020,12
28075,IT'S BEGINNING TO LOOK A LOT LIKE,PERRY COMO,85,LW:RE,47,19,2022-12-09,2022,2020,12
28062,MARY'S BOY CHILD/OH MY LORD,BONEY M,89,LW:RE,26,28,2022-12-09,2022,2020,12
28079,SANTA BABY,EARTHA KITT,91,LW:RE,55,15,2022-12-09,2022,2020,12
13955,2000 MILES,PRETENDERS,92,LW:RE,15,31,2022-12-09,2022,2020,12
35521,CHRISTMAS WITHOUT YOU,AVA MAX,95,LW:RE,89,3,2022-12-09,2022,2020,12
32840,BLUE CHRISTMAS,ELVIS PRESLEY,99,LW:RE,11,18,2022-12-09,2022,2020,12
34937,OH SANTA,MARIAH CAREY/A GRANDE/J HUDSON,90,LW:RE,67,5,2022-12-16,2022,2020,12
35523,MY ONLY WISH (THIS YEAR),BRITNEY SPEARS,96,LW:RE,82,3,2022-12-16,2022,2020,12
33834,RUN RUDOLPH RUN,CHUCK BERRY,97,LW:RE,67,7,2022-12-16,2022,2020,12
34939,CUDDLE UP COZY DOWN CHRISTMAS,DOLLY PARTON & MICHAEL BUBLE,89,LW:RE,66,6,2022-12-23,2022,2020,12
28078,SANTA CLAUS IS COMIN' TO TOWN,BRUCE SPRINGSTEEN,92,LW:RE,48,10,2022-12-23,2022,2020,12
33838,HAVE YOURSELF A MERRY LITTLE CHRISTMAS,FRANK SINATRA,93,LW:RE,93,3,2022-12-23,2022,2020,12
35993,I'LL BE WAITING,CIAN DUCROT,97,LW:RE,80,4,2022-12-23,2022,2020,12
4687,MISTLETOE AND WINE,CLIFF RICHARD,71,LW:RE,1,20,2022-12-30,2023,2020,12
34960,WHAT CHRISTMAS MEANS TO ME,STEVIE WONDER,72,LW:RE,72,3,2022-12-30,2023,2020,12
32844,CHRISTMAS WRAPPING,WAITRESSES,73,LW:RE,45,14,2022-12-30,2023,2020,12
12530,STAY ANOTHER DAY,EAST 17,77,LW:RE,1,53,2022-12-30,2023,2020,12
1866,THANK GOD IT'S CHRISTMAS,QUEEN,79,LW:RE,79,3,2022-12-30,2023,2020,12
28079,SANTA BABY,EARTHA KITT,81,LW:RE,55,17,2022-12-30,2023,2020,12
35497,COME ON HOME FOR CHRISTMAS,GEORGE EZRA,83,LW:RE,8,7,2022-12-30,2023,2020,12
32015,HAVE YOURSELF A MERRY LITTLE CHRISTMAS,SAM SMITH,90,LW:RE,53,12,2022-12-30,2023,2020,12
24076,CHRISTMAS TIME (DON'T LET THE BELLS END),DARKNESS,93,LW:RE,2,35,2022-12-30,2023,2020,12
73,I BELIEVE IN FATHER CHRISTMAS,GREG LAKE,95,LW:RE,2,20,2022-12-30,2023,2020,12
34957,I NEED YOU CHRISTMAS,JONAS BROTHERS,97,LW:RE,86,3,2022-12-30,2023,2020,12
33300,SANTA'S COMING FOR US,SIA,100,LW:RE,17,18,2022-12-30,2023,2020,12
30932,ANOTHER LOVE,TOM ODELL,10,LW:RE,10,76,2023-01-06,2023,2020,1
35943,HIDE & SEEK,STORMZY,17,LW:RE,7,11,2023-01-06,2023,2020,1
35896,KISS ME,DERMOT KENNEDY,20,LW:RE,15,16,2023-01-06,2023,2020,1
35962,LIONHEART (FEARLESS),JOEL CORRY & TOM GRENNAN,21,LW:RE,21,10,2023-01-06,2023,2020,1
35762,UNTIL I FOUND YOU,STEPHEN SANCHEZ,28,LW:RE,28,18,2023-01-06,2023,2020,1
35779,I AIN'T WORRIED,ONEREPUBLIC,30,LW:RE,3,31,2023-01-06,2023,2020,1
35851,B.O.T.A. (BADDEST OF THEM ALL),ELIZA ROSE/INTERPLANETARY,31,LW:RE,1,23,2023-01-06,2023,2020,1
35776,AFRAID TO FEEL,LF SYSTEM,34,LW:RE,1,29,2023-01-06,2023,2020,1
35690,ALL FOR YOU,CIAN DUCROT,35,LW:RE,19,31,2023-01-06,2023,2020,1
35938,GHOST OF YOU,MIMI WEBB,36,LW:RE,23,12,2023-01-06,2023,2020,1
35853,CUFF IT,BEYONCE,37,LW:RE,5,22,2023-01-06,2023,2020,1
35964,JUST WANNA ROCK,LIL UZI VERT,38,LW:RE,38,10,2023-01-06,2023,2020,1
35993,I'LL BE WAITING,CIAN DUCROT,39,LW:RE,39,5,2023-01-06,2023,2020,1
36003,THE COLOR VIOLET,TORY LANEZ,41,LW:RE,41,3,2023-01-06,2023,2020,1
35847,UNDER THE INFLUENCE,CHRIS BROWN,42,LW:RE,7,23,2023-01-06,2023,2020,1
35375,SHIVERS,ED SHEERAN,43,LW:RE,1,63,2023-01-06,2023,2020,1
35246,BAD HABITS,ED SHEERAN,44,LW:RE,1,73,2023-01-06,2023,2020,1
35980,NEVER GONNA NOT DANCE AGAIN,PINK,46,LW:RE,46,5,2023-01-06,2023,2020,1
35994,SHUT UP MY MOMS CALLING,HOTEL UGLY,47,LW:RE,47,2,2023-01-06,2023,2020,1
32812,DIE FOR YOU,WEEKND,48,LW:RE,48,8,2023-01-06,2023,2020,1
36010,SUPERHERO (HEROES & VILLAINS),METRO BOOMIN/FUTURE/BROWN,49,LW:RE,39,4,2023-01-06,2023,2020,1
36014,BOY'S A LIAR,PINKPANTHERESS,50,LW:RE,50,3,2023-01-06,2023,2020,1
35829,BAD HABIT,STEVE LACY,51,LW:RE,8,24,2023-01-06,2023,2020,1
35747,LAST LAST,BURNA BOY,53,LW:RE,4,31,2023-01-06,2023,2020,1
24702,MR BRIGHTSIDE,KILLERS,54,LW:RE,10,343,2023-01-06,2023,2020,1
2448,RUNNING UP THAT HILL,KATE BUSH,55,LW:RE,1,46,2023-01-06,2023,2020,1
36006,SPIT IN MY FACE,THXSOMCH,56,LW:RE,56,2,2023-01-06,2023,2020,1
36034,KU LO SA,OXLADE,57,LW:RE,24,16,2023-01-06,2023,2020,1
35928,CELESTIAL,ED SHEERAN,58,LW:RE,6,11,2023-01-06,2023,2020,1
35754,MUSIC FOR A SUSHI STAURANT,HARRY STYLES,59,LW:RE,3,17,2023-01-06,2023,2020,1
35982,MOVING ALL AROUND (JUMPIN'),SCHAK FT KIM ENGLISH,60,LW:RE,46,7,2023-01-06,2023,2020,1
35700,GEN GEN GRASS,GEORGE EZRA,61,LW:RE,3,32,2023-01-06,2023,2020,1
35557,GO,CAT BURNS,62,LW:RE,2,47,2023-01-06,2023,2020,1
34866,HEAT WAVES,GLASS ANIMALS,64,LW:RE,5,108,2023-01-06,2023,2020,1
35680,CRAZY WHAT LOVE CAN DO,DAVID GUETTA/HILL/HENDERSON,66,LW:RE,5,34,2023-01-06,2023,2020,1
36007,HE WITH ME,D4VD,67,LW:RE,67,2,2023-01-06,2023,2020,1
35989,ALONE,BURNA BOY,69,LW:RE,28,6,2023-01-06,2023,2020,1
30458,I WANNA DANCE WITH SOMEBODY,WHITNEY HOUSTON,70,LW:RE,1,20,2023-01-06,2023,2020,1
35965,DELILAH (PULL ME OUT OF THIS),FRED AGAIN,72,LW:RE,35,5,2023-01-06,2023,2020,1
35842,DOJA,CENTRAL CEE,74,LW:RE,2,18,2023-01-06,2023,2020,1
35693,ABOUT DAMN TIME,LIZZO,75,LW:RE,3,30,2023-01-06,2023,2020,1
35276,SEVENTEEN GOING UNDER,SAM FENDER,76,LW:RE,3,71,2023-01-06,2023,2020,1
34368,BLINDING LIGHTS,WEEKND,78,LW:RE,1,139,2023-01-06,2023,2020,1
35873,VICTORIA'S SECT,JAX,79,LW:RE,33,18,2023-01-06,2023,2020,1
35963,ABOUT YOU,1975,80,LW:RE,62,6,2023-01-06,2023,2020,1
35327,COLD HEART,ELTON JOHN & DUA LIPA,81,LW:RE,1,62,2023-01-06,2023,2020,1
35813,BIG CITY LIFE,LUUDE & MATTAFIX,82,LW:RE,8,24,2023-01-06,2023,2020,1
33791,SOMEONE YOU LOVED,LEWIS CAPALDI,84,LW:RE,1,180,2023-01-06,2023,2020,1
5027,EVERYWHE,FLEETWOOD MAC,85,LW:RE,4,17,2023-01-06,2023,2020,1
31584,SWEATER WEATHER,NEIGHBOURHOOD,86,LW:RE,49,23,2023-01-06,2023,2020,1
34974,SAVE YOUR TEARS,WEEKND,87,LW:RE,2,88,2023-01-06,2023,2020,1
35240,MEMBER,BECKY HILL & DAVID GUETTA,89,LW:RE,3,59,2023-01-06,2023,2020,1
35792,FERRARI,JAMES HYPE/MIGGY DELA ROSA,90,LW:RE,6,24,2023-01-06,2023,2020,1
35838,2 BE LOVED (AM I ADY),LIZZO,91,LW:RE,16,21,2023-01-06,2023,2020,1
28353,VIVA LA VIDA,COLDPLAY,94,LW:RE,1,72,2023-01-06,2023,2020,1
35753,LATE NIGHT TALKING,HARRY STYLES,95,LW:RE,2,25,2023-01-06,2023,2020,1
35944,ONE UP,CENTRAL CEE,96,LW:RE,17,8,2023-01-06,2023,2020,1
35798,BAK MY SOUL,BEYONCE,97,LW:RE,2,22,2023-01-06,2023,2020,1
35425,EASY ON ME,ADELE,98,LW:RE,1,37,2023-01-06,2023,2020,1
35941,MISS YOU,SOUTHSTAR,99,LW:RE,23,9,2023-01-06,2023,2020,1
35972,SWEET LIES,NATHAN DAWE & TALIA MAR,100,LW:RE,61,5,2023-01-06,2023,2020,1
31152,DO I WANNA KNOW,ARCTIC MONKEYS,98,LW:RE,11,72,2023-01-13,2023,2020,1
35708,WAIT FOR U,FUTURE FT DRAKE & TEMS,99,LW:RE,8,27,2023-01-13,2023,2020,1
35958,LAVENDER HAZE,TAYLOR SWIFT,43,LW:RE,3,10,2023-01-20,2023,2020,1
30458,I WANNA DANCE WITH SOMEBODY,WHITNEY HOUSTON,71,LW:RE,1,21,2023-01-20,2023,2020,1
31480,RIPTIDE,VANCE JOY,90,LW:RE,10,90,2023-01-20,2023,2020,1
35946,OH CAROLINE,1975,95,LW:RE,29,4,2023-01-20,2023,2020,1
33707,SHALLOW,LADY GAGA & BRADLEY COOPER,100,LW:RE,1,116,2023-01-20,2023,2020,1
28353,VIVA LA VIDA,COLDPLAY,98,LW:RE,1,74,2023-01-27,2023,2020,1
35271,STAY,KID LAROI & JUSTIN BIEBER,37,LW:RE,2,59,2023-02-03,2023,2020,2
36019,NOBODY GETS ME,SZA,62,LW:RE,27,8,2023-02-10,2023,2020,2
34866,HEAT WAVES,GLASS ANIMALS,94,LW:RE,5,112,2023-02-10,2023,2020,2
35425,EASY ON ME,ADELE,97,LW:RE,1,39,2023-02-10,2023,2020,2
34368,BLINDING LIGHTS,WEEKND,99,LW:RE,1,141,2023-02-10,2023,2020,2
30976,WHEN I WAS YOUR MAN,BRUNO MARS,50,LW:RE,2,38,2023-02-17,2023,2020,2
35687,CHAISE LONGUE,WET LEG,82,LW:RE,74,5,2023-02-17,2023,2020,2
35753,LATE NIGHT TALKING,HARRY STYLES,84,LW:RE,2,27,2023-02-17,2023,2020,2
35933,THIS IS WHY,PARAMORE,89,LW:RE,61,3,2023-02-17,2023,2020,2
35838,2 BE LOVED (AM I ADY),LIZZO,93,LW:RE,16,23,2023-02-17,2023,2020,2
35693,ABOUT DAMN TIME,LIZZO,97,LW:RE,3,31,2023-02-17,2023,2020,2
32929,PERFECT,ED SHEERAN,98,LW:RE,1,188,2023-02-17,2023,2020,2
34866,HEAT WAVES,GLASS ANIMALS,97,LW:RE,5,113,2023-02-24,2023,2020,2
35747,LAST LAST,BURNA BOY,98,LW:RE,4,37,2023-02-24,2023,2020,2
34368,BLINDING LIGHTS,WEEKND,100,LW:RE,1,142,2023-02-24,2023,2020,2
36064,DAT WAY,KREPT & KONAN FT ABRA CADABRA,85,LW:RE,80,2,2023-03-03,2023,2020,3
35897,NEW GOLD,GORILLAZ FT TAME IMPALA,89,LW:RE,56,3,2023-03-03,2023,2020,3
32733,STARBOY,WEEKND FT DAFT PUNK,93,LW:RE,2,39,2023-03-03,2023,2020,3
31480,RIPTIDE,VANCE JOY,100,LW:RE,10,91,2023-03-03,2023,2020,3
32929,PERFECT,ED SHEERAN,97,LW:RE,1,189,2023-03-10,2023,2020,3
2448,RUNNING UP THAT HILL,KATE BUSH,98,LW:RE,1,52,2023-03-10,2023,2020,3
36043,BEL MERCY,JENGI,100,LW:RE,72,9,2023-03-10,2023,2020,3
35838,2 BE LOVED (AM I ADY),LIZZO,98,LW:RE,16,24,2023-03-17,2023,2020,3
5027,EVERYWHE,FLEETWOOD MAC,91,LW:RE,4,18,2023-03-24,2023,2020,3
31852,TAKE ME TO CHURCH,HOZIER,94,LW:RE,2,87,2023-03-24,2023,2020,3
30103,DAMS,FLEETWOOD MAC,99,LW:RE,24,50,2023-03-24,2023,2020,3
36098,A&W,LANA DEL REY,45,LW:RE,41,3,2023-03-31,2023,2020,3
33791,SOMEONE YOU LOVED,LEWIS CAPALDI,65,LW:RE,1,191,2023-03-31,2023,2020,3
36139,DEATH,MELANIE MARTINEZ,85,LW:RE,67,2,2023-04-07,2023,2020,4
34368,BLINDING LIGHTS,WEEKND,89,LW:RE,1,143,2023-04-07,2023,2020,4
2106,EVERYBODY WANTS TO RULE THE WORLD,TEARS FOR FEARS,91,LW:RE,86,9,2023-04-07,2023,2020,4
30103,DAMS,FLEETWOOD MAC,93,LW:RE,24,51,2023-04-07,2023,2020,4
35276,SEVENTEEN GOING UNDER,SAM FENDER,96,LW:RE,3,82,2023-04-07,2023,2020,4
35327,COLD HEART,ELTON JOHN & DUA LIPA,98,LW:RE,1,64,2023-04-07,2023,2020,4
36009,POINTLESS,LEWIS CAPALDI,17,LW:RE,1,17,2023-04-14,2023,2020,4
36103,LOW,SZA,85,LW:RE,78,5,2023-04-21,2023,2020,4
36041,TOO MANY NIGHTS,METRO BOOMIN/FUTURE/TOLIVER,91,LW:RE,84,4,2023-04-21,2023,2020,4
36097,GLUE SONG,BEABADOOBEE,92,LW:RE,38,5,2023-04-28,2023,2020,4
36131,LOVERS ROCK,TV GIRL,99,LW:RE,84,5,2023-04-28,2023,2020,4
19817,MARIA MARIA,SANTANA FT THE PRODUCT G&B,51,LW:RE,6,10,2023-05-05,2023,2020,5
35375,SHIVERS,ED SHEERAN,75,LW:RE,1,79,2023-05-05,2023,2020,5
30103,DAMS,FLEETWOOD MAC,92,LW:RE,24,54,2023-05-05,2023,2020,5
36126,I WROTE A SONG,MAE MULLER,97,LW:RE,30,4,2023-05-05,2023,2020,5
29892,SOMEONE LIKE YOU,ADELE,99,LW:RE,1,85,2023-05-05,2023,2020,5
36086,GIVE IT TO ME,MATT SASSARI,100,LW:RE,96,2,2023-05-05,2023,2020,5
36194,BOAT,ED SHEERAN,15,LW:RE,15,2,2023-05-12,2023,2020,5
28643,DOG DAYS A OVER,FLORENCE & THE MACHINE,27,LW:RE,23,48,2023-05-12,2023,2020,5
35853,CUFF IT,BEYONCE,24,LW:RE,5,39,2023-05-19,2023,2020,5
10970,CEP,RADIOHEAD,41,LW:RE,7,28,2023-05-19,2023,2020,5
33791,SOMEONE YOU LOVED,LEWIS CAPALDI,75,LW:RE,1,193,2023-05-19,2023,2020,5
36086,GIVE IT TO ME,MATT SASSARI,100,LW:RE,96,3,2023-05-19,2023,2020,5
35753,LATE NIGHT TALKING,HARRY STYLES,37,LW:RE,2,28,2023-05-26,2023,2020,5
36134,HOW I'M FEELING NOW,LEWIS CAPALDI,48,LW:RE,24,5,2023-05-26,2023,2020,5
36215,HOW DOES IT FEEL,TOM GRENNAN,83,LW:RE,83,2,2023-05-26,2023,2020,5
31480,RIPTIDE,VANCE JOY,88,LW:RE,10,102,2023-05-26,2023,2020,5
36176,UNAVAILABLE,DAVIDO FT MUSA KEYS,89,LW:RE,60,5,2023-05-26,2023,2020,5
5027,EVERYWHE,FLEETWOOD MAC,95,LW:RE,4,26,2023-05-26,2023,2020,5
36213,FAVORITE SONG,TOOSII,96,LW:RE,87,2,2023-05-26,2023,2020,5
2106,EVERYBODY WANTS TO RULE THE WORLD,TEARS FOR FEARS,98,LW:RE,86,15,2023-05-26,2023,2020,5
36133,EAT YOUR YOUNG,HOZIER,99,LW:RE,22,9,2023-05-26,2023,2020,5
35762,UNTIL I FOUND YOU,STEPHEN SANCHEZ,100,LW:RE,16,37,2023-05-26,2023,2020,5
35959,SNOW ON THE BEACH,TAYLOR SWIFT FT LANA DEL REY,24,LW:RE,4,9,2023-06-02,2023,2020,6
1434,WHAT'S LOVE GOT TO DO WITH IT,TINA TURNER,35,LW:RE,3,17,2023-06-02,2023,2020,6
29734,PROUD MARY,TINA TURNER,44,LW:RE,44,2,2023-06-02,2023,2020,6
35902,FORGET ME,LEWIS CAPALDI,62,LW:RE,1,37,2023-06-02,2023,2020,6
28353,VIVA LA VIDA,COLDPLAY,96,LW:RE,1,90,2023-06-02,2023,2020,6
35957,ANTI-HERO,TAYLOR SWIFT,49,LW:RE,1,32,2023-06-09,2023,2020,6
35246,BAD HABITS,ED SHEERAN,85,LW:RE,1,91,2023-06-09,2023,2020,6
31152,DO I WANNA KNOW,ARCTIC MONKEYS,92,LW:RE,11,74,2023-06-09,2023,2020,6
19731,YELLOW,COLDPLAY,97,LW:RE,4,32,2023-06-09,2023,2020,6
35276,SEVENTEEN GOING UNDER,SAM FENDER,29,LW:RE,3,83,2023-06-16,2023,2020,6
5027,EVERYWHE,FLEETWOOD MAC,79,LW:RE,4,28,2023-06-16,2023,2020,6
35959,SNOW ON THE BEACH,TAYLOR SWIFT FT LANA DEL REY,80,LW:RE,4,10,2023-06-16,2023,2020,6
36200,MELTDOWN,NIALL HORAN,84,LW:RE,62,3,2023-06-16,2023,2020,6
36247,VOODOO,GORGON CITY,91,LW:RE,87,2,2023-06-16,2023,2020,6
31480,RIPTIDE,VANCE JOY,98,LW:RE,10,104,2023-06-16,2023,2020,6
33742,SUNFLOWER,POST MALONE FT SWAE LEE,99,LW:RE,3,67,2023-06-16,2023,2020,6
33791,SOMEONE YOU LOVED,LEWIS CAPALDI,100,LW:RE,1,194,2023-06-16,2023,2020,6
34203,CRUEL SUMMER,TAYLOR SWIFT,28,LW:RE,27,2,2023-06-23,2023,2020,6
36264,BAD & BUTTER,GUNNA,77,LW:RE,63,2,2023-06-23,2023,2020,6
27556,505,ARCTIC MONKEYS,91,LW:RE,73,11,2023-06-23,2023,2020,6
2106,EVERYBODY WANTS TO RULE THE WORLD,TEARS FOR FEARS,95,LW:RE,86,17,2023-06-23,2023,2020,6
35375,SHIVERS,ED SHEERAN,100,LW:RE,1,80,2023-06-23,2023,2020,6
35762,UNTIL I FOUND YOU,STEPHEN SANCHEZ,14,LW:RE,14,38,2023-06-30,2023,2020,6
35327,COLD HEART,ELTON JOHN & DUA LIPA,30,LW:RE,1,66,2023-06-30,2023,2020,6
5440,SWEET CHILD O' MINE,GUNS N' ROSES,40,LW:RE,24,31,2023-06-30,2023,2020,6
27555,FLUOSCENT ADOLESCENT,ARCTIC MONKEYS,93,LW:RE,5,30,2023-06-30,2023,2020,6
30932,ANOTHER LOVE,TOM ODELL,100,LW:RE,10,98,2023-06-30,2023,2020,6
35375,SHIVERS,ED SHEERAN,100,LW:RE,1,81,2023-07-07,2023,2020,7
34368,BLINDING LIGHTS,WEEKND,81,LW:RE,1,145,2023-07-14,2023,2020,7
36008,CEPIN',METRO BOOMIN/WEEKND/21 SAVAGE,83,LW:RE,7,27,2023-07-14,2023,2020,7
28643,DOG DAYS A OVER,FLORENCE & THE MACHINE,89,LW:RE,21,55,2023-07-14,2023,2020,7
36095,WHISTLE,JAX JONES/CALUM SCOTT,95,LW:RE,14,21,2023-07-14,2023,2020,7
31207,SUMMERTIME SADNESS,LANA DEL REY,97,LW:RE,4,56,2023-07-14,2023,2020,7
35853,CUFF IT,BEYONCE,98,LW:RE,5,46,2023-07-14,2023,2020,7
36186,KARMA,TAYLOR SWIFT,32,LW:RE,12,13,2023-07-21,2023,2020,7
31852,TAKE ME TO CHURCH,HOZIER,99,LW:RE,2,90,2023-07-21,2023,2020,7
36301,SPEED DRIVE (FROM BARBIE THE ALBUM),CHARLI XCX,19,LW:RE,19,3,2023-07-28,2023,2020,7
16440,BARBIE GIRL,AQUA,40,LW:RE,1,28,2023-07-28,2023,2020,7
35957,ANTI-HERO,TAYLOR SWIFT,41,LW:RE,1,37,2023-07-28,2023,2020,7
6906,NOTHING COMPAS 2 U,SINEAD O'CONNOR,45,LW:RE,1,19,2023-07-28,2023,2020,7
36242,MOURNING,POST MALONE,56,LW:RE,35,3,2023-08-04,2023,2020,8
28643,DOG DAYS A OVER,FLORENCE & THE MACHINE,77,LW:RE,21,57,2023-08-11,2023,2020,8
30103,DAMS,FLEETWOOD MAC,90,LW:RE,24,55,2023-08-11,2023,2020,8
30932,ANOTHER LOVE,TOM ODELL,92,LW:RE,10,103,2023-08-11,2023,2020,8
35776,AFRAID TO FEEL,LF SYSTEM,95,LW:RE,1,59,2023-08-11,2023,2020,8
36120,LAST NIGHT,MORGAN WALLEN,96,LW:RE,28,17,2023-08-11,2023,2020,8
28446,SUMMER OF 69,BRYAN ADAMS,98,LW:RE,42,15,2023-08-11,2023,2020,8
35902,FORGET ME,LEWIS CAPALDI,100,LW:RE,1,46,2023-08-11,2023,2020,8
17552,IRIS,GOO GOO DOLLS,97,LW:RE,3,102,2023-08-18,2023,2020,8
35327,COLD HEART,ELTON JOHN & DUA LIPA,99,LW:RE,1,71,2023-08-18,2023,2020,8
34974,SAVE YOUR TEARS,WEEKND,87,LW:RE,2,106,2023-08-25,2023,2020,8
36309,HURTS ME,TORY LANEZ/TRIPPIE REDD,90,LW:RE,90,2,2023-08-25,2023,2020,8
36342,BIG 7,BURNA BOY,95,LW:RE,53,3,2023-08-25,2023,2020,8
31852,TAKE ME TO CHURCH,HOZIER,99,LW:RE,2,91,2023-08-25,2023,2020,8
35276,SEVENTEEN GOING UNDER,SAM FENDER,86,LW:RE,3,88,2023-09-01,2023,2020,9
36311,MOONLIGHT,KALI UCHIS,95,LW:RE,95,4,2023-09-01,2023,2020,9
36120,LAST NIGHT,MORGAN WALLEN,97,LW:RE,28,18,2023-09-01,2023,2020,9
36072,SNOOZE,SZA,47,LW:RE,36,16,2023-09-08,2023,2020,9
31004,POMPEII,BASTILLE,94,LW:RE,2,104,2023-09-08,2023,2020,9
29171,GO YOUR OWN WAY,FLEETWOOD MAC,98,LW:RE,38,13,2023-09-08,2023,2020,9
36375,FROM THE START,LAUFEY,92,LW:RE,92,2,2023-09-15,2023,2020,9
32075,STYLE,TAYLOR SWIFT,93,LW:RE,21,20,2023-09-15,2023,2020,9
35762,UNTIL I FOUND YOU,STEPHEN SANCHEZ,99,LW:RE,14,46,2023-09-15,2023,2020,9
32812,DIE FOR YOU,WEEKND,96,LW:RE,3,44,2023-09-22,2023,2020,9
36105,EVERGEN,RICHY MITCH & THE COAL MINERS,100,LW:RE,88,2,2023-09-22,2023,2020,9
36136,HELL N BACK,BAKAR,49,LW:RE,20,15,2023-09-29,2023,2020,9
36380,DEMONS,DOJA CAT,87,LW:RE,53,2,2023-09-29,2023,2020,9
31852,TAKE ME TO CHURCH,HOZIER,93,LW:RE,2,93,2023-09-29,2023,2020,9
35762,UNTIL I FOUND YOU,STEPHEN SANCHEZ,82,LW:RE,14,47,2023-10-06,2023,2020,10
17552,IRIS,GOO GOO DOLLS,99,LW:RE,3,105,2023-10-06,2023,2020,10
35246,BAD HABITS,ED SHEERAN,98,LW:RE,1,108,2023-10-13,2023,2020,10
31004,POMPEII,BASTILLE,37,LW:RE,2,105,2023-10-20,2023,2020,10
32075,STYLE,TAYLOR SWIFT,73,LW:RE,21,24,2023-10-20,2023,2020,10
12253,ZOMBIE,CRANBERRIES,93,LW:RE,45,6,2023-10-20,2023,2020,10
36152,FAST CAR,LUKE COMBS,99,LW:RE,30,28,2023-10-20,2023,2020,10
36351,BAD IDEA RIGHT,OLIVIA RODRIGO,46,LW:RE,3,10,2023-10-27,2023,2020,10
36441,DANCE WITH ME,BLINK 182,55,LW:RE,55,2,2023-10-27,2023,2020,10
36392,ANGRY,ROLLING STONES,73,LW:RE,34,2,2023-10-27,2023,2020,10
36376,TENSION,KYLIE MINOGUE,91,LW:RE,19,7,2023-10-27,2023,2020,10
13820,WONDERWALL,OASIS,97,LW:RE,2,87,2023-10-27,2023,2020,10
32812,DIE FOR YOU,WEEKND,100,LW:RE,3,46,2023-10-27,2023,2020,10
929,THRILLER,MICHAEL JACKSON,20,LW:RE,10,59,2023-11-03,2023,2020,11
27975,GHOSTBUSTERS,RAY PARKER JR,21,LW:RE,2,46,2023-11-03,2023,2020,11
27977,MONSTER MASH,BOBBY BORIS PICKETT,29,LW:RE,29,12,2023-11-03,2023,2020,11
20397,TEENAGE DIRTBAG,WHEATUS,38,LW:RE,2,40,2023-11-03,2023,2020,11
35974,SPOOKY SCARY SKELETONS,ANDREW GOLD,55,LW:RE,55,2,2023-11-03,2023,2020,11
12253,ZOMBIE,CRANBERRIES,81,LW:RE,45,7,2023-11-03,2023,2020,11
34368,BLINDING LIGHTS,WEEKND,84,LW:RE,1,147,2023-11-03,2023,2020,11
34203,CRUEL SUMMER,TAYLOR SWIFT,7,LW:RE,2,21,2023-11-10,2023,2020,11
36312,SEVEN,JUNG KOOK FT LATTO,35,LW:RE,3,11,2023-11-10,2023,2020,11
28036,LAST CHRISTMAS,WHAM,37,LW:RE,1,89,2023-11-10,2023,2020,11
12556,ALL I WANT FOR CHRISTMAS IS YOU,MARIAH CAREY,40,LW:RE,1,124,2023-11-10,2023,2020,11
36429,BRILLIANT MIND,BLANCO,66,LW:RE,66,2,2023-11-10,2023,2020,11
33023,THE NIGHT WE MET,LORD HURON,75,LW:RE,75,6,2023-11-10,2023,2020,11
36421,AMERICAN TOWN,ED SHEERAN,78,LW:RE,27,4,2023-11-10,2023,2020,11
2546,TAKE ON ME,A-HA,85,LW:RE,2,20,2023-11-10,2023,2020,11
29171,GO YOUR OWN WAY,FLEETWOOD MAC,87,LW:RE,38,14,2023-11-10,2023,2020,11
29892,SOMEONE LIKE YOU,ADELE,92,LW:RE,1,86,2023-11-10,2023,2020,11
35927,I'M GOOD (BLUE),DAVID GUETTA & BEBE REXHA,100,LW:RE,1,56,2023-11-10,2023,2020,11
36460,SENSATIONAL,CHRIS BROWN FT DAVIDO & LOJAY,45,LW:RE,45,2,2023-11-17,2023,2020,11
36238,SAY YES TO HEAVEN,LANA DEL REY,64,LW:RE,9,10,2023-11-17,2023,2020,11
28089,ROCKIN' AROUND THE CHRISTMAS TE,BRENDA LEE,65,LW:RE,4,67,2023-11-17,2023,2020,11
30386,IT'S BEGINNING TO LOOK A LOT LIKE,MICHAEL BUBLE,68,LW:RE,6,54,2023-11-17,2023,2020,11
32002,SANTA TELL ME,ARIANA GRANDE,71,LW:RE,11,36,2023-11-17,2023,2020,11
2738,MERRY CHRISTMAS EVERYONE,SHAKIN' STEVENS,82,LW:RE,1,91,2023-11-17,2023,2020,11
32838,JINGLE BELL ROCK,BOBBY HELMS,84,LW:RE,7,28,2023-11-17,2023,2020,11
26511,FAIRYTALE OF NEW YORK,POGUES FT KIRSTY MACCOLL,86,LW:RE,2,120,2023-11-17,2023,2020,11
31468,UNDERNEATH THE TE,KELLY CLARKSON,90,LW:RE,12,38,2023-11-17,2023,2020,11
29807,RUNAWAY,KANYE WEST FT PUSHA T,34,LW:RE,34,3,2023-11-24,2023,2020,11
28035,IT'S THE MOST WONDERFUL TIME OF THE YEAR,ANDY WILLIAMS,57,LW:RE,9,54,2023-11-24,2023,2020,11
28049,DO THEY KNOW IT'S CHRISTMAS,BAND AID,65,LW:RE,1,100,2023-11-24,2023,2020,11
34956,SNOWMAN,SIA,67,LW:RE,28,13,2023-11-24,2023,2020,11
28066,LET IT SNOW LET IT SNOW LET IT SNOW,DEAN MARTIN,69,LW:RE,20,35,2023-11-24,2023,2020,11
30384,STEP INTO CHRISTMAS,ELTON JOHN,82,LW:RE,8,58,2023-11-24,2023,2020,11
28054,HAPPY XMAS (WAR IS OVER),JOHN & YOKO/PLASTIC ONO BAND,85,LW:RE,18,55,2023-11-24,2023,2020,11
4774,DRIVING HOME FOR CHRISTMAS,CHRIS REA,86,LW:RE,10,75,2023-11-24,2023,2020,11
32029,HOLLY JOLLY CHRISTMAS,MICHAEL BUBLE,90,LW:RE,23,31,2023-11-24,2023,2020,11
36351,BAD IDEA RIGHT,OLIVIA RODRIGO,94,LW:RE,3,12,2023-11-24,2023,2020,11
30309,MISTLETOE,JUSTIN BIEBER,98,LW:RE,21,39,2023-11-24,2023,2020,11
35507,MERRY CHRISTMAS,ED SHEERAN & ELTON JOHN,17,LW:RE,1,11,2023-12-01,2023,2020,12
31492,SLEIGH RIDE,RONETTES,51,LW:RE,22,26,2023-12-01,2023,2020,12
28060,WONDERFUL CHRISTMASTIME,PAUL MCCARTNEY,52,LW:RE,6,50,2023-12-01,2023,2020,12
28041,I WISH IT COULD BE CHRISTMAS EVERYDAY,WIZZARD,55,LW:RE,10,75,2023-12-01,2023,2020,12
31463,ONE MO SLEEP,LEONA LEWIS,58,LW:RE,3,40,2023-12-01,2023,2020,12
32841,FELIZ NAVIDAD,JOSE FELICIANO,60,LW:RE,21,21,2023-12-01,2023,2020,12
36431,IDGAF,DRAKE FT YEAT,61,LW:RE,5,7,2023-12-01,2023,2020,12
72,MERRY XMAS EVERYBODY,SLADE,70,LW:RE,1,115,2023-12-01,2023,2020,12
32839,CHRISTMAS (BABY PLEASE COME HOME),DARLENE LOVE,76,LW:RE,22,24,2023-12-01,2023,2020,12
36438,HEY DJ,JOEL CORRY,81,LW:RE,59,6,2023-12-01,2023,2020,12
32843,LET IT SNOW LET IT SNOW LET IT SNOW,FRANK SINATRA,84,LW:RE,33,18,2023-12-01,2023,2020,12
36420,3D,JUNG KOOK FT JACK HARLOW,89,LW:RE,5,8,2023-12-01,2023,2020,12
9115,THE CHRISTMAS SONG,NAT KING COLE,94,LW:RE,35,23,2023-12-01,2023,2020,12
33314,SANTA CLAUS IS COMING TO TOWN,MICHAEL JACKSON & JACKSON FIVE,95,LW:RE,30,20,2023-12-01,2023,2020,12
29234,CHRISTMAS LIGHTS,COLDPLAY,99,LW:RE,13,44,2023-12-01,2023,2020,12
35503,SANTA CAN'T YOU HEAR ME,KELLY CLARKSON & ARIANA GRANDE,23,LW:RE,23,11,2023-12-08,2023,2020,12
36017,A HOLLY JOLLY CHRISTMAS,BURL IVES,61,LW:RE,42,5,2023-12-08,2023,2020,12
16743,WHITE CHRISTMAS,BING CROSBY,67,LW:RE,5,49,2023-12-08,2023,2020,12
28076,STOP THE CAVALRY,JONA LEWIE,68,LW:RE,3,37,2023-12-08,2023,2020,12
13955,2000 MILES,PRETENDERS,70,LW:RE,15,35,2023-12-08,2023,2020,12
32840,BLUE CHRISTMAS,ELVIS PRESLEY,73,LW:RE,11,22,2023-12-08,2023,2020,12
34960,WHAT CHRISTMAS MEANS TO ME,STEVIE WONDER,75,LW:RE,72,4,2023-12-08,2023,2020,12
28075,IT'S BEGINNING TO LOOK A LOT LIKE,PERRY COMO,76,LW:RE,47,23,2023-12-08,2023,2020,12
33300,SANTA'S COMING FOR US,SIA,80,LW:RE,17,19,2023-12-08,2023,2020,12
32458,LONELY THIS CHRISTMAS,MUD,81,LW:RE,1,33,2023-12-08,2023,2020,12
35497,COME ON HOME FOR CHRISTMAS,GEORGE EZRA,82,LW:RE,8,8,2023-12-08,2023,2020,12
28062,MARY'S BOY CHILD/OH MY LORD,BONEY M,86,LW:RE,26,32,2023-12-08,2023,2020,12
35523,MY ONLY WISH (THIS YEAR),BRITNEY SPEARS,89,LW:RE,68,6,2023-12-08,2023,2020,12
33834,RUN RUDOLPH RUN,CHUCK BERRY,90,LW:RE,62,10,2023-12-08,2023,2020,12
36027,LITTLE SAINT NICK,BEACH BOYS,91,LW:RE,57,3,2023-12-08,2023,2020,12
33644,BABY SHARK,PINKFONG,95,LW:RE,6,74,2023-12-08,2023,2020,12
35522,CHRISTMAS (BABY PLEASE COME HOME),MARIAH CAREY,96,LW:RE,87,3,2023-12-08,2023,2020,12
28078,SANTA CLAUS IS COMIN' TO TOWN,BRUCE SPRINGSTEEN,97,LW:RE,48,12,2023-12-08,2023,2020,12
12530,STAY ANOTHER DAY,EAST 17,99,LW:RE,1,54,2023-12-08,2023,2020,12
30400,SANTA CLAUS IS COMING TO TOWN,MICHAEL BUBLE,100,LW:RE,77,7,2023-12-08,2023,2020,12
36499,ONE OF THE GIRLS,WEEKND/JENNIE/LILY ROSE DEPP,60,LW:RE,60,4,2023-12-15,2023,2020,12
28079,SANTA BABY,EARTHA KITT,83,LW:RE,55,18,2023-12-15,2023,2020,12
36505,FEATHER,SABRINA CARPENTER,85,LW:RE,85,3,2023-12-15,2023,2020,12
36444,TEN,FRED AGAIN & JOZZY,98,LW:RE,16,8,2023-12-15,2023,2020,12
36105,EVERGEN,RICHY MITCH & THE COAL MINERS,100,LW:RE,60,13,2023-12-15,2023,2020,12
12530,STAY ANOTHER DAY,EAST 17,75,LW:RE,1,55,2023-12-22,2023,2020,12
35522,CHRISTMAS (BABY PLEASE COME HOME),MARIAH CAREY,80,LW:RE,80,4,2023-12-22,2023,2020,12
28081,SANTA BABY,KYLIE MINOGUE,85,LW:RE,31,32,2023-12-22,2023,2020,12
33313,CAROL OF THE BELLS,JOHN WILLIAMS,91,LW:RE,91,3,2023-12-22,2023,2020,12
35526,JINGLE BELL ROCK,DARYL HALL & JOHN OATES,96,LW:RE,80,2,2023-12-22,2023,2020,12
4687,MISTLETOE AND WINE,CLIFF RICHARD,99,LW:RE,1,21,2023-12-22,2023,2020,12
34377,CHRISTMAS TE FARM,TAYLOR SWIFT,46,LW:RE,44,10,2023-12-29,2024,2020,12
32844,CHRISTMAS WRAPPING,WAITRESSES,62,LW:RE,45,15,2023-12-29,2024,2020,12
33300,SANTA'S COMING FOR US,SIA,66,LW:RE,17,20,2023-12-29,2024,2020,12
36031,DECK THE HALLS,NAT KING COLE,67,LW:RE,67,2,2023-12-29,2024,2020,12
28088,PLEASE COME HOME FOR CHRISTMAS,EAGLES,68,LW:RE,30,7,2023-12-29,2024,2020,12
33822,COZY LITTLE CHRISTMAS,KATY PERRY,70,LW:RE,22,15,2023-12-29,2024,2020,12
1866,THANK GOD IT'S CHRISTMAS,QUEEN,76,LW:RE,76,4,2023-12-29,2024,2020,12
30400,SANTA CLAUS IS COMING TO TOWN,MICHAEL BUBLE,77,LW:RE,77,8,2023-12-29,2024,2020,12
36512,A NONSENSE CHRISTMAS,SABRINA CARPENTER,78,LW:RE,78,2,2023-12-29,2024,2020,12
33312,YOU MAKE IT FEEL LIKE CHRISTMAS,GWEN STEFANI FT BLAKE SHELTON,79,LW:RE,71,6,2023-12-29,2024,2020,12
32015,HAVE YOURSELF A MERRY LITTLE CHRISTMAS,SAM SMITH,85,LW:RE,53,13,2023-12-29,2024,2020,12
35530,KISS ME IT'S CHRISTMAS,LEONA LEWIS FT NE-YO,87,LW:RE,87,2,2023-12-29,2024,2020,12
33838,HAVE YOURSELF A MERRY LITTLE CHRISTMAS,FRANK SINATRA,88,LW:RE,67,5,2023-12-29,2024,2020,12
36013,TOGETHER THIS CHRISTMAS,MAISIE PETERS,90,LW:RE,47,5,2023-12-29,2024,2020,12
34387,LIKE IT'S CHRISTMAS,JONAS BROTHERS,91,LW:RE,53,6,2023-12-29,2024,2020,12
24076,CHRISTMAS TIME (DON'T LET THE BELLS END),DARKNESS,92,LW:RE,2,36,2023-12-29,2024,2020,12
32017,BABY IT'S COLD OUTSIDE,IDINA MENZEL FT MICHAEL BUBLE,94,LW:RE,39,9,2023-12-29,2024,2020,12
36531,WHEN A CHILD IS BORN,JOHNNY MATHIS,97,LW:RE,1,13,2023-12-29,2024,2020,12
36533,MURDER ON THE DANCEFLOOR,SOPHIE ELLIS-BEXTOR,8,LW:RE,2,17,2024-01-05,2024,2020,1
36405,MY LOVE MINE ALL MINE,MITSKI,12,LW:RE,8,15,2024-01-05,2024,2020,1
36324,ASKING,SONNY FODERA/MK/DOUGLAS,13,LW:RE,7,22,2024-01-05,2024,2020,1
36388,LIL BOO THANG,PAUL RUSSELL,20,LW:RE,20,17,2024-01-05,2024,2020,1
36499,ONE OF THE GIRLS,WEEKND/JENNIE/LILY ROSE DEPP,21,LW:RE,21,6,2024-01-05,2024,2020,1
36298,VAMPI,OLIVIA RODRIGO,22,LW:RE,1,26,2024-01-05,2024,2020,1
36505,FEATHER,SABRINA CARPENTER,24,LW:RE,24,5,2024-01-05,2024,2020,1
36346,PAINT THE TOWN D,DOJA CAT,25,LW:RE,1,21,2024-01-05,2024,2020,1
36518,EVERYBODY,NICKI MINAJ FT LIL UZI VERT,26,LW:RE,26,3,2024-01-05,2024,2020,1
36256,SPRINTER,DAVE & CENTRAL CEE,27,LW:RE,1,30,2024-01-05,2024,2020,1
36488,NORTHERN ATTITUDE,NOAH KAHAN,28,LW:RE,16,7,2024-01-05,2024,2020,1
36412,AGORA HILLS,DOJA CAT,29,LW:RE,23,13,2024-01-05,2024,2020,1
36521,PINK FRIDAY GIRLS,NICKI MINAJ,30,LW:RE,30,3,2024-01-05,2024,2020,1
24702,MR BRIGHTSIDE,KILLERS,31,LW:RE,10,391,2024-01-05,2024,2020,1
36251,DANCE THE NIGHT (FROM BARBIE THE ALBUM),DUA LIPA,32,LW:RE,1,28,2024-01-05,2024,2020,1
36050,FLOWERS,MILEY CYRUS,34,LW:RE,1,46,2024-01-05,2024,2020,1
36503,SURROUND SOUND,JID FT 21 SAVAGE & BABY TATE,35,LW:RE,35,6,2024-01-05,2024,2020,1
36507,YOU' LOSING ME,TAYLOR SWIFT,37,LW:RE,20,4,2024-01-05,2024,2020,1
36502,BODY MOVING,ELIZA ROSE & CALVIN HARRIS,38,LW:RE,38,3,2024-01-05,2024,2020,1
36492,ANGEL NUMBERS/TEN TOES,CHRIS BROWN,39,LW:RE,32,7,2024-01-05,2024,2020,1
36524,FTCU,NICKI MINAJ,41,LW:RE,41,2,2024-01-05,2024,2020,1
36479,WON'T FORGET YOU,JAX/DOD/WROLDSEN/BLACKOUT CR,42,LW:RE,28,6,2024-01-05,2024,2020,1
36341,BADDADAN,CHASE & STATUS/BOU/FLOWDAN,43,LW:RE,5,22,2024-01-05,2024,2020,1
36317,DISCONNECT,BECKY HILL/CHASE & STATUS,44,LW:RE,6,23,2024-01-05,2024,2020,1
36515,STOP GIVING ME ADVICE,LYRICAL LEMONADE/DAVE/HARLOW,45,LW:RE,29,3,2024-01-05,2024,2020,1
33644,BABY SHARK,PINKFONG,47,LW:RE,6,76,2024-01-05,2024,2020,1
36259,POPULAR,WEEKND/PLAYBOI CARTI/MADONNA,48,LW:RE,11,24,2024-01-05,2024,2020,1
35891,CALM DOWN,REMA,49,LW:RE,3,67,2024-01-05,2024,2020,1
36105,EVERGEN,RICHY MITCH & THE COAL MINERS,50,LW:RE,50,14,2024-01-05,2024,2020,1
36361,ADO U,FRED AGAIN,51,LW:RE,4,17,2024-01-05,2024,2020,1
36437,ME & U,TEMS,52,LW:RE,34,11,2024-01-05,2024,2020,1
36445,ONE OF YOUR GIRLS,TROYE SIVAN,53,LW:RE,11,11,2024-01-05,2024,2020,1
36313,WHAT WAS I MADE FOR,BILLIE EILISH,54,LW:RE,1,21,2024-01-05,2024,2020,1
36416,WOULD YOU (GO TO BED WITH ME),CAMPBELL & ALCEMIST,55,LW:RE,29,16,2024-01-05,2024,2020,1
36477,STANDING NEXT TO YOU,JUNG KOOK,56,LW:RE,6,8,2024-01-05,2024,2020,1
35670,AS IT WAS,HARRY STYLES,57,LW:RE,1,87,2024-01-05,2024,2020,1
35996,ESCAPISM,RAYE FT 070 SHAKE,58,LW:RE,1,55,2024-01-05,2024,2020,1
36410,BLACK FRIDAY,TOM ODELL,59,LW:RE,21,11,2024-01-05,2024,2020,1
36122,MIRACLE,CALVIN HARRIS/ELLIE GOULDING,60,LW:RE,1,38,2024-01-05,2024,2020,1
36277,(IT GOES LIKE) NANANA,PEGGY GOU,61,LW:RE,5,24,2024-01-05,2024,2020,1
36489,MURDASIDE,MAZZA L20,62,LW:RE,18,7,2024-01-05,2024,2020,1
36181,DAYLIGHT,DAVID KUSHNER,64,LW:RE,2,34,2024-01-05,2024,2020,1
36498,YOU' GONNA GO FAR,NOAH KAHAN,65,LW:RE,65,3,2024-01-05,2024,2020,1
5027,EVERYWHE,FLEETWOOD MAC,66,LW:RE,4,52,2024-01-05,2024,2020,1
33791,SOMEONE YOU LOVED,LEWIS CAPALDI,67,LW:RE,1,218,2024-01-05,2024,2020,1
36494,WHEN WE WE YOUNG (THE LOGICAL SONG),DAVID GUETTA & KIM PETRAS,68,LW:RE,51,4,2024-01-05,2024,2020,1
31480,RIPTIDE,VANCE JOY,69,LW:RE,10,128,2024-01-05,2024,2020,1
36444,TEN,FRED AGAIN & JOZZY,70,LW:RE,16,9,2024-01-05,2024,2020,1
30458,I WANNA DANCE WITH SOMEBODY,WHITNEY HOUSTON,72,LW:RE,1,24,2024-01-05,2024,2020,1
36430,FIRST PERSON SHOOTER,DRAKE FT J COLE,73,LW:RE,4,9,2024-01-05,2024,2020,1
36188,GIVING ME,JAZZY,74,LW:RE,3,32,2024-01-05,2024,2020,1
2546,TAKE ON ME,A-HA,75,LW:RE,2,21,2024-01-05,2024,2020,1
36491,SELECTA,CHASE & STATUS FT STEFFLON DON,76,LW:RE,27,4,2024-01-05,2024,2020,1
34974,SAVE YOUR TEARS,WEEKND,77,LW:RE,2,108,2024-01-05,2024,2020,1
17552,IRIS,GOO GOO DOLLS,79,LW:RE,3,114,2024-01-05,2024,2020,1
31852,TAKE ME TO CHURCH,HOZIER,80,LW:RE,2,102,2024-01-05,2024,2020,1
35927,I'M GOOD (BLUE),DAVID GUETTA & BEBE REXHA,81,LW:RE,1,57,2024-01-05,2024,2020,1
36519,RUN FOR THE HILLS,TATE MCRAE,82,LW:RE,55,3,2024-01-05,2024,2020,1
2106,EVERYBODY WANTS TO RULE THE WORLD,TEARS FOR FEARS,84,LW:RE,72,39,2024-01-05,2024,2020,1
36252,GOOD LOVE,HANNAH LAING & RORO,86,LW:RE,7,26,2024-01-05,2024,2020,1
31073,AIN'T NO MOUNTAIN HIGH ENOUGH,MARVIN GAYE & TAMMI TERRELL,87,LW:RE,80,2,2024-01-05,2024,2020,1
28353,VIVA LA VIDA,COLDPLAY,88,LW:RE,1,115,2024-01-05,2024,2020,1
30290,WE FOUND LOVE,RIHANNA FT CALVIN HARRIS,89,LW:RE,1,63,2024-01-05,2024,2020,1
36473,MONEY ON THE DASH,WHETHAN/ELLEY DUHE,90,LW:RE,63,4,2024-01-05,2024,2020,1
28643,DOG DAYS A OVER,FLORENCE & THE MACHINE,91,LW:RE,21,70,2024-01-05,2024,2020,1
36460,SENSATIONAL,CHRIS BROWN FT DAVIDO & LOJAY,92,LW:RE,45,5,2024-01-05,2024,2020,1
36351,BAD IDEA RIGHT,OLIVIA RODRIGO,93,LW:RE,3,13,2024-01-05,2024,2020,1
35246,BAD HABITS,ED SHEERAN,94,LW:RE,1,114,2024-01-05,2024,2020,1
2437,SUMMER OF '69,BRYAN ADAMS,95,LW:RE,42,16,2024-01-05,2024,2020,1
36471,NOW AND THEN,BEATLES,96,LW:RE,1,9,2024-01-05,2024,2020,1
27319,DON'T STOP ME NOW,QUEEN,97,LW:RE,9,55,2024-01-05,2024,2020,1
33023,THE NIGHT WE MET,LORD HURON,98,LW:RE,75,10,2024-01-05,2024,2020,1
30932,ANOTHER LOVE,TOM ODELL,99,LW:RE,10,120,2024-01-05,2024,2020,1
30103,DAMS,FLEETWOOD MAC,100,LW:RE,24,70,2024-01-05,2024,2020,1
24108,UNWRITTEN,NATASHA BEDINGFIELD,24,LW:RE,6,18,2024-01-12,2024,2020,1
36429,BRILLIANT MIND,BLANCO,92,LW:RE,66,6,2024-01-12,2024,2020,1
36482,COAL,DYLAN GOSSETT,95,LW:RE,93,2,2024-01-12,2024,2020,1
36496,ALL-AMERICAN BITCH,OLIVIA RODRIGO,98,LW:RE,78,2,2024-01-12,2024,2020,1
35907,SOMETHING IN THE ORANGE,ZACH BRYAN,100,LW:RE,70,11,2024-01-12,2024,2020,1
35957,ANTI-HERO,TAYLOR SWIFT,69,LW:RE,1,51,2024-01-19,2024,2020,1
36514,I NEED IT NOW,D-BLOCK EUROPE,78,LW:RE,78,2,2024-01-19,2024,2020,1
36362,INCDIBLE SAUCE,GIGGS FT DAVE,93,LW:RE,77,2,2024-01-19,2024,2020,1
35276,SEVENTEEN GOING UNDER,SAM FENDER,35,LW:RE,3,90,2024-01-26,2024,2020,1
35907,SOMETHING IN THE ORANGE,ZACH BRYAN,94,LW:RE,70,12,2024-01-26,2024,2020,1
28925,WE A THE PEOPLE,EMPIRE OF THE SUN,79,LW:RE,14,22,2024-02-02,2024,2020,2
35996,ESCAPISM,RAYE FT 070 SHAKE,97,LW:RE,1,57,2024-02-02,2024,2020,2
17552,IRIS,GOO GOO DOLLS,83,LW:RE,3,118,2024-02-09,2024,2020,2
36337,FEIN,TRAVIS SCOTT FT PLAYBOI CARTI,86,LW:RE,13,6,2024-02-09,2024,2020,2
5232,FAST CAR,TRACY CHAPMAN,38,LW:RE,4,48,2024-02-16,2024,2020,2
36072,SNOOZE,SZA,96,LW:RE,18,26,2024-02-16,2024,2020,2
36602,COULD YOU BE LOVED,BOB MARLEY & THE WAILERS,51,LW:RE,5,13,2024-02-23,2024,2020,2
36604,THE LITTLE BIRDS,BOB MARLEY & THE WAILERS,56,LW:RE,17,10,2024-02-23,2024,2020,2
36575,HELL'S GATEST DAD,UNDERBERG/HAFT/JORDAN/TALAI,94,LW:RE,94,2,2024-02-23,2024,2020,2
33023,THE NIGHT WE MET,LORD HURON,97,LW:RE,75,16,2024-02-23,2024,2020,2
36584,SHOOTING STAR,JAZZY,98,LW:RE,98,2,2024-02-23,2024,2020,2
29807,RUNAWAY,KANYE WEST FT PUSHA T,48,LW:RE,23,15,2024-03-01,2024,2020,3
35996,ESCAPISM,RAYE FT 070 SHAKE,13,LW:RE,1,58,2024-03-08,2024,2020,3
36595,DANCE ALONE,SIA & KYLIE MINOGUE,86,LW:RE,60,2,2024-03-08,2024,2020,3
36383,BACK ON 74,JUNGLE,43,LW:RE,25,11,2024-03-15,2024,2020,3
17552,IRIS,GOO GOO DOLLS,88,LW:RE,3,122,2024-03-15,2024,2020,3
30103,DAMS,FLEETWOOD MAC,99,LW:RE,24,73,2024-03-15,2024,2020,3
31480,RIPTIDE,VANCE JOY,100,LW:RE,10,137,2024-03-15,2024,2020,3
36595,DANCE ALONE,SIA & KYLIE MINOGUE,82,LW:RE,60,3,2024-03-22,2024,2020,3
28353,VIVA LA VIDA,COLDPLAY,88,LW:RE,1,117,2024-03-22,2024,2020,3
36624,SOLO,MYLES SMITH,97,LW:RE,92,2,2024-03-22,2024,2020,3
36584,SHOOTING STAR,JAZZY,98,LW:RE,98,3,2024-03-22,2024,2020,3
36576,BANDIT,DON TOLIVER,99,LW:RE,63,2,2024-03-22,2024,2020,3
28492,SEX ON FI,KINGS OF LEON,97,LW:RE,1,125,2024-03-29,2024,2020,3
31480,RIPTIDE,VANCE JOY,100,LW:RE,10,138,2024-03-29,2024,2020,3
